CASE_ID,age,income,household_
000044800,55to64,less75k,0
000044814,55to64,75to100k,0
000044851,55to64,less75k,1
000044705,45to54,less75k,0
000044706,45to54,less75k,0
000044717,45to54,75to100k,0
000044732,55to64,less75k,0
000044743,55to64,75to100k,0
000044748,55to64,150kplus,0
000044770,45to54,less75k,0
000044774,45to54,less75k,0
000044783,45to54,150kplus,0
000044790,55to64,less75k,0
000044809,55to64,less75k,0
000044816,55to64,100to150k,0
000044820,55to64,150kplus,0
000035405,25_below,75to100k,0
000035422,25to44,less75k,0
000044727,55to64,less75k,0
000044728,55to64,less75k,0
000044745,55to64,100to150k,0
000044752,65plus,less75k,0
000044764,45to54,less75k,0
000044778,45to54,75to100k,0
000044788,55to64,less75k,0
000044817,55to64,100to150k,0
000044826,65plus,less75k,0
000044829,65plus,75to100k,0
000044830,65plus,100to150k,0
000044856,55to64,75to100k,1
000035457,25to44,less75k,1
000035463,25to44,less75k,1
000035493,25to44,75to100k,1
000044708,45to54,less75k,0
000044714,45to54,less75k,0
000044738,55to64,less75k,0
000044747,55to64,150kplus,0
000044757,45to54,less75k,0
000044768,45to54,less75k,0
000044776,45to54,75to100k,0
000044782,45to54,100to150k,0
000044784,45to54,150kplus,0
000044792,55to64,less75k,0
000044793,55to64,less75k,0
000044806,55to64,less75k,0
000044813,55to64,75to100k,0
000044818,55to64,100to150k,0
000044822,65plus,less75k,0
000044837,45to54,less75k,1
000044858,55to64,100to150k,1
000070018,25to44,less75k,0
000070020,25to44,less75k,0
000070024,25to44,100to150k,0
000070055,65plus,75to100k,0
000070057,65plus,100to150k,0
000070060,25to44,less75k,0
000070063,25to44,100to150k,0
000070070,45to54,less75k,0
000070078,45to54,150kplus,0
000070080,55to64,less75k,0
000070089,65plus,75to100k,0
000070090,65plus,100to150k,0
000070091,65plus,150kplus,0
000070092,25to44,less75k,1
000070096,45to54,less75k,1
000070104,55to64,100to150k,1
000070106,65plus,less75k,1
000070112,25to44,less75k,1
000070120,45to54,less75k,1
000070127,55to64,75to100k,1
000070132,65plus,less75k,1
000070134,65plus,100to150k,1
000070141,45to54,less75k,1
000070144,45to54,less75k,1
000070152,55to64,150kplus,1
000070026,45to54,less75k,0
000070028,45to54,less75k,0
000070029,45to54,less75k,0
000070035,45to54,less75k,0
000070036,45to54,less75k,0
000070039,45to54,75to100k,0
000070041,45to54,100to150k,0
000070042,45to54,100to150k,0
000070046,55to64,75to100k,0
000070049,65plus,less75k,0
000070065,45to54,less75k,0
000070068,45to54,less75k,0
000070071,45to54,less75k,0
000070074,45to54,75to100k,0
000070076,45to54,100to150k,0
000070081,55to64,75to100k,0
000070082,55to64,100to150k,0
000070098,45to54,less75k,1
000070115,25to44,150kplus,1
000070116,45to54,less75k,1
000070118,45to54,less75k,1
000070125,45to54,150kplus,1
000070136,25to44,less75k,1
000070137,25to44,less75k,1
000070138,25to44,75to100k,1
000070142,45to54,less75k,1
000070143,45to54,less75k,1
000070145,45to54,75to100k,1
000070147,45to54,100to150k,1
000070148,45to54,150kplus,1
000070202,45to54,less75k,0
000070226,45to54,less75k,1
000070229,45to54,75to100k,1
000070241,65plus,100to150k,1
000070021,25to44,less75k,0
000070025,25to44,150kplus,0
000070032,45to54,less75k,0
000070033,45to54,less75k,0
000070040,45to54,75to100k,0
000070045,55to64,less75k,0
000070052,65plus,less75k,0
000070056,65plus,75to100k,0
000070066,45to54,less75k,0
000070073,45to54,75to100k,0
000070101,45to54,150kplus,1
000070102,55to64,less75k,1
000070108,65plus,75to100k,1
000070109,65plus,100to150k,1
000070111,25to44,less75k,1
000070113,25to44,75to100k,1
000070119,45to54,less75k,1
000070121,45to54,less75k,1
000070122,45to54,75to100k,1
000070126,55to64,less75k,1
000070129,55to64,150kplus,1
000070130,65plus,less75k,1
000070139,25to44,100to150k,1
000070157,65plus,150kplus,1
000070019,25to44,less75k,0
000070043,45to54,150kplus,0
000070044,55to64,less75k,0
000070048,55to64,150kplus,0
000070050,65plus,less75k,0
000070051,65plus,less75k,0
000070054,65plus,less75k,0
000070061,25to44,less75k,0
000070062,25to44,75to100k,0
000070079,55to64,less75k,0
000070083,55to64,150kplus,0
000070084,65plus,less75k,0
000070093,25to44,75to100k,1
000070095,25to44,150kplus,1
000070100,45to54,100to150k,1
000070105,55to64,150kplus,1
000070110,65plus,150kplus,1
000070114,25to44,100to150k,1
000070117,45to54,less75k,1
000070128,55to64,100to150k,1
000035433,45to54,less75k,0
000035451,25_below,less75k,1
000035504,65plus,less75k,1
000035409,25to44,less75k,0
000035412,25to44,less75k,0
000035435,45to54,less75k,0
000035452,25_below,75to100k,1
000035490,25to44,less75k,1
000035393,25to44,75to100k,1
000035382,25to44,less75k,1
000035389,25to44,less75k,1
000035392,25to44,less75k,1
000035417,25to44,less75k,0
000035455,25to44,less75k,1
000035465,25to44,100to150k,1
000035477,25_below,less75k,1
000035487,25to44,less75k,1
000035506,65plus,100to150k,1
000035404,25_below,less75k,0
000035406,25_below,100to150k,0
000035415,25to44,less75k,0
000035436,45to54,less75k,0
000035443,65plus,less75k,0
000035467,45to54,less75k,1
000035483,25to44,less75k,1
000035413,25to44,less75k,0
000035423,25to44,less75k,0
000035434,45to54,less75k,0
000035454,25to44,less75k,1
000035470,45to54,less75k,1
000035496,45to54,less75k,1
000035505,65plus,75to100k,1
000035379,25to44,less75k,1
000035381,25to44,less75k,1
000035383,25to44,75to100k,1
000035388,45to54,75to100k,1
000035394,45to54,less75k,1
000035397,45to54,less75k,1
000035384,45to54,less75k,1
000035390,25to44,less75k,1
000035391,25to44,less75k,1
000035400,25_below,less75k,0
000035416,25to44,less75k,0
000035447,65plus,75to100k,0
000035480,25_below,75to100k,1
000035486,25to44,less75k,1
000035380,25to44,less75k,1
000035387,45to54,less75k,1
000035395,45to54,less75k,1
000035396,45to54,less75k,1
000035398,45to54,75to100k,1
000035285,45to54,less75k,0
000035287,45to54,less75k,0
000035299,65plus,less75k,0
000035301,65plus,less75k,0
000035308,25to44,75to100k,0
000035313,45to54,less75k,0
000035318,65plus,less75k,0
000035321,25to44,less75k,1
000035323,25to44,75to100k,1
000035360,45to54,less75k,1
000035366,45to54,75to100k,1
000035373,65plus,less75k,1
000035279,25to44,less75k,0
000035292,45to54,less75k,0
000035309,25to44,100to150k,0
000035328,45to54,less75k,1
000035332,65plus,less75k,1
000035333,65plus,75to100k,1
000035347,45to54,less75k,1
000035348,45to54,less75k,1
000035354,45to54,less75k,1
000035356,45to54,less75k,1
000035377,65plus,75to100k,1
000035300,65plus,less75k,0
000035307,25to44,less75k,0
000035315,45to54,75to100k,0
000035317,65plus,less75k,0
000035334,65plus,100to150k,1
000035346,45to54,less75k,1
000035358,45to54,less75k,1
000035365,45to54,less75k,1
000035370,65plus,less75k,1
000035375,65plus,less75k,1
000035282,25to44,75to100k,0
000035293,45to54,less75k,0
000035295,45to54,less75k,0
000035297,45to54,75to100k,0
000035303,65plus,less75k,0
000035306,25to44,less75k,0
000035311,45to54,less75k,0
000035312,45to54,less75k,0
000035326,45to54,less75k,1
000035329,45to54,75to100k,1
000035342,25to44,less75k,1
000035345,45to54,less75k,1
000035351,45to54,less75k,1
000035353,45to54,less75k,1
000035357,45to54,less75k,1
000035364,45to54,less75k,1
000035376,65plus,less75k,1
000064978,65plus,100to150k,0
000065055,55to64,75to100k,0
000065060,55to64,100to150k,0
000065115,25to44,100to150k,1
000064916,25to44,less75k,0
000065036,55to64,less75k,0
000065244,25to44,100to150k,1
000018958,25to44,150kplus,0
000019102,65plus,less75k,0
000054487,45to54,less75k,1
000028503,45to54,less75k,0
000028520,45to54,less75k,0
000028537,45to54,100to150k,0
000028546,45to54,100to150k,0
000028704,65plus,75to100k,1
000044996,55to64,less75k,0
000045190,25to44,less75k,1
000012746,25to44,less75k,0
000012747,25to44,less75k,0
000012749,25to44,less75k,0
000012751,25to44,less75k,0
000012753,25to44,less75k,0
000012755,25to44,less75k,0
000012759,25to44,less75k,0
000012760,25to44,less75k,0
000012763,25to44,less75k,0
000012764,25to44,less75k,0
000012767,25to44,less75k,0
000012768,25to44,75to100k,0
000012769,25to44,75to100k,0
000012770,25to44,75to100k,0
000012772,25to44,75to100k,0
000012773,25to44,75to100k,0
000012788,25to44,100to150k,0
000012790,25to44,100to150k,0
000012791,25to44,100to150k,0
000012794,25to44,150kplus,0
000012796,25to44,150kplus,0
000012797,25to44,150kplus,0
000012802,45to54,less75k,0
000012804,45to54,less75k,0
000012811,45to54,less75k,0
000012815,45to54,75to100k,0
000012816,45to54,75to100k,0
000012817,45to54,75to100k,0
000012819,45to54,75to100k,0
000012820,45to54,75to100k,0
000012821,45to54,100to150k,0
000012824,45to54,100to150k,0
000012827,45to54,100to150k,0
000012830,45to54,150kplus,0
000012833,55to64,less75k,0
000012835,55to64,less75k,0
000012836,55to64,less75k,0
000012837,55to64,less75k,0
000012838,55to64,less75k,0
000012840,55to64,less75k,0
000012841,55to64,less75k,0
000012848,55to64,75to100k,0
000012849,55to64,100to150k,0
000012853,55to64,100to150k,0
000012856,55to64,150kplus,0
000012860,65plus,less75k,0
000012861,65plus,less75k,0
000012862,65plus,less75k,0
000012863,65plus,less75k,0
000012867,65plus,less75k,0
000012871,65plus,less75k,0
000012872,65plus,less75k,0
000012874,65plus,less75k,0
000012879,65plus,less75k,0
000012882,65plus,75to100k,0
000012883,65plus,75to100k,0
000012886,65plus,75to100k,0
000012887,65plus,75to100k,0
000012890,65plus,75to100k,0
000012891,65plus,75to100k,0
000012892,65plus,75to100k,0
000012893,65plus,75to100k,0
000012895,65plus,75to100k,0
000012900,65plus,100to150k,0
000012902,65plus,100to150k,0
000012904,65plus,100to150k,0
000012906,65plus,100to150k,0
000012914,65plus,150kplus,0
000012920,25to44,less75k,0
000012921,25to44,less75k,0
000012923,25to44,less75k,0
000012924,25to44,less75k,0
000012926,25to44,less75k,0
000012931,25to44,less75k,0
000012932,25to44,less75k,0
000012933,25to44,75to100k,0
000012936,25to44,75to100k,0
000012938,25to44,75to100k,0
000012940,25to44,75to100k,0
000012942,25to44,75to100k,0
000012944,25to44,100to150k,0
000012946,25to44,100to150k,0
000012947,25to44,100to150k,0
000012950,25to44,100to150k,0
000012951,25to44,100to150k,0
000012952,25to44,100to150k,0
000012955,25to44,150kplus,0
000012962,45to54,less75k,0
000012963,45to54,less75k,0
000012964,45to54,less75k,0
000012969,45to54,75to100k,0
000012973,45to54,75to100k,0
000012975,45to54,100to150k,0
000012976,45to54,100to150k,0
000012981,45to54,150kplus,0
000012982,45to54,150kplus,0
000012991,55to64,less75k,0
000012993,55to64,75to100k,0
000012994,55to64,75to100k,0
000012996,55to64,75to100k,0
000012999,55to64,100to150k,0
000013000,55to64,100to150k,0
000013003,55to64,150kplus,0
000013004,65plus,less75k,0
000013006,65plus,less75k,0
000013008,65plus,less75k,0
000013010,65plus,less75k,0
000013012,65plus,less75k,0
000013016,65plus,less75k,0
000013022,65plus,less75k,0
000013025,65plus,75to100k,0
000013028,65plus,75to100k,0
000013029,65plus,75to100k,0
000013032,65plus,75to100k,0
000013033,65plus,75to100k,0
000013035,65plus,100to150k,0
000013037,65plus,100to150k,0
000013038,65plus,100to150k,0
000013040,65plus,100to150k,0
000013041,65plus,100to150k,0
000013042,65plus,100to150k,0
000013052,25to44,less75k,1
000013054,25to44,less75k,1
000013056,25to44,less75k,1
000013057,25to44,less75k,1
000013058,25to44,75to100k,1
000013060,25to44,75to100k,1
000013061,25to44,75to100k,1
000013062,25to44,75to100k,1
000013063,25to44,100to150k,1
000013064,25to44,100to150k,1
000013068,25to44,150kplus,1
000013069,25to44,150kplus,1
000013076,45to54,75to100k,1
000013080,45to54,100to150k,1
000013081,45to54,150kplus,1
000013085,55to64,less75k,1
000013090,55to64,100to150k,1
000013092,55to64,150kplus,1
000013095,65plus,less75k,1
000013099,65plus,less75k,1
000013100,65plus,less75k,1
000013101,65plus,less75k,1
000013102,65plus,75to100k,1
000013103,65plus,75to100k,1
000013104,65plus,75to100k,1
000013105,65plus,75to100k,1
000013107,65plus,100to150k,1
000013108,65plus,100to150k,1
000013112,65plus,150kplus,1
000013121,25to44,75to100k,1
000013134,45to54,less75k,1
000013136,45to54,less75k,1
000013138,45to54,75to100k,1
000013140,45to54,100to150k,1
000013143,45to54,150kplus,1
000013145,55to64,less75k,1
000013147,55to64,less75k,1
000013149,55to64,75to100k,1
000013151,55to64,100to150k,1
000013152,55to64,150kplus,1
000013153,65plus,less75k,1
000013154,65plus,less75k,1
000013158,65plus,less75k,1
000013159,65plus,less75k,1
000013162,65plus,75to100k,1
000013163,65plus,75to100k,1
000013166,65plus,100to150k,1
000013167,65plus,100to150k,1
000013168,65plus,100to150k,1
000013171,65plus,150kplus,1
000013177,25to44,75to100k,1
000013180,25to44,150kplus,1
000013182,45to54,less75k,1
000013184,45to54,100to150k,1
000013188,55to64,100to150k,1
000013190,65plus,less75k,1
000013194,65plus,75to100k,1
000013196,65plus,100to150k,1
000013198,25to44,less75k,1
000013199,25to44,less75k,1
000013200,25to44,75to100k,1
000013202,25to44,100to150k,1
000013204,45to54,less75k,1
000013205,45to54,less75k,1
000013206,45to54,75to100k,1
000013210,55to64,75to100k,1
000013216,65plus,75to100k,1
000013219,65plus,150kplus,1
000030223,55to64,less75k,0
000030411,25to44,150kplus,0
000030516,65plus,less75k,0
000030534,65plus,less75k,0
000004523,25to44,150kplus,0
000004529,45to54,less75k,0
000004532,45to54,less75k,0
000004540,45to54,75to100k,0
000004545,45to54,100to150k,0
000004546,45to54,100to150k,0
000004547,45to54,150kplus,0
000004553,45to54,150kplus,0
000004557,55to64,less75k,0
000004559,55to64,less75k,0
000004560,55to64,less75k,0
000004567,55to64,75to100k,0
000004568,55to64,75to100k,0
000004580,55to64,150kplus,0
000004582,65plus,less75k,0
000004583,65plus,less75k,0
000004586,65plus,less75k,0
000004589,65plus,75to100k,0
000004593,65plus,100to150k,0
000004598,65plus,150kplus,0
000004601,65plus,150kplus,0
000004611,25to44,less75k,0
000004613,25to44,75to100k,0
000004617,25to44,75to100k,0
000004622,25to44,100to150k,0
000004625,25to44,150kplus,0
000004633,25to44,150kplus,0
000004640,45to54,less75k,0
000004641,45to54,less75k,0
000004654,45to54,less75k,0
000004657,45to54,less75k,0
000004661,45to54,less75k,0
000004662,45to54,less75k,0
000004677,45to54,75to100k,0
000004684,45to54,75to100k,0
000004688,45to54,75to100k,0
000004690,45to54,75to100k,0
000004695,45to54,100to150k,0
000004700,45to54,100to150k,0
000004701,45to54,100to150k,0
000004704,45to54,100to150k,0
000004713,45to54,100to150k,0
000004717,45to54,100to150k,0
000004719,45to54,150kplus,0
000004721,45to54,150kplus,0
000004725,45to54,150kplus,0
000004729,45to54,150kplus,0
000004731,45to54,150kplus,0
000004736,45to54,150kplus,0
000004744,45to54,150kplus,0
000004746,45to54,150kplus,0
000004754,45to54,150kplus,0
000004755,45to54,150kplus,0
000004757,55to64,less75k,0
000004758,55to64,less75k,0
000004762,55to64,less75k,0
000004766,55to64,less75k,0
000004768,55to64,less75k,0
000004775,55to64,less75k,0
000004777,55to64,less75k,0
000004780,55to64,less75k,0
000004789,55to64,75to100k,0
000004793,55to64,75to100k,0
000004800,55to64,75to100k,0
000004803,55to64,100to150k,0
000004806,55to64,100to150k,0
000004812,55to64,100to150k,0
000004819,55to64,150kplus,0
000004823,55to64,150kplus,0
000004827,55to64,150kplus,0
000004833,55to64,150kplus,0
000004842,55to64,150kplus,0
000004844,55to64,150kplus,0
000004846,55to64,150kplus,0
000004856,65plus,less75k,0
000004861,65plus,less75k,0
000004862,65plus,less75k,0
000004872,65plus,75to100k,0
000004873,65plus,75to100k,0
000004875,65plus,75to100k,0
000004876,65plus,75to100k,0
000004882,65plus,75to100k,0
000004886,65plus,75to100k,0
000004891,65plus,100to150k,0
000004895,65plus,100to150k,0
000004897,65plus,100to150k,0
000004898,65plus,100to150k,0
000004899,65plus,100to150k,0
000004901,65plus,100to150k,0
000004908,65plus,150kplus,0
000004911,65plus,150kplus,0
000004917,65plus,150kplus,0
000004922,65plus,150kplus,0
000004926,65plus,150kplus,0
000004928,65plus,150kplus,0
000004936,25to44,75to100k,1
000004943,25to44,150kplus,1
000004947,45to54,less75k,1
000004949,45to54,less75k,1
000004950,45to54,less75k,1
000004954,45to54,less75k,1
000004962,45to54,75to100k,1
000004964,45to54,75to100k,1
000004966,45to54,75to100k,1
000004968,45to54,100to150k,1
000004979,45to54,150kplus,1
000004981,45to54,150kplus,1
000004982,45to54,150kplus,1
000004983,45to54,150kplus,1
000004985,45to54,150kplus,1
000004987,45to54,150kplus,1
000004989,45to54,150kplus,1
000004990,45to54,150kplus,1
000004993,55to64,less75k,1
000004997,55to64,less75k,1
000004999,55to64,less75k,1
000005010,55to64,100to150k,1
000005013,55to64,100to150k,1
000005019,55to64,150kplus,1
000005026,55to64,150kplus,1
000005030,65plus,less75k,1
000005032,65plus,less75k,1
000005038,65plus,75to100k,1
000005046,65plus,100to150k,1
000005047,65plus,100to150k,1
000005051,65plus,150kplus,1
000005062,25to44,75to100k,1
000005064,25to44,100to150k,1
000005072,45to54,less75k,1
000005073,45to54,less75k,1
000005076,45to54,75to100k,1
000005081,45to54,100to150k,1
000005082,45to54,100to150k,1
000005084,45to54,100to150k,1
000005086,45to54,150kplus,1
000005093,55to64,less75k,1
000005095,55to64,less75k,1
000005097,55to64,less75k,1
000005099,55to64,75to100k,1
000005101,55to64,75to100k,1
000005104,55to64,100to150k,1
000005106,55to64,100to150k,1
000005108,55to64,150kplus,1
000005111,55to64,150kplus,1
000005113,65plus,less75k,1
000005114,65plus,less75k,1
000005115,65plus,less75k,1
000005117,65plus,less75k,1
000005121,65plus,75to100k,1
000005122,65plus,100to150k,1
000005126,65plus,150kplus,1
000005131,65plus,150kplus,1
000005147,65plus,150kplus,1
000070158,45to54,less75k,0
000070179,55to64,less75k,0
000070209,55to64,less75k,0
000028829,55to64,less75k,0
000028835,55to64,less75k,0
000051908,25to44,75to100k,0
000052084,55to64,less75k,0
000028906,25to44,100to150k,0
000028907,25to44,100to150k,0
000028916,25to44,150kplus,0
000028945,45to54,100to150k,0
000029031,65plus,less75k,0
000029032,65plus,less75k,0
000029043,65plus,less75k,0
000029057,65plus,75to100k,0
000029077,65plus,100to150k,0
000029078,65plus,100to150k,0
000029092,65plus,150kplus,0
000029096,65plus,150kplus,0
000029109,25to44,less75k,0
000029140,25to44,100to150k,0
000029150,25to44,150kplus,0
000029167,45to54,less75k,0
000029169,45to54,less75k,0
000029184,45to54,75to100k,0
000029222,55to64,less75k,0
000029291,65plus,less75k,0
000029306,65plus,less75k,0
000029320,65plus,less75k,0
000029330,65plus,75to100k,0
000029382,65plus,150kplus,0
000029405,45to54,less75k,1
000029455,65plus,75to100k,1
000029478,25to44,75to100k,1
000029518,55to64,less75k,1
000029591,65plus,less75k,1
000075252,45to54,less75k,0
000075293,65plus,100to150k,0
000075397,45to54,150kplus,1
000075398,55to64,less75k,1
000058743,25to44,75to100k,0
000058755,25to44,150kplus,0
000058761,45to54,less75k,0
000058781,45to54,75to100k,0
000058787,45to54,100to150k,0
000058800,45to54,150kplus,0
000058824,55to64,less75k,0
000058841,55to64,150kplus,0
000058856,65plus,less75k,0
000058902,25to44,75to100k,0
000058919,25to44,150kplus,0
000058944,45to54,less75k,0
000059032,55to64,75to100k,0
000059037,55to64,100to150k,0
000059040,55to64,100to150k,0
000059052,55to64,150kplus,0
000059053,55to64,150kplus,0
000059103,65plus,150kplus,0
000059110,65plus,150kplus,0
000059118,25to44,less75k,1
000059122,25to44,less75k,1
000059175,45to54,150kplus,1
000059210,55to64,150kplus,1
000059278,45to54,less75k,1
000059295,45to54,100to150k,1
000059305,45to54,150kplus,1
000059322,55to64,75to100k,1
000059339,65plus,less75k,1
000059351,65plus,75to100k,1
000059386,45to54,less75k,1
000059398,55to64,less75k,1
000059437,55to64,less75k,1
000040368,65plus,less75k,1
000040422,55to64,75to100k,1
000017447,25to44,less75k,0
000017798,45to54,100to150k,1
000042524,65plus,75to100k,1
000008505,25to44,less75k,0
000008532,45to54,less75k,0
000008549,45to54,150kplus,0
000008555,55to64,less75k,0
000008571,65plus,less75k,0
000008589,65plus,150kplus,0
000008605,25to44,less75k,0
000008611,25to44,75to100k,0
000008629,45to54,less75k,0
000008647,45to54,75to100k,0
000008652,45to54,75to100k,0
000008683,65plus,less75k,0
000008720,65plus,150kplus,0
000008734,25to44,150kplus,1
000008739,45to54,less75k,1
000008758,65plus,less75k,1
000008779,25to44,150kplus,1
000008792,45to54,150kplus,1
000008798,55to64,75to100k,1
000016937,45to54,75to100k,0
000008541,45to54,100to150k,0
000044309,45to54,100to150k,0
000010383,25to44,100to150k,0
000010668,65plus,150kplus,1
000010719,55to64,150kplus,1
000057784,65plus,less75k,0
000057821,65plus,100to150k,0
000057974,45to54,100to150k,0
000058301,55to64,100to150k,1
000058386,45to54,less75k,1
000058462,65plus,less75k,1
000022192,45to54,75to100k,0
000022244,55to64,less75k,0
000044270,45to54,less75k,0
000030663,25to44,less75k,1
000011197,45to54,less75k,0
000011288,55to64,75to100k,0
000011351,65plus,less75k,0
000011502,45to54,100to150k,0
000011503,45to54,100to150k,0
000011585,55to64,150kplus,0
000011250,55to64,less75k,0
000011305,55to64,100to150k,0
000011542,55to64,less75k,0
000011550,55to64,less75k,0
000011580,55to64,150kplus,0
000011641,65plus,150kplus,0
000011721,65plus,100to150k,1
000011779,65plus,75to100k,1
000011125,25to44,less75k,0
000011204,45to54,75to100k,0
000011244,55to64,less75k,0
000011258,55to64,less75k,0
000011363,65plus,75to100k,0
000011386,65plus,150kplus,0
000011492,45to54,75to100k,0
000011513,45to54,150kplus,0
000011686,55to64,less75k,1
000011090,25to44,less75k,0
000011104,25to44,less75k,0
000011111,25to44,less75k,0
000011120,25to44,less75k,0
000011138,25to44,75to100k,0
000011144,25to44,100to150k,0
000011146,25to44,100to150k,0
000011147,25to44,100to150k,0
000011159,25to44,150kplus,0
000011171,45to54,less75k,0
000011186,45to54,less75k,0
000011192,45to54,less75k,0
000011195,45to54,less75k,0
000011199,45to54,less75k,0
000011209,45to54,75to100k,0
000011210,45to54,100to150k,0
000011212,45to54,100to150k,0
000011223,45to54,100to150k,0
000011227,45to54,150kplus,0
000011232,55to64,less75k,0
000011235,55to64,less75k,0
000011251,55to64,less75k,0
000011263,55to64,less75k,0
000011276,55to64,less75k,0
000011280,55to64,75to100k,0
000011287,55to64,75to100k,0
000011301,55to64,100to150k,0
000011304,55to64,100to150k,0
000011313,55to64,150kplus,0
000011314,55to64,150kplus,0
000011319,65plus,less75k,0
000011328,65plus,less75k,0
000011342,65plus,less75k,0
000011346,65plus,less75k,0
000011352,65plus,less75k,0
000011367,65plus,100to150k,0
000011384,65plus,150kplus,0
000011398,25to44,less75k,0
000011400,25to44,less75k,0
000011404,25to44,less75k,0
000011405,25to44,less75k,0
000011416,25to44,less75k,0
000011433,25to44,75to100k,0
000011443,25to44,100to150k,0
000011511,45to54,150kplus,0
000011514,55to64,less75k,0
000011535,55to64,less75k,0
000011546,55to64,less75k,0
000011554,55to64,75to100k,0
000011564,55to64,100to150k,0
000011566,55to64,100to150k,0
000011567,55to64,100to150k,0
000011571,55to64,100to150k,0
000011584,55to64,150kplus,0
000011592,65plus,less75k,0
000011593,65plus,less75k,0
000011600,65plus,less75k,0
000011604,65plus,less75k,0
000011609,65plus,less75k,0
000011620,65plus,75to100k,0
000011625,65plus,75to100k,0
000011639,65plus,100to150k,0
000011640,65plus,150kplus,0
000011682,45to54,100to150k,1
000011684,45to54,150kplus,1
000011692,55to64,less75k,1
000011710,65plus,less75k,1
000011742,45to54,less75k,1
000011757,55to64,less75k,1
000011772,65plus,less75k,1
000011782,65plus,100to150k,1
000011790,25to44,100to150k,1
000011792,45to54,less75k,1
000032272,45to54,less75k,0
000032299,45to54,150kplus,0
000032384,65plus,150kplus,0
000032434,45to54,100to150k,0
000032618,55to64,150kplus,1
000032717,65plus,150kplus,0
000032915,25to44,100to150k,1
000002866,25to44,150kplus,0
000002891,45to54,less75k,0
000002902,45to54,100to150k,0
000002985,55to64,150kplus,0
000003000,55to64,150kplus,0
000003008,65plus,less75k,0
000003009,65plus,less75k,0
000003048,65plus,150kplus,0
000003064,25to44,less75k,0
000003245,55to64,100to150k,0
000003336,65plus,150kplus,0
000003439,65plus,75to100k,1
000003447,65plus,100to150k,1
000003448,65plus,150kplus,1
000003464,25to44,100to150k,1
000068231,65plus,less75k,0
000068267,25to44,less75k,0
000068332,25to44,150kplus,0
000068572,45to54,150kplus,1
000068650,25to44,less75k,1
000068771,45to54,100to150k,1
000022592,55to64,100to150k,0
000022597,65plus,less75k,0
000022603,65plus,100to150k,0
000022636,25to44,100to150k,0
000022638,25to44,100to150k,0
000022640,25to44,150kplus,0
000022655,45to54,less75k,0
000022677,45to54,150kplus,0
000022680,55to64,less75k,0
000022694,55to64,75to100k,0
000022731,65plus,less75k,0
000022732,65plus,less75k,0
000022743,65plus,75to100k,0
000022755,65plus,100to150k,0
000022767,65plus,150kplus,0
000022808,65plus,150kplus,1
000022810,25to44,less75k,1
000022814,25to44,100to150k,1
000022821,45to54,100to150k,1
000022823,45to54,150kplus,1
000022838,65plus,75to100k,1
000077110,25to44,less75k,0
000077115,25to44,75to100k,0
000077116,25to44,75to100k,0
000077146,45to54,75to100k,0
000077155,45to54,100to150k,0
000077157,45to54,100to150k,0
000077167,45to54,150kplus,0
000077169,55to64,less75k,0
000077190,55to64,100to150k,0
000077201,65plus,less75k,0
000077211,65plus,less75k,0
000077226,65plus,100to150k,0
000077233,65plus,150kplus,0
000077237,65plus,150kplus,0
000077238,65plus,150kplus,0
000077249,25to44,less75k,0
000077256,25to44,less75k,0
000077257,25to44,less75k,0
000077281,25to44,75to100k,0
000077296,25to44,100to150k,0
000077299,25to44,100to150k,0
000077307,25to44,150kplus,0
000077309,25to44,150kplus,0
000077352,45to54,less75k,0
000077358,45to54,less75k,0
000077374,45to54,100to150k,0
000077387,45to54,100to150k,0
000077389,45to54,100to150k,0
000077392,45to54,100to150k,0
000077396,45to54,100to150k,0
000077398,45to54,100to150k,0
000077400,45to54,100to150k,0
000077403,45to54,150kplus,0
000077409,45to54,150kplus,0
000077410,45to54,150kplus,0
000077439,55to64,less75k,0
000077449,55to64,less75k,0
000077470,55to64,100to150k,0
000077473,55to64,100to150k,0
000077475,55to64,100to150k,0
000077486,55to64,100to150k,0
000077493,55to64,100to150k,0
000077521,65plus,less75k,0
000077531,65plus,less75k,0
000077535,65plus,less75k,0
000077537,65plus,less75k,0
000077540,65plus,less75k,0
000077546,65plus,less75k,0
000077547,65plus,less75k,0
000077559,65plus,75to100k,0
000077568,65plus,75to100k,0
000077570,65plus,75to100k,0
000077583,65plus,100to150k,0
000077590,65plus,100to150k,0
000077603,65plus,100to150k,0
000077606,65plus,100to150k,0
000077613,65plus,150kplus,0
000077627,65plus,150kplus,0
000077628,65plus,150kplus,0
000077646,25to44,less75k,1
000077676,45to54,less75k,1
000077687,45to54,less75k,1
000077696,45to54,75to100k,1
000077701,45to54,100to150k,1
000077704,45to54,100to150k,1
000077711,45to54,100to150k,1
000077736,55to64,less75k,1
000077743,55to64,75to100k,1
000077747,55to64,100to150k,1
000077761,55to64,150kplus,1
000077769,65plus,less75k,1
000077780,65plus,less75k,1
000077786,65plus,75to100k,1
000077801,65plus,100to150k,1
000077831,25to44,100to150k,1
000077832,25to44,150kplus,1
000077840,45to54,less75k,1
000077850,45to54,150kplus,1
000077865,55to64,100to150k,1
000077872,65plus,less75k,1
000077879,65plus,75to100k,1
000077886,65plus,100to150k,1
000077907,45to54,100to150k,1
000077913,55to64,75to100k,1
000077927,65plus,150kplus,1
000022709,55to64,100to150k,0
000077136,45to54,less75k,0
000077141,45to54,less75k,0
000077142,45to54,less75k,0
000077149,45to54,75to100k,0
000077163,45to54,150kplus,0
000077164,45to54,150kplus,0
000077185,55to64,100to150k,0
000077308,25to44,150kplus,0
000077333,45to54,less75k,0
000077350,45to54,less75k,0
000077371,45to54,75to100k,0
000077391,45to54,100to150k,0
000077401,45to54,100to150k,0
000077433,55to64,less75k,0
000077453,55to64,less75k,0
000077551,65plus,less75k,0
000077578,65plus,100to150k,0
000077593,65plus,100to150k,0
000077611,65plus,150kplus,0
000077649,25to44,less75k,1
000077656,25to44,100to150k,1
000077695,45to54,75to100k,1
000077700,45to54,100to150k,1
000077702,45to54,100to150k,1
000077712,45to54,150kplus,1
000077717,45to54,150kplus,1
000077726,55to64,less75k,1
000077760,55to64,150kplus,1
000077768,65plus,less75k,1
000077789,65plus,75to100k,1
000077839,45to54,less75k,1
000077869,55to64,150kplus,1
000077905,45to54,100to150k,1
000052291,25to44,75to100k,0
000052440,45to54,less75k,0
000052531,55to64,less75k,0
000052870,45to54,150kplus,1
000052957,45to54,less75k,1
000077186,55to64,100to150k,0
000077216,65plus,75to100k,0
000077232,65plus,100to150k,0
000077357,45to54,less75k,0
000077388,45to54,100to150k,0
000077666,25to44,150kplus,1
000077816,65plus,150kplus,1
000077112,25to44,less75k,0
000077139,45to54,less75k,0
000077248,25to44,less75k,0
000077279,25to44,75to100k,0
000077321,25to44,150kplus,0
000077370,45to54,75to100k,0
000077427,55to64,less75k,0
000077429,55to64,less75k,0
000077492,55to64,100to150k,0
000077498,55to64,150kplus,0
000077523,65plus,less75k,0
000077641,25to44,less75k,1
000077777,65plus,less75k,1
000077818,65plus,150kplus,1
000077901,45to54,less75k,1
000077105,25to44,less75k,0
000077123,25to44,100to150k,0
000077128,25to44,150kplus,0
000077131,25to44,150kplus,0
000077140,45to54,less75k,0
000077143,45to54,less75k,0
000077144,45to54,less75k,0
000077147,45to54,75to100k,0
000077150,45to54,100to150k,0
000077159,45to54,100to150k,0
000077178,55to64,less75k,0
000077187,55to64,100to150k,0
000077189,55to64,100to150k,0
000077195,55to64,150kplus,0
000077199,55to64,150kplus,0
000077205,65plus,less75k,0
000077207,65plus,less75k,0
000077208,65plus,less75k,0
000077218,65plus,75to100k,0
000077221,65plus,100to150k,0
000077229,65plus,100to150k,0
000077231,65plus,100to150k,0
000077234,65plus,150kplus,0
000077239,65plus,150kplus,0
000077247,25to44,less75k,0
000077253,25to44,less75k,0
000077258,25to44,less75k,0
000077263,25to44,less75k,0
000077267,25to44,less75k,0
000077283,25to44,100to150k,0
000077298,25to44,100to150k,0
000077304,25to44,150kplus,0
000077312,25to44,150kplus,0
000077314,25to44,150kplus,0
000077316,25to44,150kplus,0
000077340,45to54,less75k,0
000077342,45to54,less75k,0
000077346,45to54,less75k,0
000077351,45to54,less75k,0
000077377,45to54,100to150k,0
000077379,45to54,100to150k,0
000077390,45to54,100to150k,0
000077393,45to54,100to150k,0
000077395,45to54,100to150k,0
000077402,45to54,100to150k,0
000077404,45to54,150kplus,0
000077424,45to54,150kplus,0
000077431,55to64,less75k,0
000077438,55to64,less75k,0
000077459,55to64,75to100k,0
000077460,55to64,75to100k,0
000077463,55to64,75to100k,0
000077466,55to64,75to100k,0
000077472,55to64,100to150k,0
000077480,55to64,100to150k,0
000077484,55to64,100to150k,0
000077491,55to64,100to150k,0
000077503,55to64,150kplus,0
000077508,55to64,150kplus,0
000077509,55to64,150kplus,0
000077510,55to64,150kplus,0
000077511,55to64,150kplus,0
000077512,55to64,150kplus,0
000077519,65plus,less75k,0
000077520,65plus,less75k,0
000077529,65plus,less75k,0
000077534,65plus,less75k,0
000077550,65plus,less75k,0
000077552,65plus,less75k,0
000077557,65plus,less75k,0
000077558,65plus,75to100k,0
000077562,65plus,75to100k,0
000077563,65plus,75to100k,0
000077566,65plus,75to100k,0
000077569,65plus,75to100k,0
000077576,65plus,100to150k,0
000077577,65plus,100to150k,0
000077581,65plus,100to150k,0
000077631,65plus,150kplus,0
000077635,65plus,150kplus,0
000077640,25to44,less75k,1
000077650,25to44,75to100k,1
000077660,25to44,100to150k,1
000077661,25to44,100to150k,1
000077662,25to44,100to150k,1
000077672,25to44,150kplus,1
000077674,45to54,less75k,1
000077681,45to54,less75k,1
000077691,45to54,75to100k,1
000077693,45to54,75to100k,1
000077699,45to54,100to150k,1
000077703,45to54,100to150k,1
000077705,45to54,100to150k,1
000077713,45to54,150kplus,1
000077718,45to54,150kplus,1
000077719,45to54,150kplus,1
000077721,45to54,150kplus,1
000077724,55to64,less75k,1
000077727,55to64,less75k,1
000077734,55to64,less75k,1
000077741,55to64,75to100k,1
000077744,55to64,100to150k,1
000077751,55to64,100to150k,1
000077756,55to64,150kplus,1
000077764,65plus,less75k,1
000077767,65plus,less75k,1
000077772,65plus,less75k,1
000077774,65plus,less75k,1
000077775,65plus,less75k,1
000077776,65plus,less75k,1
000077785,65plus,75to100k,1
000077795,65plus,100to150k,1
000077796,65plus,100to150k,1
000077800,65plus,100to150k,1
000077802,65plus,100to150k,1
000077804,65plus,100to150k,1
000077806,65plus,100to150k,1
000077810,65plus,150kplus,1
000077811,65plus,150kplus,1
000077827,25to44,75to100k,1
000077829,25to44,100to150k,1
000077835,45to54,less75k,1
000077836,45to54,less75k,1
000077837,45to54,less75k,1
000077838,45to54,less75k,1
000077860,55to64,75to100k,1
000077871,65plus,less75k,1
000077874,65plus,less75k,1
000077880,65plus,75to100k,1
000077882,65plus,100to150k,1
000077883,65plus,100to150k,1
000077887,65plus,150kplus,1
000077893,25to44,less75k,1
000077894,25to44,less75k,1
000077898,25to44,150kplus,1
000077908,45to54,150kplus,1
000077919,65plus,less75k,1
000077920,65plus,less75k,1
000077921,65plus,less75k,1
000077926,65plus,100to150k,1
000022581,45to54,75to100k,0
000022664,45to54,75to100k,0
000022837,65plus,75to100k,1
000022600,65plus,less75k,0
000022708,55to64,100to150k,0
000022730,65plus,less75k,0
000022811,25to44,less75k,1
000077129,25to44,150kplus,0
000077145,45to54,75to100k,0
000077188,55to64,100to150k,0
000077212,65plus,less75k,0
000077241,65plus,150kplus,0
000077254,25to44,less75k,0
000077285,25to44,100to150k,0
000077451,55to64,less75k,0
000077830,25to44,100to150k,1
000077895,25to44,75to100k,1
000077135,45to54,less75k,0
000077191,55to64,100to150k,0
000077209,65plus,less75k,0
000077222,65plus,100to150k,0
000077289,25to44,100to150k,0
000077306,25to44,150kplus,0
000077320,25to44,150kplus,0
000077440,55to64,less75k,0
000077494,55to64,150kplus,0
000077516,65plus,less75k,0
000077532,65plus,less75k,0
000077539,65plus,less75k,0
000077638,25to44,less75k,1
000077669,25to44,150kplus,1
000077692,45to54,75to100k,1
000077746,55to64,100to150k,1
000077752,55to64,100to150k,1
000077793,65plus,100to150k,1
000077890,65plus,150kplus,1
000077911,55to64,less75k,1
000077916,55to64,150kplus,1
000077165,45to54,150kplus,0
000077194,55to64,150kplus,0
000077196,55to64,150kplus,0
000077255,25to44,less75k,0
000077303,25to44,100to150k,0
000077319,25to44,150kplus,0
000077323,45to54,less75k,0
000077549,65plus,less75k,0
000077560,65plus,75to100k,0
000077582,65plus,100to150k,0
000077609,65plus,150kplus,0
000077722,45to54,150kplus,1
000077738,55to64,75to100k,1
000077782,65plus,less75k,1
000077862,55to64,100to150k,1
000077878,65plus,75to100k,1
000077888,65plus,150kplus,1
000077117,25to44,75to100k,0
000077130,25to44,150kplus,0
000077153,45to54,100to150k,0
000077198,55to64,150kplus,0
000077203,65plus,less75k,0
000077227,65plus,100to150k,0
000077264,25to44,less75k,0
000077341,45to54,less75k,0
000077378,45to54,100to150k,0
000077380,45to54,100to150k,0
000077385,45to54,100to150k,0
000077469,55to64,75to100k,0
000077536,65plus,less75k,0
000077538,65plus,less75k,0
000077541,65plus,less75k,0
000077580,65plus,100to150k,0
000077587,65plus,100to150k,0
000077607,65plus,100to150k,0
000077617,65plus,150kplus,0
000077636,65plus,150kplus,0
000077653,25to44,75to100k,1
000077670,25to44,150kplus,1
000077773,65plus,less75k,1
000077794,65plus,100to150k,1
000077826,25to44,75to100k,1
000077442,55to64,less75k,0
000077567,65plus,75to100k,0
000077620,65plus,150kplus,0
000077673,25to44,150kplus,1
000077779,65plus,less75k,1
000077119,25to44,100to150k,0
000077217,65plus,75to100k,0
000077240,65plus,150kplus,0
000077270,25to44,less75k,0
000077275,25to44,75to100k,0
000077331,45to54,less75k,0
000077360,45to54,75to100k,0
000077405,45to54,150kplus,0
000077501,55to64,150kplus,0
000077616,65plus,150kplus,0
000077742,55to64,75to100k,1
000077808,65plus,150kplus,1
000077828,25to44,100to150k,1
000077834,25to44,150kplus,1
000077902,45to54,less75k,1
000077220,65plus,75to100k,0
000077235,65plus,150kplus,0
000077269,25to44,less75k,0
000077444,55to64,less75k,0
000077456,55to64,less75k,0
000077479,55to64,100to150k,0
000077490,55to64,100to150k,0
000077517,65plus,less75k,0
000077618,65plus,150kplus,0
000077822,25to44,less75k,1
000077858,55to64,less75k,1
000077909,45to54,150kplus,1
000077118,25to44,100to150k,0
000077181,55to64,75to100k,0
000077282,25to44,100to150k,0
000077291,25to44,100to150k,0
000077311,25to44,150kplus,0
000077337,45to54,less75k,0
000077376,45to54,100to150k,0
000077406,45to54,150kplus,0
000077408,45to54,150kplus,0
000077413,45to54,150kplus,0
000077423,45to54,150kplus,0
000077482,55to64,100to150k,0
000077499,55to64,150kplus,0
000077527,65plus,less75k,0
000077555,65plus,less75k,0
000077623,65plus,150kplus,0
000077689,45to54,less75k,1
000077714,45to54,150kplus,1
000077735,55to64,less75k,1
000077745,55to64,100to150k,1
000077755,55to64,150kplus,1
000077781,65plus,less75k,1
000077784,65plus,75to100k,1
000077788,65plus,75to100k,1
000077852,45to54,150kplus,1
000077877,65plus,less75k,1
000041666,65plus,150kplus,0
000041817,65plus,100to150k,1
000060868,25to44,100to150k,0
000060901,45to54,less75k,0
000060937,55to64,less75k,0
000061190,25to44,75to100k,1
000061218,45to54,less75k,1
000058551,45to54,less75k,0
000058634,55to64,100to150k,0
000058662,65plus,75to100k,0
000058700,55to64,75to100k,1
000058711,25to44,150kplus,1
000027632,45to54,less75k,1
000041910,25to44,less75k,0
000041915,25to44,less75k,0
000041929,25to44,100to150k,0
000041946,45to54,less75k,0
000041978,65plus,less75k,0
000042007,25to44,150kplus,1
000042020,65plus,less75k,1
000042042,45to54,less75k,1
000042055,55to64,100to150k,1
000033857,25to44,150kplus,0
000033873,45to54,100to150k,0
000033885,55to64,75to100k,0
000033886,55to64,100to150k,0
000033964,45to54,less75k,1
000033986,65plus,less75k,1
000034003,65plus,150kplus,1
000034019,25to44,150kplus,1
000034025,45to54,100to150k,1
000034036,65plus,100to150k,1
000058612,45to54,100to150k,0
000010619,55to64,less75k,1
000005492,25to44,less75k,0
000005493,25to44,less75k,0
000005495,25to44,less75k,0
000005500,25to44,75to100k,0
000005507,25to44,100to150k,0
000005510,25to44,150kplus,0
000005513,45to54,less75k,0
000005522,45to54,75to100k,0
000005523,45to54,75to100k,0
000005524,45to54,100to150k,0
000005526,45to54,100to150k,0
000005527,45to54,100to150k,0
000005532,45to54,150kplus,0
000005538,55to64,less75k,0
000005541,55to64,less75k,0
000005543,55to64,less75k,0
000005546,55to64,75to100k,0
000005551,55to64,100to150k,0
000005553,55to64,100to150k,0
000005557,55to64,100to150k,0
000005561,55to64,150kplus,0
000005565,65plus,less75k,0
000005571,65plus,75to100k,0
000005576,65plus,100to150k,0
000005580,65plus,100to150k,0
000005587,25to44,less75k,0
000005588,25to44,less75k,0
000005592,25to44,less75k,0
000005593,25to44,less75k,0
000005595,25to44,less75k,0
000005597,25to44,less75k,0
000005598,25to44,less75k,0
000005600,25to44,less75k,0
000005604,25to44,75to100k,0
000005605,25to44,75to100k,0
000005607,25to44,75to100k,0
000005609,25to44,100to150k,0
000005611,25to44,100to150k,0
000005616,25to44,100to150k,0
000005617,25to44,100to150k,0
000005619,25to44,100to150k,0
000005625,25to44,150kplus,0
000005631,25to44,150kplus,0
000005632,45to54,less75k,0
000005634,45to54,less75k,0
000005636,45to54,less75k,0
000005637,45to54,less75k,0
000005639,45to54,less75k,0
000005646,45to54,less75k,0
000005651,45to54,75to100k,0
000005652,45to54,75to100k,0
000005655,45to54,75to100k,0
000005656,45to54,75to100k,0
000005663,45to54,100to150k,0
000005664,45to54,100to150k,0
000005670,45to54,100to150k,0
000005671,45to54,100to150k,0
000005672,45to54,100to150k,0
000005676,45to54,150kplus,0
000005677,45to54,150kplus,0
000005679,45to54,150kplus,0
000005680,45to54,150kplus,0
000005691,55to64,less75k,0
000005693,55to64,less75k,0
000005694,55to64,less75k,0
000005695,55to64,less75k,0
000005698,55to64,less75k,0
000005699,55to64,less75k,0
000005704,55to64,less75k,0
000005709,55to64,75to100k,0
000005710,55to64,75to100k,0
000005722,55to64,100to150k,0
000005725,55to64,100to150k,0
000005732,55to64,100to150k,0
000005734,55to64,100to150k,0
000005735,55to64,150kplus,0
000005738,55to64,150kplus,0
000005742,55to64,150kplus,0
000005746,55to64,150kplus,0
000005748,65plus,less75k,0
000005750,65plus,less75k,0
000005752,65plus,less75k,0
000005754,65plus,less75k,0
000005755,65plus,less75k,0
000005756,65plus,less75k,0
000005767,65plus,75to100k,0
000005769,65plus,75to100k,0
000005771,65plus,100to150k,0
000005772,65plus,100to150k,0
000005773,65plus,100to150k,0
000005776,65plus,100to150k,0
000005777,65plus,100to150k,0
000005778,65plus,100to150k,0
000005779,65plus,100to150k,0
000005781,65plus,100to150k,0
000005782,65plus,100to150k,0
000005783,65plus,100to150k,0
000005784,65plus,100to150k,0
000005785,65plus,100to150k,0
000005786,65plus,150kplus,0
000005787,65plus,150kplus,0
000005790,65plus,150kplus,0
000005795,65plus,150kplus,0
000005797,25to44,less75k,1
000005798,25to44,less75k,1
000005799,25to44,less75k,1
000005801,25to44,less75k,1
000005804,25to44,75to100k,1
000005808,25to44,100to150k,1
000005814,25to44,100to150k,1
000005818,25to44,150kplus,1
000005819,25to44,150kplus,1
000005820,45to54,less75k,1
000005821,45to54,less75k,1
000005826,45to54,less75k,1
000005827,45to54,less75k,1
000005842,45to54,100to150k,1
000005844,45to54,150kplus,1
000005846,45to54,150kplus,1
000005847,45to54,150kplus,1
000005848,45to54,150kplus,1
000005851,55to64,less75k,1
000005854,55to64,less75k,1
000005855,55to64,less75k,1
000005857,55to64,less75k,1
000005859,55to64,75to100k,1
000005860,55to64,75to100k,1
000005863,55to64,75to100k,1
000005865,55to64,100to150k,1
000005866,55to64,100to150k,1
000005867,55to64,100to150k,1
000005876,55to64,150kplus,1
000005877,55to64,150kplus,1
000005898,65plus,100to150k,1
000005899,65plus,100to150k,1
000005900,65plus,150kplus,1
000005911,25to44,less75k,1
000005917,25to44,less75k,1
000005918,25to44,less75k,1
000005920,25to44,less75k,1
000005924,25to44,75to100k,1
000005930,25to44,100to150k,1
000005931,25to44,100to150k,1
000005933,25to44,100to150k,1
000005937,25to44,100to150k,1
000005941,25to44,100to150k,1
000005942,25to44,100to150k,1
000005943,25to44,100to150k,1
000005946,25to44,150kplus,1
000005947,25to44,150kplus,1
000005948,25to44,150kplus,1
000005953,25to44,150kplus,1
000005961,45to54,less75k,1
000005962,45to54,less75k,1
000005968,45to54,less75k,1
000005969,45to54,less75k,1
000005977,45to54,75to100k,1
000005981,45to54,75to100k,1
000005982,45to54,75to100k,1
000005983,45to54,100to150k,1
000005985,45to54,100to150k,1
000005988,45to54,100to150k,1
000005989,45to54,100to150k,1
000005992,45to54,100to150k,1
000005994,45to54,100to150k,1
000005995,45to54,100to150k,1
000005998,45to54,100to150k,1
000006000,45to54,100to150k,1
000006001,45to54,150kplus,1
000006002,45to54,150kplus,1
000006004,45to54,150kplus,1
000006008,45to54,150kplus,1
000006009,45to54,150kplus,1
000006010,45to54,150kplus,1
000006011,45to54,150kplus,1
000006013,55to64,less75k,1
000006017,55to64,less75k,1
000006019,55to64,less75k,1
000006028,55to64,less75k,1
000006029,55to64,less75k,1
000006030,55to64,less75k,1
000006031,55to64,less75k,1
000006037,55to64,75to100k,1
000006041,55to64,75to100k,1
000006043,55to64,75to100k,1
000006046,55to64,100to150k,1
000006049,55to64,100to150k,1
000006053,55to64,100to150k,1
000006056,55to64,100to150k,1
000006061,55to64,100to150k,1
000006063,55to64,100to150k,1
000006066,55to64,150kplus,1
000006067,55to64,150kplus,1
000006073,55to64,150kplus,1
000006082,65plus,less75k,1
000006086,65plus,less75k,1
000006091,65plus,less75k,1
000006094,65plus,75to100k,1
000006095,65plus,75to100k,1
000006096,65plus,75to100k,1
000006099,65plus,75to100k,1
000006106,65plus,100to150k,1
000006109,65plus,100to150k,1
000006112,65plus,100to150k,1
000006119,65plus,150kplus,1
000006121,65plus,150kplus,1
000006123,65plus,150kplus,1
000006127,65plus,150kplus,1
000006129,25to44,less75k,1
000006133,45to54,less75k,1
000006137,55to64,less75k,1
000006144,65plus,150kplus,1
000006145,25to44,less75k,1
000006147,25to44,100to150k,1
000006154,55to64,75to100k,1
000006155,55to64,100to150k,1
000006157,65plus,less75k,1
000053053,55to64,75to100k,1
000043499,45to54,less75k,0
000043677,55to64,150kplus,0
000043826,45to54,100to150k,1
000043349,45to54,less75k,0
000043391,55to64,100to150k,0
000043436,25to44,less75k,0
000043468,25to44,100to150k,0
000043496,45to54,less75k,0
000043572,45to54,100to150k,0
000043610,55to64,less75k,0
000043658,55to64,100to150k,0
000043660,55to64,100to150k,0
000043743,65plus,150kplus,0
000043827,45to54,100to150k,1
000043831,45to54,100to150k,1
000043843,55to64,less75k,1
000043873,55to64,75to100k,1
000043902,65plus,less75k,1
000043932,65plus,150kplus,1
000043956,45to54,less75k,1
000044114,55to64,less75k,0
000044271,45to54,less75k,0
000044463,65plus,less75k,0
000044523,65plus,150kplus,0
000044601,45to54,100to150k,1
000044052,25to44,less75k,0
000044132,55to64,100to150k,0
000044260,25to44,150kplus,0
000044322,45to54,150kplus,0
000044338,55to64,less75k,0
000044432,65plus,less75k,0
000044490,65plus,75to100k,0
000044491,65plus,100to150k,0
000044503,65plus,100to150k,0
000044634,65plus,less75k,1
000044695,65plus,75to100k,1
000050068,45to54,75to100k,0
000050141,65plus,100to150k,0
000050153,65plus,150kplus,0
000050203,25to44,150kplus,0
000050289,55to64,100to150k,0
000050423,45to54,less75k,1
000050461,45to54,150kplus,1
000050479,55to64,less75k,1
000050485,55to64,75to100k,1
000050511,55to64,150kplus,1
000050518,55to64,150kplus,1
000050580,65plus,150kplus,1
000050607,25to44,150kplus,1
000050667,55to64,100to150k,1
000050704,65plus,100to150k,1
000050748,45to54,150kplus,1
000050761,55to64,100to150k,1
000050076,45to54,150kplus,0
000050094,55to64,less75k,0
000050097,55to64,75to100k,0
000050099,55to64,75to100k,0
000050107,55to64,100to150k,0
000050154,65plus,150kplus,0
000050178,25to44,75to100k,0
000050188,25to44,100to150k,0
000050195,25to44,150kplus,0
000050201,25to44,150kplus,0
000050218,45to54,75to100k,0
000050252,55to64,less75k,0
000050282,55to64,100to150k,0
000050291,55to64,100to150k,0
000050308,55to64,150kplus,0
000050316,65plus,less75k,0
000050328,65plus,less75k,0
000050331,65plus,75to100k,0
000050339,65plus,75to100k,0
000050355,65plus,150kplus,0
000050369,65plus,150kplus,0
000050379,25to44,less75k,1
000050396,25to44,100to150k,1
000050410,25to44,150kplus,1
000050434,45to54,75to100k,1
000050454,45to54,150kplus,1
000050472,55to64,less75k,1
000050478,55to64,less75k,1
000050480,55to64,less75k,1
000050523,55to64,150kplus,1
000050540,65plus,less75k,1
000050549,65plus,75to100k,1
000050560,65plus,100to150k,1
000050565,65plus,150kplus,1
000050572,65plus,150kplus,1
000050578,65plus,150kplus,1
000050594,25to44,75to100k,1
000050595,25to44,75to100k,1
000050604,25to44,100to150k,1
000050617,45to54,less75k,1
000050647,55to64,less75k,1
000050648,55to64,less75k,1
000050655,55to64,less75k,1
000050687,65plus,less75k,1
000050697,65plus,75to100k,1
000050711,65plus,150kplus,1
000050770,65plus,less75k,1
000050775,65plus,75to100k,1
000050782,65plus,150kplus,1
000050030,25to44,less75k,0
000050185,25to44,100to150k,0
000050392,25to44,75to100k,1
000050528,65plus,less75k,1
000050632,45to54,100to150k,1
000050722,25to44,less75k,1
000050723,25to44,less75k,1
000050740,45to54,75to100k,1
000050779,65plus,100to150k,1
000001133,25to44,75to100k,0
000001135,25to44,75to100k,0
000001174,45to54,less75k,0
000001180,45to54,less75k,0
000001198,45to54,100to150k,0
000001204,45to54,150kplus,0
000001225,55to64,75to100k,0
000001261,65plus,75to100k,0
000001276,25to44,less75k,0
000001335,25to44,100to150k,0
000001406,55to64,less75k,0
000001416,55to64,75to100k,0
000001442,65plus,less75k,0
000001453,65plus,less75k,0
000001463,65plus,100to150k,0
000001493,25to44,less75k,1
000001510,25to44,75to100k,1
000001525,25to44,150kplus,1
000001623,65plus,100to150k,1
000001643,25to44,less75k,1
000001690,45to54,less75k,1
000001725,55to64,less75k,1
000005498,25to44,75to100k,0
000005545,55to64,less75k,0
000005554,55to64,100to150k,0
000005582,65plus,150kplus,0
000005594,25to44,less75k,0
000005621,25to44,100to150k,0
000005682,45to54,150kplus,0
000005683,45to54,150kplus,0
000005730,55to64,100to150k,0
000005839,45to54,100to150k,1
000005881,65plus,less75k,1
000005888,65plus,75to100k,1
000005914,25to44,less75k,1
000005971,45to54,less75k,1
000006059,55to64,100to150k,1
000006126,65plus,150kplus,1
000006160,65plus,150kplus,1
000005530,45to54,100to150k,0
000005574,65plus,75to100k,0
000005630,25to44,150kplus,0
000005659,45to54,100to150k,0
000005705,55to64,less75k,0
000005727,55to64,100to150k,0
000005739,55to64,150kplus,0
000005741,55to64,150kplus,0
000005760,65plus,less75k,0
000005811,25to44,100to150k,1
000005841,45to54,100to150k,1
000005902,65plus,150kplus,1
000005923,25to44,75to100k,1
000005980,45to54,75to100k,1
000006014,55to64,less75k,1
000006152,45to54,150kplus,1
000052296,25to44,150kplus,0
000052313,45to54,less75k,0
000052315,45to54,75to100k,0
000052341,55to64,less75k,0
000052409,25to44,less75k,0
000052427,25to44,150kplus,0
000052444,45to54,less75k,0
000052627,65plus,less75k,0
000052653,65plus,150kplus,0
000052697,45to54,less75k,1
000052862,45to54,150kplus,1
000052964,45to54,less75k,1
000052988,55to64,less75k,1
000053043,45to54,less75k,1
000052372,55to64,150kplus,0
000052842,45to54,75to100k,1
000040512,25to44,less75k,0
000040619,65plus,150kplus,0
000040637,25to44,75to100k,0
000040702,45to54,100to150k,0
000040820,65plus,100to150k,0
000040822,65plus,100to150k,0
000040844,25to44,less75k,1
000040847,25to44,less75k,1
000040858,25to44,150kplus,1
000040878,45to54,150kplus,1
000040915,65plus,100to150k,1
000040954,45to54,100to150k,1
000041019,25to44,150kplus,1
000041052,45to54,less75k,1
000072171,55to64,100to150k,1
000072190,65plus,75to100k,1
000025983,25to44,75to100k,0
000026032,55to64,150kplus,0
000026076,25to44,100to150k,0
000026093,45to54,less75k,0
000026137,55to64,75to100k,0
000026205,65plus,100to150k,0
000026320,55to64,less75k,1
000026348,65plus,100to150k,1
000026388,45to54,less75k,1
000026560,25to44,150kplus,0
000026576,45to54,less75k,0
000026857,55to64,less75k,1
000026888,65plus,100to150k,1
000026447,45to54,less75k,0
000026472,65plus,less75k,0
000026515,25to44,less75k,0
000026539,25to44,100to150k,0
000026575,45to54,less75k,0
000026593,45to54,75to100k,0
000026645,55to64,less75k,0
000026652,55to64,75to100k,0
000026658,55to64,100to150k,0
000026782,55to64,less75k,1
000026874,55to64,150kplus,1
000026900,45to54,less75k,1
000026904,45to54,150kplus,1
000026498,25to44,less75k,0
000043474,25to44,100to150k,0
000043519,45to54,less75k,0
000043882,55to64,100to150k,1
000043997,65plus,less75k,1
000026444,45to54,less75k,0
000026452,45to54,100to150k,0
000026459,55to64,less75k,0
000026476,65plus,75to100k,0
000026481,65plus,150kplus,0
000026521,25to44,less75k,0
000026534,25to44,75to100k,0
000026544,25to44,100to150k,0
000026549,25to44,100to150k,0
000026558,25to44,150kplus,0
000026562,25to44,150kplus,0
000026567,45to54,less75k,0
000026578,45to54,less75k,0
000026619,55to64,less75k,0
000026620,55to64,less75k,0
000026728,65plus,150kplus,0
000026732,65plus,150kplus,0
000026767,45to54,less75k,1
000026825,25to44,less75k,1
000026835,25to44,100to150k,1
000026841,45to54,less75k,1
000043343,45to54,less75k,0
000043399,55to64,150kplus,0
000066432,25to44,100to150k,0
000066454,45to54,75to100k,0
000066973,45to54,150kplus,1
000067113,65plus,less75k,1
000071822,25to44,less75k,0
000072144,45to54,less75k,1
000072154,45to54,100to150k,1
000072259,55to64,75to100k,1
000072287,65plus,150kplus,1
000041657,65plus,less75k,0
000041749,65plus,less75k,0
000041762,65plus,75to100k,0
000041688,25to44,150kplus,0
000057213,25to44,less75k,0
000041342,65plus,less75k,0
000041404,45to54,less75k,1
000041408,45to54,75to100k,1
000041501,45to54,75to100k,1
000041265,55to64,less75k,0
000057327,45to54,100to150k,0
000041119,55to64,less75k,0
000041196,25to44,100to150k,0
000041248,45to54,100to150k,0
000041292,55to64,75to100k,0
000041359,65plus,100to150k,0
000041377,65plus,150kplus,0
000041398,45to54,less75k,1
000041449,65plus,less75k,1
000041484,25to44,150kplus,1
000042264,25to44,less75k,0
000042367,55to64,less75k,0
000042502,55to64,less75k,1
000042521,65plus,less75k,1
000042549,45to54,less75k,1
000042140,25to44,150kplus,0
000042256,65plus,100to150k,0
000042259,65plus,150kplus,0
000042582,55to64,75to100k,1
000056319,45to54,less75k,0
000056329,45to54,100to150k,0
000056404,25to44,less75k,0
000056440,25to44,100to150k,0
000056522,45to54,100to150k,0
000056524,45to54,100to150k,0
000056664,25to44,less75k,1
000056718,25to44,150kplus,1
000056761,45to54,100to150k,1
000056766,45to54,100to150k,1
000056811,55to64,150kplus,1
000056956,45to54,75to100k,1
000057002,55to64,100to150k,1
000057051,65plus,100to150k,1
000057199,55to64,150kplus,1
000056458,25to44,100to150k,0
000056822,65plus,less75k,1
000056828,65plus,less75k,1
000056837,65plus,100to150k,1
000056952,45to54,75to100k,1
000056279,25to44,less75k,0
000056358,65plus,less75k,0
000056425,25to44,75to100k,0
000056470,25to44,150kplus,0
000056480,25to44,150kplus,0
000056504,45to54,less75k,0
000056529,45to54,100to150k,0
000056716,25to44,100to150k,1
000056738,45to54,less75k,1
000056767,45to54,100to150k,1
000056773,45to54,100to150k,1
000056931,25to44,150kplus,1
000056979,45to54,150kplus,1
000057142,55to64,150kplus,1
000057190,45to54,100to150k,1
000061457,65plus,less75k,0
000061473,65plus,less75k,0
000017469,45to54,less75k,0
000017478,45to54,100to150k,0
000017575,65plus,150kplus,0
000017590,25to44,less75k,0
000017600,25to44,100to150k,0
000017646,45to54,150kplus,0
000017711,65plus,less75k,0
000017753,65plus,100to150k,0
000017756,65plus,100to150k,0
000017780,65plus,150kplus,0
000017836,25to44,75to100k,1
000017837,25to44,100to150k,1
000017932,65plus,100to150k,1
000017935,65plus,100to150k,1
000057640,45to54,less75k,0
000057704,45to54,150kplus,0
000057960,45to54,75to100k,0
000033498,45to54,75to100k,1
000033726,65plus,100to150k,1
000033402,65plus,less75k,0
000033604,65plus,150kplus,1
000033705,55to64,150kplus,1
000033256,45to54,less75k,0
000033306,45to54,150kplus,0
000033434,65plus,150kplus,0
000033514,45to54,150kplus,1
000033594,65plus,100to150k,1
000033114,25to44,150kplus,0
000033221,25to44,less75k,0
000033246,25to44,150kplus,0
000033534,55to64,less75k,1
000033612,25to44,less75k,1
000033650,45to54,75to100k,1
000033671,45to54,150kplus,1
000033693,55to64,100to150k,1
000033699,55to64,150kplus,1
000033732,65plus,150kplus,1
000068883,45to54,150kplus,0
000069051,45to54,150kplus,1
000023730,65plus,150kplus,1
000013571,55to64,less75k,0
000013702,65plus,75to100k,0
000033266,45to54,less75k,0
000033334,55to64,less75k,0
000033384,55to64,150kplus,0
000033426,65plus,100to150k,0
000033464,25to44,100to150k,1
000033502,45to54,75to100k,1
000033597,65plus,150kplus,1
000033686,55to64,75to100k,1
000033733,65plus,150kplus,1
000033752,45to54,less75k,1
000033756,45to54,100to150k,1
000033596,65plus,100to150k,1
000034210,45to54,75to100k,0
000034225,45to54,100to150k,0
000034254,55to64,75to100k,0
000034325,65plus,150kplus,0
000034349,25to44,100to150k,1
000034404,65plus,less75k,1
000034409,65plus,75to100k,1
000034498,45to54,less75k,1
000034533,45to54,100to150k,1
000034227,45to54,150kplus,0
000034465,55to64,100to150k,1
000052337,45to54,150kplus,0
000052353,55to64,75to100k,0
000052405,25to44,less75k,0
000052437,45to54,less75k,0
000052445,45to54,less75k,0
000052468,45to54,75to100k,0
000052486,45to54,100to150k,0
000052511,45to54,150kplus,0
000052522,45to54,150kplus,0
000052555,55to64,75to100k,0
000052568,55to64,100to150k,0
000052630,65plus,75to100k,0
000052694,45to54,less75k,1
000052708,45to54,100to150k,1
000052709,45to54,100to150k,1
000052736,55to64,less75k,1
000052774,55to64,150kplus,1
000052809,65plus,150kplus,1
000052891,55to64,75to100k,1
000052906,55to64,150kplus,1
000052980,45to54,150kplus,1
000052982,45to54,150kplus,1
000053010,55to64,100to150k,1
000053013,55to64,150kplus,1
000053020,65plus,less75k,1
000059479,55to64,100to150k,0
000059481,55to64,150kplus,0
000059512,25to44,less75k,0
000059531,25to44,100to150k,0
000059556,25to44,150kplus,0
000059576,45to54,less75k,0
000059591,45to54,75to100k,0
000059610,45to54,100to150k,0
000059626,45to54,150kplus,0
000059651,55to64,75to100k,0
000059668,55to64,100to150k,0
000059706,65plus,150kplus,0
000059714,25to44,less75k,1
000059742,45to54,less75k,1
000059777,55to64,less75k,1
000059791,55to64,150kplus,1
000059811,25to44,less75k,1
000059855,25to44,150kplus,1
000059889,45to54,100to150k,1
000059918,55to64,less75k,1
000059959,65plus,150kplus,1
000062624,45to54,150kplus,0
000038259,25_below,150kplus,1
000006839,25to44,less75k,0
000006846,25to44,less75k,0
000006849,25to44,less75k,0
000006851,25to44,less75k,0
000006856,25to44,100to150k,0
000006859,25to44,150kplus,0
000006860,55to64,less75k,0
000006861,55to64,less75k,0
000006862,55to64,less75k,0
000006869,55to64,less75k,0
000006870,55to64,less75k,0
000006877,55to64,75to100k,0
000006878,55to64,75to100k,0
000006879,55to64,100to150k,0
000006882,55to64,150kplus,0
000006890,65plus,less75k,0
000006905,65plus,less75k,0
000006907,65plus,less75k,0
000006909,65plus,less75k,0
000006916,65plus,less75k,0
000006925,65plus,less75k,0
000006927,65plus,less75k,0
000006931,65plus,less75k,0
000006934,65plus,less75k,0
000006941,65plus,less75k,0
000006942,65plus,less75k,0
000006950,65plus,less75k,0
000006953,65plus,less75k,0
000006955,65plus,less75k,0
000006962,65plus,75to100k,0
000006974,65plus,100to150k,0
000006977,65plus,100to150k,0
000006981,65plus,100to150k,0
000006982,65plus,150kplus,0
000006983,65plus,150kplus,0
000006990,25to44,less75k,0
000006995,25to44,less75k,0
000006998,25to44,less75k,0
000007000,25to44,less75k,0
000007020,55to64,less75k,0
000007023,55to64,less75k,0
000007027,55to64,less75k,0
000007030,55to64,75to100k,0
000007036,65plus,less75k,0
000007037,65plus,less75k,0
000007043,65plus,less75k,0
000007053,65plus,less75k,0
000007054,65plus,less75k,0
000007055,65plus,less75k,0
000007059,65plus,less75k,0
000007065,65plus,less75k,0
000007067,65plus,less75k,0
000007069,65plus,less75k,0
000007070,65plus,less75k,0
000007072,65plus,less75k,0
000007076,65plus,less75k,0
000007087,65plus,less75k,0
000007096,65plus,less75k,0
000007108,65plus,less75k,0
000007110,65plus,less75k,0
000007116,65plus,less75k,0
000007128,65plus,75to100k,0
000007129,65plus,75to100k,0
000007133,65plus,100to150k,0
000007162,65plus,100to150k,1
000007165,25to44,less75k,1
000007177,65plus,less75k,1
000007178,65plus,less75k,1
000064961,55to64,100to150k,0
000065059,55to64,100to150k,0
000065142,55to64,100to150k,1
000065154,65plus,less75k,1
000065253,55to64,less75k,1
000006221,65plus,150kplus,0
000034377,45to54,150kplus,1
000034393,55to64,100to150k,1
000016239,45to54,100to150k,0
000016271,25_below,less75k,0
000016282,25_below,150kplus,0
000016338,55to64,less75k,0
000016349,55to64,75to100k,0
000016487,25to44,less75k,1
000008506,25to44,less75k,0
000008592,65plus,150kplus,0
000008602,25to44,less75k,0
000008614,25to44,100to150k,0
000008626,45to54,less75k,0
000008648,45to54,75to100k,0
000008691,65plus,less75k,0
000008721,65plus,150kplus,0
000008746,45to54,100to150k,1
000064912,25to44,less75k,0
000064922,25to44,75to100k,0
000064934,45to54,less75k,0
000064938,45to54,100to150k,0
000064948,55to64,less75k,0
000064959,55to64,100to150k,0
000064970,65plus,less75k,0
000064973,65plus,less75k,0
000064975,65plus,75to100k,0
000064987,25to44,less75k,0
000064988,25to44,less75k,0
000064991,25to44,less75k,0
000064993,25to44,less75k,0
000064995,25to44,less75k,0
000064996,25to44,less75k,0
000064997,25to44,less75k,0
000064999,25to44,75to100k,0
000065000,25to44,75to100k,0
000065007,25to44,100to150k,0
000065009,25to44,100to150k,0
000065022,45to54,less75k,0
000065037,55to64,less75k,0
000065038,55to64,less75k,0
000065061,55to64,100to150k,0
000065068,55to64,150kplus,0
000065077,55to64,150kplus,0
000065086,65plus,less75k,0
000065099,65plus,150kplus,0
000065102,25to44,less75k,1
000065109,25to44,75to100k,1
000065113,25to44,100to150k,1
000065114,25to44,100to150k,1
000065123,45to54,less75k,1
000065127,45to54,150kplus,1
000065143,55to64,100to150k,1
000065150,55to64,150kplus,1
000065155,65plus,75to100k,1
000065158,65plus,100to150k,1
000065170,25to44,100to150k,1
000065173,25to44,150kplus,1
000065179,45to54,75to100k,1
000065180,45to54,100to150k,1
000065181,45to54,150kplus,1
000065183,55to64,less75k,1
000065185,55to64,less75k,1
000065187,55to64,less75k,1
000065188,55to64,less75k,1
000065193,55to64,100to150k,1
000065194,55to64,100to150k,1
000065197,55to64,150kplus,1
000065198,55to64,150kplus,1
000065203,65plus,less75k,1
000065206,65plus,100to150k,1
000065207,65plus,100to150k,1
000065209,65plus,150kplus,1
000065217,25to44,150kplus,1
000065221,45to54,100to150k,1
000065225,55to64,less75k,1
000065231,55to64,100to150k,1
000065240,65plus,150kplus,1
000065255,55to64,75to100k,1
000065262,65plus,100to150k,1
000054477,25to44,less75k,1
000013235,25to44,75to100k,0
000013244,25to44,100to150k,0
000013317,55to64,100to150k,0
000013340,65plus,less75k,0
000013362,65plus,75to100k,0
000013487,45to54,less75k,0
000013525,45to54,100to150k,0
000013538,45to54,100to150k,0
000013863,45to54,100to150k,1
000013913,65plus,75to100k,1
000009488,45to54,100to150k,0
000009518,55to64,less75k,0
000009547,65plus,75to100k,0
000009672,55to64,150kplus,1
000009744,65plus,100to150k,1
000076464,25to44,less75k,0
000076519,45to54,less75k,0
000076520,45to54,less75k,0
000076557,55to64,less75k,0
000076584,55to64,150kplus,0
000076593,65plus,less75k,0
000076606,65plus,150kplus,0
000076615,25to44,less75k,0
000076623,25to44,less75k,0
000076640,25to44,100to150k,0
000076641,25to44,100to150k,0
000076716,55to64,75to100k,0
000076743,65plus,less75k,0
000076753,65plus,100to150k,0
000076762,65plus,150kplus,0
000076772,25to44,less75k,1
000076798,25to44,100to150k,1
000076845,45to54,100to150k,1
000076853,45to54,150kplus,1
000076901,55to64,150kplus,1
000076911,65plus,less75k,1
000076923,65plus,150kplus,1
000076957,25to44,150kplus,1
000076958,25to44,150kplus,1
000077059,25to44,150kplus,1
000077063,45to54,75to100k,1
000077076,65plus,75to100k,1
000008186,45to54,less75k,0
000045191,25to44,less75k,1
000007672,25to44,less75k,0
000007682,25to44,100to150k,0
000007686,45to54,less75k,0
000007687,45to54,less75k,0
000007692,45to54,less75k,0
000007693,45to54,less75k,0
000007695,45to54,less75k,0
000007702,45to54,75to100k,0
000007705,45to54,100to150k,0
000007706,45to54,100to150k,0
000007708,45to54,150kplus,0
000007712,55to64,less75k,0
000007715,55to64,100to150k,0
000007717,65plus,less75k,0
000007720,65plus,less75k,0
000007722,65plus,less75k,0
000007727,65plus,75to100k,0
000007729,65plus,100to150k,0
000007738,25to44,100to150k,0
000007753,55to64,150kplus,0
000007759,65plus,75to100k,0
000007760,65plus,100to150k,0
000007769,25to44,less75k,1
000007772,25to44,75to100k,1
000007778,25to44,100to150k,1
000007793,45to54,less75k,1
000007794,45to54,less75k,1
000007797,45to54,75to100k,1
000007803,45to54,100to150k,1
000007820,65plus,less75k,1
000007821,65plus,less75k,1
000007823,65plus,less75k,1
000007829,65plus,75to100k,1
000007838,25to44,less75k,1
000007853,55to64,100to150k,1
000007857,65plus,less75k,1
000007870,45to54,less75k,1
000007880,65plus,less75k,1
000007885,65plus,150kplus,1
000007757,65plus,less75k,0
000007796,45to54,less75k,1
000007883,65plus,75to100k,1
000015325,65plus,less75k,0
000015335,65plus,75to100k,0
000015348,65plus,150kplus,0
000015369,25to44,75to100k,0
000015385,45to54,less75k,0
000015464,65plus,less75k,0
000015481,65plus,100to150k,0
000015500,25to44,100to150k,1
000015582,65plus,75to100k,1
000015261,25to44,less75k,0
000015262,25to44,75to100k,0
000015269,25to44,100to150k,0
000015295,55to64,less75k,0
000015297,55to64,less75k,0
000015380,25to44,150kplus,0
000015412,55to64,less75k,0
000015419,55to64,less75k,0
000015422,55to64,less75k,0
000015476,65plus,75to100k,0
000015478,65plus,75to100k,0
000015510,45to54,150kplus,1
000015541,25to44,less75k,1
000015543,25to44,75to100k,1
000015592,25to44,75to100k,1
000015611,65plus,less75k,1
000015289,45to54,100to150k,0
000015330,65plus,less75k,0
000015338,65plus,75to100k,0
000015395,45to54,less75k,0
000015491,65plus,150kplus,0
000015547,25to44,100to150k,1
000015564,55to64,less75k,1
000015588,25to44,less75k,1
000015597,45to54,less75k,1
000015623,25to44,100to150k,1
000013270,45to54,75to100k,0
000013359,65plus,75to100k,0
000013438,25to44,100to150k,0
000013448,25to44,100to150k,0
000013468,45to54,less75k,0
000013471,45to54,less75k,0
000013514,45to54,75to100k,0
000013575,55to64,75to100k,0
000013607,55to64,150kplus,0
000013663,65plus,less75k,0
000013776,45to54,75to100k,1
000013856,45to54,75to100k,1
000013916,65plus,75to100k,1
000013920,65plus,75to100k,1
000015299,55to64,less75k,0
000015372,25to44,75to100k,0
000015473,65plus,75to100k,0
000015480,65plus,100to150k,0
000015527,65plus,less75k,1
000015587,65plus,150kplus,1
000015281,45to54,less75k,0
000015283,45to54,75to100k,0
000015331,65plus,less75k,0
000015354,25to44,less75k,0
000015445,55to64,100to150k,0
000015455,65plus,less75k,0
000015522,55to64,100to150k,1
000015621,25to44,less75k,1
000015637,65plus,less75k,1
000015333,65plus,less75k,0
000015469,65plus,less75k,0
000015505,45to54,less75k,1
000015514,55to64,less75k,1
000015548,25to44,150kplus,1
000015558,55to64,less75k,1
000015629,45to54,150kplus,1
000015447,55to64,150kplus,0
000015563,55to64,less75k,1
000015443,55to64,100to150k,0
000015449,55to64,150kplus,0
000015613,65plus,less75k,1
000020358,25to44,less75k,0
000020369,25to44,less75k,0
000020372,25to44,less75k,0
000020377,25to44,less75k,0
000020388,45to54,less75k,0
000020405,55to64,less75k,0
000020451,25to44,less75k,0
000020471,55to64,less75k,0
000020472,55to64,less75k,0
000020481,65plus,less75k,0
000020493,45to54,100to150k,1
000020496,55to64,less75k,1
000020498,55to64,75to100k,1
000020509,25to44,less75k,1
000020517,25to44,less75k,1
000020540,55to64,less75k,1
000020563,45to54,less75k,1
000023485,45to54,less75k,1
000007400,25to44,100to150k,1
000015341,65plus,100to150k,0
000015347,65plus,150kplus,0
000015409,55to64,less75k,0
000015433,55to64,75to100k,0
000015545,25to44,75to100k,1
000015598,45to54,less75k,1
000015599,45to54,75to100k,1
000007188,25_below,150kplus,0
000007189,25to44,less75k,0
000007190,25to44,less75k,0
000007193,25to44,100to150k,0
000007195,45to54,less75k,0
000007204,55to64,less75k,0
000007206,55to64,less75k,0
000007211,55to64,75to100k,0
000007218,65plus,less75k,0
000007219,65plus,less75k,0
000007227,25_below,less75k,0
000007232,25_below,75to100k,0
000007233,25_below,75to100k,0
000007236,25_below,150kplus,0
000007237,25to44,less75k,0
000007241,25to44,less75k,0
000007250,25to44,75to100k,0
000007264,45to54,less75k,0
000007266,45to54,less75k,0
000007267,45to54,less75k,0
000007272,45to54,less75k,0
000007290,55to64,less75k,0
000007291,55to64,less75k,0
000007292,55to64,less75k,0
000007293,55to64,less75k,0
000007299,55to64,less75k,0
000007307,55to64,less75k,0
000007309,55to64,less75k,0
000007310,55to64,less75k,0
000007311,55to64,less75k,0
000007317,55to64,less75k,0
000007322,55to64,less75k,0
000007325,55to64,75to100k,0
000007326,55to64,75to100k,0
000007329,55to64,75to100k,0
000007331,55to64,75to100k,0
000007333,55to64,75to100k,0
000007342,55to64,100to150k,0
000007344,55to64,100to150k,0
000007346,55to64,150kplus,0
000007348,65plus,less75k,0
000007354,65plus,less75k,0
000007355,65plus,less75k,0
000007359,65plus,less75k,0
000007363,65plus,less75k,0
000007365,65plus,less75k,0
000007368,65plus,less75k,0
000007369,65plus,less75k,0
000007373,65plus,less75k,0
000007374,65plus,less75k,0
000007375,65plus,75to100k,0
000007391,65plus,150kplus,0
000007396,25_below,150kplus,1
000007403,45to54,less75k,1
000007404,45to54,less75k,1
000007406,45to54,100to150k,1
000007408,55to64,less75k,1
000007410,55to64,less75k,1
000007414,55to64,75to100k,1
000007416,55to64,100to150k,1
000007419,65plus,less75k,1
000007422,65plus,less75k,1
000007426,65plus,100to150k,1
000007431,25_below,100to150k,1
000007432,25_below,150kplus,1
000007435,25to44,75to100k,1
000007438,45to54,less75k,1
000007440,45to54,75to100k,1
000007445,55to64,less75k,1
000007447,55to64,75to100k,1
000007302,55to64,less75k,0
000007320,55to64,less75k,0
000007328,55to64,75to100k,0
000007451,65plus,less75k,1
000052904,55to64,150kplus,1
000066444,45to54,less75k,0
000066757,65plus,less75k,0
000067000,55to64,75to100k,1
000047108,65plus,75to100k,0
000047231,65plus,less75k,0
000047354,65plus,100to150k,1
000047385,55to64,75to100k,1
000047016,25to44,less75k,0
000047030,45to54,less75k,0
000047060,55to64,less75k,0
000047099,65plus,less75k,0
000047142,25to44,100to150k,0
000047178,55to64,less75k,0
000047322,45to54,less75k,1
000047373,65plus,75to100k,1
000047057,55to64,less75k,0
000047078,65plus,less75k,0
000047084,65plus,less75k,0
000047300,65plus,less75k,1
000047327,55to64,less75k,1
000047352,65plus,75to100k,1
000026462,55to64,75to100k,0
000026542,25to44,100to150k,0
000026543,25to44,100to150k,0
000026565,45to54,less75k,0
000026584,45to54,less75k,0
000026603,45to54,100to150k,0
000026748,25to44,75to100k,1
000026828,25to44,75to100k,1
000026893,65plus,150kplus,1
000026908,55to64,100to150k,1
000026913,65plus,100to150k,1
000026917,25to44,less75k,0
000026935,45to54,less75k,0
000026946,45to54,75to100k,0
000026972,25to44,less75k,1
000026999,45to54,less75k,1
000027028,65plus,less75k,1
000027062,45to54,75to100k,1
000027068,55to64,150kplus,1
000017451,25to44,less75k,0
000017484,45to54,100to150k,0
000017613,25to44,150kplus,0
000017639,45to54,100to150k,0
000017663,55to64,less75k,0
000017720,65plus,less75k,0
000017728,65plus,less75k,0
000017777,65plus,150kplus,0
000017781,65plus,150kplus,0
000017796,45to54,100to150k,1
000017821,65plus,75to100k,1
000017824,65plus,100to150k,1
000017842,25to44,150kplus,1
000017859,55to64,less75k,1
000017884,65plus,75to100k,1
000017459,25to44,100to150k,0
000017461,25to44,150kplus,0
000017468,45to54,less75k,0
000017475,45to54,75to100k,0
000017486,45to54,150kplus,0
000017487,45to54,150kplus,0
000017488,45to54,150kplus,0
000017507,55to64,75to100k,0
000017532,65plus,less75k,0
000017533,65plus,less75k,0
000017535,65plus,less75k,0
000017561,65plus,100to150k,0
000017565,65plus,100to150k,0
000017570,65plus,150kplus,0
000017579,65plus,150kplus,0
000017583,65plus,150kplus,0
000017617,45to54,less75k,0
000017635,45to54,100to150k,0
000017638,45to54,100to150k,0
000017665,55to64,less75k,0
000017677,55to64,100to150k,0
000017698,55to64,150kplus,0
000017707,55to64,150kplus,0
000017719,65plus,less75k,0
000017721,65plus,less75k,0
000017773,65plus,150kplus,0
000017793,45to54,less75k,1
000017799,45to54,150kplus,1
000017817,65plus,less75k,1
000017827,65plus,150kplus,1
000017877,65plus,less75k,1
000017895,65plus,150kplus,1
000017899,65plus,150kplus,1
000017903,25to44,less75k,1
000017905,25to44,100to150k,1
000017907,25to44,150kplus,1
000017922,55to64,100to150k,1
000017929,65plus,less75k,1
000017938,65plus,150kplus,1
000002912,45to54,150kplus,0
000003044,65plus,150kplus,0
000003158,45to54,150kplus,0
000003166,45to54,150kplus,0
000003249,55to64,150kplus,0
000003317,65plus,100to150k,0
000003357,25to44,less75k,1
000003360,25to44,75to100k,1
000003509,55to64,less75k,1
000063784,25to44,100to150k,0
000063804,55to64,100to150k,0
000063872,25to44,100to150k,0
000063946,55to64,75to100k,0
000064046,25to44,less75k,1
000064068,45to54,less75k,1
000064081,55to64,less75k,1
000064092,55to64,100to150k,1
000064144,55to64,less75k,1
000064198,25to44,75to100k,1
000008192,45to54,75to100k,0
000008214,55to64,less75k,0
000008229,65plus,less75k,0
000008266,65plus,less75k,0
000008285,65plus,100to150k,0
000008319,45to54,less75k,0
000008355,55to64,75to100k,0
000008376,65plus,less75k,0
000008405,65plus,75to100k,0
000008408,65plus,75to100k,0
000008446,65plus,100to150k,1
000008490,65plus,less75k,1
000055304,25to44,75to100k,0
000055312,45to54,less75k,0
000055322,45to54,150kplus,0
000055324,55to64,less75k,0
000055329,55to64,75to100k,0
000055331,55to64,100to150k,0
000055337,55to64,150kplus,0
000055340,55to64,150kplus,0
000055342,65plus,less75k,0
000055350,65plus,150kplus,0
000055356,25to44,less75k,0
000055357,25to44,less75k,0
000055359,25to44,less75k,0
000055360,25to44,less75k,0
000055361,25to44,75to100k,0
000055362,25to44,75to100k,0
000055369,25to44,100to150k,0
000055371,25to44,100to150k,0
000055378,25to44,150kplus,0
000055379,25to44,150kplus,0
000055380,25to44,150kplus,0
000055392,45to54,less75k,0
000055393,45to54,less75k,0
000055394,45to54,75to100k,0
000055397,45to54,75to100k,0
000055400,45to54,100to150k,0
000055401,45to54,100to150k,0
000055405,45to54,100to150k,0
000055406,45to54,100to150k,0
000055415,45to54,150kplus,0
000055418,55to64,less75k,0
000055419,55to64,less75k,0
000055422,55to64,less75k,0
000055423,55to64,less75k,0
000055424,55to64,less75k,0
000055426,55to64,less75k,0
000055427,55to64,less75k,0
000055444,55to64,100to150k,0
000055445,55to64,100to150k,0
000055452,55to64,100to150k,0
000055455,55to64,100to150k,0
000055456,55to64,100to150k,0
000055461,55to64,150kplus,0
000055462,55to64,150kplus,0
000055471,65plus,less75k,0
000055477,65plus,less75k,0
000055493,65plus,150kplus,0
000055501,25to44,75to100k,1
000055503,25to44,75to100k,1
000055504,25to44,100to150k,1
000055507,25to44,100to150k,1
000055508,25to44,100to150k,1
000055511,25to44,150kplus,1
000055515,45to54,less75k,1
000055516,45to54,less75k,1
000055517,45to54,75to100k,1
000055518,45to54,75to100k,1
000055519,45to54,75to100k,1
000055524,45to54,100to150k,1
000055529,55to64,less75k,1
000055537,55to64,75to100k,1
000055538,55to64,75to100k,1
000055541,55to64,100to150k,1
000055543,55to64,100to150k,1
000055545,55to64,100to150k,1
000055546,55to64,100to150k,1
000055549,55to64,150kplus,1
000055551,55to64,150kplus,1
000055553,55to64,150kplus,1
000055554,55to64,150kplus,1
000055558,65plus,less75k,1
000055561,65plus,100to150k,1
000055562,65plus,100to150k,1
000055564,65plus,100to150k,1
000055567,65plus,150kplus,1
000055568,65plus,150kplus,1
000055570,25to44,less75k,1
000055571,25to44,75to100k,1
000055574,25to44,150kplus,1
000055582,45to54,150kplus,1
000055586,55to64,75to100k,1
000055588,55to64,100to150k,1
000055593,55to64,150kplus,1
000055597,65plus,75to100k,1
000055606,45to54,less75k,1
000055616,55to64,150kplus,1
000055620,65plus,150kplus,1
000046678,55to64,less75k,0
000046729,25to44,150kplus,0
000046862,45to54,75to100k,1
000046990,65plus,150kplus,1
000066438,25to44,150kplus,0
000066445,45to54,less75k,0
000066459,45to54,100to150k,0
000066470,55to64,less75k,0
000066474,55to64,less75k,0
000066481,55to64,75to100k,0
000066497,55to64,150kplus,0
000066509,65plus,75to100k,0
000066545,25to44,less75k,0
000066587,25to44,150kplus,0
000066588,25to44,150kplus,0
000066646,45to54,100to150k,0
000066661,45to54,150kplus,0
000066691,55to64,less75k,0
000066773,65plus,75to100k,0
000066800,65plus,150kplus,0
000066832,25to44,150kplus,1
000066835,45to54,less75k,1
000066841,45to54,75to100k,1
000066867,55to64,100to150k,1
000066875,65plus,less75k,1
000066880,65plus,75to100k,1
000066901,25to44,less75k,1
000066907,25to44,75to100k,1
000066997,55to64,less75k,1
000067001,55to64,75to100k,1
000067012,55to64,100to150k,1
000067017,55to64,150kplus,1
000067042,65plus,75to100k,1
000067069,25to44,less75k,1
000067073,25to44,75to100k,1
000067082,25to44,150kplus,1
000067086,45to54,less75k,1
000067092,45to54,100to150k,1
000067105,55to64,100to150k,1
000041433,55to64,100to150k,1
000041488,45to54,less75k,1
000041553,65plus,less75k,1
000052302,45to54,less75k,0
000052425,25to44,150kplus,0
000052456,45to54,less75k,0
000052514,45to54,150kplus,0
000052573,55to64,100to150k,0
000052635,65plus,75to100k,0
000052693,45to54,less75k,1
000052703,45to54,75to100k,1
000052897,55to64,100to150k,1
000052972,45to54,100to150k,1
000053025,65plus,75to100k,1
000041638,25to44,150kplus,0
000041689,25to44,150kplus,0
000041740,55to64,100to150k,0
000041273,55to64,less75k,0
000042182,55to64,less75k,0
000021060,65plus,100to150k,0
000021061,65plus,150kplus,0
000021083,55to64,less75k,0
000021103,55to64,100to150k,0
000021173,65plus,75to100k,1
000044067,25to44,100to150k,0
000044163,65plus,less75k,0
000044178,65plus,75to100k,0
000044184,65plus,100to150k,0
000044185,65plus,100to150k,0
000044217,25to44,less75k,0
000044218,25to44,less75k,0
000044222,25to44,less75k,0
000044249,25to44,100to150k,0
000044373,55to64,75to100k,0
000044380,55to64,75to100k,0
000044436,65plus,less75k,0
000044443,65plus,less75k,0
000044476,65plus,75to100k,0
000044487,65plus,75to100k,0
000044539,25to44,100to150k,1
000044608,55to64,less75k,1
000044675,45to54,100to150k,1
000044678,55to64,less75k,1
000044687,55to64,150kplus,1
000044696,65plus,100to150k,1
000058687,65plus,75to100k,1
000010356,25to44,less75k,0
000010413,45to54,75to100k,0
000012762,25to44,less75k,0
000012785,25to44,100to150k,0
000012798,25to44,150kplus,0
000012809,45to54,less75k,0
000012832,55to64,less75k,0
000012844,55to64,75to100k,0
000012857,55to64,150kplus,0
000012859,65plus,less75k,0
000012868,65plus,less75k,0
000012898,65plus,100to150k,0
000012909,65plus,100to150k,0
000012910,65plus,150kplus,0
000012925,25to44,less75k,0
000013019,65plus,less75k,0
000013043,65plus,100to150k,0
000013048,65plus,150kplus,0
000013055,25to44,less75k,1
000013083,55to64,less75k,1
000013123,25to44,75to100k,1
000013178,25to44,100to150k,1
000013181,45to54,less75k,1
000013193,65plus,75to100k,1
000013197,65plus,150kplus,1
000013203,25to44,150kplus,1
000060155,25to44,75to100k,0
000060171,25to44,150kplus,0
000060451,55to64,less75k,1
000012793,25to44,100to150k,0
000012851,55to64,100to150k,0
000012876,65plus,less75k,0
000012899,65plus,100to150k,0
000012980,45to54,100to150k,0
000012985,55to64,less75k,0
000013014,65plus,less75k,0
000013122,25to44,75to100k,1
000075493,45to54,100to150k,0
000075505,45to54,150kplus,0
000075518,55to64,75to100k,0
000075565,25to44,less75k,0
000075640,45to54,less75k,0
000075666,45to54,75to100k,0
000075677,45to54,75to100k,0
000075687,45to54,100to150k,0
000075690,45to54,100to150k,0
000075865,45to54,less75k,1
000075868,45to54,75to100k,1
000075874,55to64,less75k,1
000075878,65plus,less75k,1
000060064,55to64,less75k,0
000060087,65plus,less75k,0
000060214,55to64,less75k,0
000060395,65plus,75to100k,1
000013256,45to54,less75k,0
000013265,45to54,less75k,0
000013271,45to54,75to100k,0
000013295,55to64,less75k,0
000013329,65plus,less75k,0
000013367,65plus,75to100k,0
000013375,65plus,100to150k,0
000013396,65plus,150kplus,0
000013457,45to54,less75k,0
000013459,45to54,less75k,0
000013464,45to54,less75k,0
000013500,45to54,75to100k,0
000013545,45to54,150kplus,0
000013563,55to64,less75k,0
000013588,55to64,75to100k,0
000013614,65plus,less75k,0
000013670,65plus,less75k,0
000013720,65plus,100to150k,0
000013741,65plus,100to150k,0
000013768,45to54,less75k,1
000013769,45to54,less75k,1
000013786,55to64,less75k,1
000013826,25to44,less75k,1
000013831,25to44,75to100k,1
000013837,25to44,100to150k,1
000013858,45to54,75to100k,1
000013873,55to64,less75k,1
000013877,55to64,less75k,1
000013886,55to64,100to150k,1
000013947,55to64,100to150k,1
000013961,45to54,100to150k,1
000013450,25to44,100to150k,0
000013562,55to64,less75k,0
000013643,65plus,less75k,0
000013911,65plus,75to100k,1
000015320,55to64,150kplus,0
000015568,55to64,100to150k,1
000067155,45to54,150kplus,0
000067168,55to64,100to150k,0
000067216,55to64,less75k,0
000067265,25to44,100to150k,1
000067305,55to64,less75k,1
000067358,25to44,100to150k,1
000067360,25to44,150kplus,1
000067383,55to64,100to150k,1
000047025,25to44,150kplus,0
000047042,45to54,100to150k,0
000058586,65plus,less75k,0
000058588,65plus,less75k,0
000058598,65plus,150kplus,0
000058607,45to54,less75k,0
000058636,55to64,150kplus,0
000058656,65plus,less75k,0
000058657,65plus,less75k,0
000058660,65plus,75to100k,0
000058678,45to54,less75k,1
000058689,65plus,150kplus,1
000032974,45to54,less75k,1
000017463,25to44,150kplus,0
000017466,25to44,150kplus,0
000017471,45to54,less75k,0
000017472,45to54,less75k,0
000017483,45to54,100to150k,0
000017493,45to54,150kplus,0
000017498,55to64,less75k,0
000017516,55to64,100to150k,0
000017517,55to64,100to150k,0
000017526,55to64,150kplus,0
000017537,65plus,less75k,0
000017545,65plus,less75k,0
000017546,65plus,less75k,0
000017548,65plus,75to100k,0
000017554,65plus,100to150k,0
000017555,65plus,100to150k,0
000017560,65plus,100to150k,0
000017562,65plus,100to150k,0
000017563,65plus,100to150k,0
000017564,65plus,100to150k,0
000017571,65plus,150kplus,0
000017586,25to44,less75k,0
000017589,25to44,less75k,0
000017597,25to44,100to150k,0
000017605,25to44,150kplus,0
000017609,25to44,150kplus,0
000017618,45to54,less75k,0
000017619,45to54,less75k,0
000017622,45to54,less75k,0
000017623,45to54,less75k,0
000017625,45to54,less75k,0
000017626,45to54,less75k,0
000017632,45to54,100to150k,0
000017641,45to54,100to150k,0
000017647,45to54,150kplus,0
000017658,55to64,less75k,0
000017674,55to64,75to100k,0
000017678,55to64,100to150k,0
000017684,55to64,100to150k,0
000017690,55to64,100to150k,0
000017696,55to64,150kplus,0
000017697,55to64,150kplus,0
000017700,55to64,150kplus,0
000017702,55to64,150kplus,0
000017704,55to64,150kplus,0
000017706,55to64,150kplus,0
000017708,65plus,less75k,0
000017716,65plus,less75k,0
000017724,65plus,less75k,0
000017726,65plus,less75k,0
000017735,65plus,75to100k,0
000017741,65plus,100to150k,0
000017742,65plus,100to150k,0
000017744,65plus,100to150k,0
000017752,65plus,100to150k,0
000017766,65plus,150kplus,0
000017778,65plus,150kplus,0
000017784,65plus,150kplus,0
000017792,45to54,less75k,1
000017801,45to54,150kplus,1
000017804,55to64,less75k,1
000017812,55to64,150kplus,1
000017813,55to64,150kplus,1
000017814,55to64,150kplus,1
000017823,65plus,100to150k,1
000017829,65plus,150kplus,1
000017832,65plus,150kplus,1
000017834,25to44,less75k,1
000017850,45to54,100to150k,1
000017867,55to64,100to150k,1
000017872,55to64,150kplus,1
000017876,65plus,less75k,1
000017883,65plus,less75k,1
000017886,65plus,75to100k,1
000017888,65plus,100to150k,1
000017889,65plus,100to150k,1
000017908,25to44,150kplus,1
000017937,65plus,150kplus,1
000003643,25to44,less75k,0
000003675,45to54,less75k,0
000003681,45to54,100to150k,0
000003704,55to64,150kplus,0
000003706,55to64,150kplus,0
000003732,25to44,less75k,0
000003736,25to44,less75k,0
000003742,25to44,less75k,0
000003778,25to44,150kplus,0
000003784,25to44,150kplus,0
000003791,25to44,150kplus,0
000003797,45to54,less75k,0
000003801,45to54,less75k,0
000003818,45to54,150kplus,0
000003844,55to64,75to100k,0
000003853,55to64,100to150k,0
000003881,65plus,less75k,0
000003898,65plus,100to150k,0
000003916,65plus,150kplus,0
000003923,25to44,75to100k,1
000003929,25to44,150kplus,1
000003941,45to54,150kplus,1
000003978,25to44,150kplus,1
000003979,25to44,150kplus,1
000003985,45to54,less75k,1
000004008,55to64,150kplus,1
000004032,45to54,75to100k,1
000065651,55to64,150kplus,0
000065701,45to54,75to100k,0
000065765,55to64,150kplus,0
000065786,65plus,less75k,0
000065806,65plus,150kplus,0
000065824,45to54,less75k,1
000065877,65plus,150kplus,1
000065943,65plus,100to150k,1
000023584,55to64,100to150k,0
000040523,25to44,100to150k,0
000040571,55to64,less75k,0
000040580,55to64,100to150k,0
000040600,65plus,less75k,0
000040606,65plus,100to150k,0
000040632,25to44,less75k,0
000040636,25to44,less75k,0
000040641,25to44,75to100k,0
000040703,45to54,100to150k,0
000040849,25to44,75to100k,1
000040889,55to64,75to100k,1
000040896,55to64,100to150k,1
000040929,25to44,less75k,1
000040945,45to54,less75k,1
000040997,65plus,less75k,1
000041022,45to54,100to150k,1
000036102,25to44,less75k,0
000036103,25to44,less75k,0
000036108,25to44,less75k,0
000036109,25to44,less75k,0
000036112,25to44,less75k,0
000036113,25to44,less75k,0
000036116,25to44,less75k,0
000036123,25to44,75to100k,0
000036124,25to44,75to100k,0
000036126,25to44,100to150k,0
000036127,25to44,100to150k,0
000036129,25to44,100to150k,0
000036132,25to44,100to150k,0
000036136,25to44,100to150k,0
000036137,25to44,100to150k,0
000036138,25to44,100to150k,0
000036139,25to44,150kplus,0
000036141,25to44,150kplus,0
000036142,25to44,150kplus,0
000036145,25to44,150kplus,0
000036150,45to54,less75k,0
000036151,45to54,less75k,0
000036152,45to54,less75k,0
000036153,45to54,less75k,0
000036155,45to54,less75k,0
000036156,45to54,less75k,0
000036158,45to54,less75k,0
000036163,45to54,less75k,0
000036164,45to54,less75k,0
000036171,45to54,75to100k,0
000036172,45to54,75to100k,0
000036173,45to54,100to150k,0
000036174,45to54,100to150k,0
000036178,45to54,100to150k,0
000036182,45to54,100to150k,0
000036189,45to54,150kplus,0
000036192,45to54,150kplus,0
000036194,45to54,150kplus,0
000036200,55to64,less75k,0
000036204,55to64,less75k,0
000036209,55to64,less75k,0
000036212,55to64,less75k,0
000036216,55to64,less75k,0
000036217,55to64,less75k,0
000036218,55to64,less75k,0
000036221,55to64,less75k,0
000036222,55to64,less75k,0
000036224,55to64,less75k,0
000036230,55to64,less75k,0
000036231,55to64,less75k,0
000036233,55to64,less75k,0
000036234,55to64,less75k,0
000036238,55to64,75to100k,0
000036241,55to64,75to100k,0
000036243,55to64,75to100k,0
000036244,55to64,75to100k,0
000036254,55to64,100to150k,0
000036259,55to64,100to150k,0
000036262,55to64,100to150k,0
000036265,55to64,100to150k,0
000036267,55to64,100to150k,0
000036270,55to64,100to150k,0
000036274,55to64,100to150k,0
000036278,55to64,100to150k,0
000036280,55to64,100to150k,0
000036282,55to64,100to150k,0
000036287,55to64,150kplus,0
000036289,55to64,150kplus,0
000036292,55to64,150kplus,0
000036294,55to64,150kplus,0
000036297,55to64,150kplus,0
000036299,55to64,150kplus,0
000036303,55to64,150kplus,0
000036305,65plus,less75k,0
000036306,65plus,less75k,0
000036308,65plus,less75k,0
000036309,65plus,less75k,0
000036316,65plus,less75k,0
000036321,65plus,less75k,0
000036323,65plus,less75k,0
000036324,65plus,less75k,0
000036325,65plus,less75k,0
000036326,65plus,less75k,0
000036332,65plus,75to100k,0
000036334,65plus,75to100k,0
000036335,65plus,75to100k,0
000036338,65plus,100to150k,0
000036341,65plus,100to150k,0
000036346,65plus,100to150k,0
000036353,65plus,150kplus,0
000036355,65plus,150kplus,0
000036359,65plus,150kplus,0
000036361,65plus,150kplus,0
000036367,25to44,less75k,0
000036372,25to44,75to100k,0
000036377,25to44,100to150k,0
000036394,45to54,75to100k,0
000036395,45to54,75to100k,0
000036399,45to54,100to150k,0
000036403,45to54,150kplus,0
000036405,45to54,150kplus,0
000036406,45to54,150kplus,0
000036407,55to64,less75k,0
000036409,55to64,less75k,0
000036410,55to64,less75k,0
000036413,55to64,less75k,0
000036414,55to64,less75k,0
000036417,55to64,less75k,0
000036418,55to64,less75k,0
000036419,55to64,less75k,0
000036420,55to64,less75k,0
000036422,55to64,less75k,0
000036425,55to64,less75k,0
000036428,55to64,75to100k,0
000036431,55to64,75to100k,0
000036450,55to64,150kplus,0
000036451,55to64,150kplus,0
000036452,55to64,150kplus,0
000036455,55to64,150kplus,0
000036456,55to64,150kplus,0
000036459,65plus,less75k,0
000036460,65plus,less75k,0
000036461,65plus,less75k,0
000036463,65plus,less75k,0
000036465,65plus,less75k,0
000036471,65plus,75to100k,0
000036472,65plus,100to150k,0
000036476,65plus,100to150k,0
000036486,25to44,less75k,1
000036489,25to44,less75k,1
000036492,25to44,100to150k,1
000036494,25to44,100to150k,1
000036498,25to44,150kplus,1
000036499,45to54,less75k,1
000036500,45to54,less75k,1
000036506,45to54,75to100k,1
000036509,45to54,100to150k,1
000036511,45to54,150kplus,1
000036514,55to64,less75k,1
000036515,55to64,less75k,1
000036517,55to64,less75k,1
000036520,55to64,less75k,1
000036521,55to64,less75k,1
000036522,55to64,less75k,1
000036527,55to64,75to100k,1
000036530,55to64,75to100k,1
000036533,55to64,100to150k,1
000036537,55to64,100to150k,1
000036539,55to64,100to150k,1
000036541,55to64,150kplus,1
000036544,55to64,150kplus,1
000036545,65plus,less75k,1
000036549,65plus,less75k,1
000036554,65plus,75to100k,1
000036561,65plus,150kplus,1
000036564,25to44,less75k,1
000036565,25to44,75to100k,1
000036566,25to44,100to150k,1
000036567,25to44,150kplus,1
000036571,45to54,100to150k,1
000036575,55to64,less75k,1
000036578,55to64,100to150k,1
000036579,55to64,100to150k,1
000036583,65plus,less75k,1
000036587,65plus,100to150k,1
000036589,25to44,less75k,1
000036590,25to44,less75k,1
000036592,25to44,less75k,1
000036594,25to44,75to100k,1
000036596,25to44,100to150k,1
000036598,25to44,150kplus,1
000036603,45to54,less75k,1
000036605,45to54,75to100k,1
000036606,45to54,75to100k,1
000036610,45to54,100to150k,1
000036613,55to64,less75k,1
000036623,55to64,75to100k,1
000036625,55to64,75to100k,1
000036626,55to64,75to100k,1
000036628,55to64,100to150k,1
000036631,55to64,100to150k,1
000036633,55to64,100to150k,1
000036636,55to64,150kplus,1
000036637,55to64,150kplus,1
000036639,55to64,150kplus,1
000036642,65plus,less75k,1
000036644,65plus,less75k,1
000036652,65plus,150kplus,1
000036654,65plus,150kplus,1
000032633,25to44,less75k,0
000032642,25to44,75to100k,0
000032646,25to44,100to150k,0
000032647,25to44,100to150k,0
000032649,25to44,100to150k,0
000032652,25to44,150kplus,0
000032657,25to44,150kplus,0
000032659,25to44,150kplus,0
000032665,45to54,less75k,0
000032667,45to54,75to100k,0
000032694,55to64,100to150k,0
000032712,65plus,100to150k,0
000032739,25to44,75to100k,0
000032740,25to44,75to100k,0
000032741,25to44,75to100k,0
000032750,25to44,100to150k,0
000032751,25to44,100to150k,0
000032761,25to44,100to150k,0
000032763,25to44,150kplus,0
000032772,25to44,150kplus,0
000032781,25to44,150kplus,0
000032785,45to54,less75k,0
000032786,45to54,less75k,0
000032788,45to54,less75k,0
000032789,45to54,less75k,0
000032792,45to54,less75k,0
000032801,45to54,75to100k,0
000032802,45to54,75to100k,0
000032804,45to54,100to150k,0
000032805,45to54,100to150k,0
000032808,45to54,100to150k,0
000032821,45to54,150kplus,0
000032829,45to54,150kplus,0
000032836,55to64,less75k,0
000032837,55to64,less75k,0
000032849,55to64,75to100k,0
000032850,55to64,100to150k,0
000032854,55to64,100to150k,0
000032856,55to64,100to150k,0
000032857,55to64,100to150k,0
000032867,55to64,150kplus,0
000032876,65plus,less75k,0
000032897,65plus,100to150k,0
000032898,65plus,100to150k,0
000032900,65plus,150kplus,0
000032901,65plus,150kplus,0
000032907,65plus,150kplus,0
000032913,25to44,75to100k,1
000032916,25to44,100to150k,1
000032917,25to44,100to150k,1
000032920,25to44,150kplus,1
000032923,45to54,75to100k,1
000032924,45to54,100to150k,1
000032930,55to64,less75k,1
000032934,55to64,150kplus,1
000032944,25to44,less75k,1
000032945,25to44,less75k,1
000032948,25to44,less75k,1
000032957,25to44,100to150k,1
000032966,25to44,150kplus,1
000032975,45to54,75to100k,1
000032979,45to54,100to150k,1
000032981,45to54,100to150k,1
000033004,55to64,150kplus,1
000033005,55to64,150kplus,1
000033022,65plus,150kplus,1
000033023,65plus,150kplus,1
000033035,25to44,100to150k,1
000033044,45to54,less75k,1
000033052,45to54,150kplus,1
000033067,65plus,75to100k,1
000033079,25to44,150kplus,1
000033082,45to54,100to150k,1
000033089,65plus,less75k,1
000033090,65plus,75to100k,1
000032351,65plus,75to100k,0
000032623,65plus,75to100k,1
000032266,45to54,less75k,0
000032267,45to54,less75k,0
000032296,45to54,150kplus,0
000032310,55to64,less75k,0
000032422,45to54,less75k,0
000032448,55to64,less75k,0
000032451,55to64,less75k,0
000032472,55to64,150kplus,0
000032478,65plus,less75k,0
000032557,65plus,150kplus,1
000032559,65plus,150kplus,1
000032579,55to64,less75k,1
000032593,65plus,150kplus,1
000032612,45to54,150kplus,1
000032268,45to54,less75k,0
000032311,55to64,less75k,0
000032316,55to64,75to100k,0
000032381,65plus,150kplus,0
000032424,45to54,75to100k,0
000032430,45to54,100to150k,0
000032496,65plus,100to150k,0
000032504,65plus,150kplus,0
000078172,25to44,100to150k,1
000078223,45to54,75to100k,1
000078231,45to54,100to150k,1
000078241,45to54,150kplus,1
000078369,45to54,less75k,1
000078374,45to54,less75k,1
000078381,45to54,75to100k,1
000078487,65plus,75to100k,1
000032367,65plus,100to150k,0
000032369,65plus,100to150k,0
000032457,55to64,75to100k,0
000032532,45to54,100to150k,1
000032535,45to54,150kplus,1
000032491,65plus,100to150k,0
000032538,55to64,less75k,1
000032610,45to54,150kplus,1
000029610,25to44,less75k,0
000029953,25to44,less75k,1
000030024,25to44,150kplus,1
000078503,25to44,100to150k,0
000078507,25to44,150kplus,0
000078562,55to64,less75k,0
000078583,55to64,100to150k,0
000078600,55to64,150kplus,0
000078621,65plus,less75k,0
000078624,65plus,less75k,0
000078715,45to54,less75k,0
000078759,45to54,150kplus,0
000078809,55to64,75to100k,0
000078816,55to64,100to150k,0
000078819,55to64,100to150k,0
000078848,55to64,150kplus,0
000078899,65plus,75to100k,0
000078904,65plus,75to100k,0
000078986,55to64,150kplus,1
000079030,45to54,150kplus,1
000079033,55to64,less75k,1
000079057,55to64,150kplus,1
000079091,45to54,100to150k,1
000079137,65plus,less75k,1
000078003,55to64,75to100k,0
000038022,25to44,less75k,0
000038128,65plus,less75k,0
000016568,55to64,150kplus,0
000016572,65plus,100to150k,0
000016576,25to44,less75k,0
000016577,25to44,75to100k,0
000016579,25to44,150kplus,0
000016588,45to54,100to150k,0
000016593,55to64,less75k,0
000016595,55to64,less75k,0
000016605,55to64,150kplus,0
000016608,65plus,less75k,0
000016611,65plus,less75k,0
000016615,65plus,less75k,0
000016620,65plus,75to100k,0
000016623,65plus,100to150k,0
000016628,65plus,150kplus,0
000016629,65plus,150kplus,0
000016636,65plus,150kplus,0
000016638,25to44,75to100k,1
000016639,25to44,100to150k,1
000016640,25to44,150kplus,1
000016641,45to54,less75k,1
000016645,45to54,150kplus,1
000016646,45to54,150kplus,1
000016658,65plus,75to100k,1
000016659,65plus,75to100k,1
000016661,65plus,100to150k,1
000016669,25to44,75to100k,1
000016671,25to44,150kplus,1
000016675,45to54,100to150k,1
000016681,55to64,100to150k,1
000016682,55to64,150kplus,1
000016683,55to64,150kplus,1
000016684,65plus,less75k,1
000016578,25to44,100to150k,0
000016583,45to54,less75k,0
000016587,45to54,100to150k,0
000016603,55to64,150kplus,0
000016633,65plus,150kplus,0
000016649,55to64,75to100k,1
000016666,65plus,150kplus,1
000016673,45to54,less75k,1
000016693,65plus,150kplus,1
000033342,55to64,less75k,0
000033488,45to54,less75k,1
000033590,65plus,75to100k,1
000078034,25to44,less75k,0
000078035,25to44,less75k,0
000078037,25to44,75to100k,0
000078038,25to44,100to150k,0
000078039,25to44,100to150k,0
000078041,25to44,150kplus,0
000078042,25to44,150kplus,0
000078043,45to54,less75k,0
000078044,45to54,less75k,0
000078045,45to54,less75k,0
000078046,45to54,less75k,0
000078047,45to54,less75k,0
000078048,45to54,75to100k,0
000078049,45to54,75to100k,0
000078050,45to54,100to150k,0
000078051,45to54,100to150k,0
000078052,45to54,100to150k,0
000078053,45to54,150kplus,0
000078054,45to54,150kplus,0
000078055,45to54,150kplus,0
000078058,55to64,less75k,0
000078059,55to64,75to100k,0
000078060,55to64,100to150k,0
