,timestep,case_id,attitude,subnorms,pbc,adoption_status,geoid
0,1,7093,-0.3125,0.0,1,0,360010003003028
1,1,18854,0.0,0.0,1,0,360010002003000
2,1,67886,0.625,0.25,1,0,360010137061001
3,1,7162,0.3125,0.5,1,0,360010003003023
4,1,45565,0.125,0.5,-0.8333333333333334,0,360010005022000
5,1,73606,0.0,0.0,1,0,360010021003000
6,1,63099,0.4375,0.75,-0.8333333333333334,0,360010137052014
7,1,31390,-0.75,0.5,1,0,360010018024005
8,1,19130,0.0,0.25,1,0,360010002001030
9,1,45605,0.9375,0.5,1,0,360010005022019
10,1,75888,-0.3125,0.5,1,0,360010139022010
11,1,14078,-0.25,0.0,1,0,360010140011009
12,1,56130,0.1875,0.5,1,0,360010135052000
13,1,78278,0.6875,0.5,1,0,360010146141000
14,1,35066,-0.0625,0.75,1,0,360010004032000
15,1,13519,-0.4375,0.0,1,0,360010139023000
16,1,13055,0.4375,0.75,1,0,360010139021015
17,1,54169,0.8125,0.75,1,0,360010141004003
18,1,38164,1.0,0.5,1,0,360010145031015
19,1,22961,0.4375,0.0,1,0,360010142024013
20,1,39225,0.0625,0.25,1,0,360010137071009
21,1,20849,0.0,0.5,1,0,360010022001002
22,1,34665,0.8125,-1.0,1,0,360010004034012
23,1,25508,0.3125,0.0,1,0,360010019022013
24,1,53642,0.75,0.75,1,0,360010138023005
25,1,72534,0.5,0.5,1,0,360010020001004
26,1,25604,-0.125,0.5,1,0,360010019022012
27,1,5685,0.5,0.75,1,0,360010138021012
28,1,68356,0.1875,1.0,1,0,360010141003000
29,1,72339,0.1875,1.0,1,0,360010020003004
30,1,41801,0.8125,0.25,1,0,360010148012037
31,1,79345,0.25,0.0,1,0,360010146142017
32,1,6481,-0.4375,0.5,1,0,360010146112000
33,1,6383,0.0,0.25,-0.8333333333333334,0,360010146112000
34,1,69805,0.75,-0.5,-0.8333333333333334,0,360010018012016
35,1,59215,0.125,-0.5,1,0,360010146063039
36,1,67773,0.1875,0.0,1,0,360010137061011
37,1,68058,0.0,0.0,1,0,360010137061012
38,1,27573,0.25,0.0,1,0,360010129001019
39,1,77924,0.3125,0.5,1,0,360010135082021
40,1,31635,0.625,1.0,1,0,360010018023001
41,1,59832,0.625,0.75,1,0,360010135081019
42,1,40688,0.25,1.0,1,0,360010146121026
43,1,28751,0.0,0.25,1,0,360010026004024
44,1,76090,0.1875,0.5,1,0,360010142032006
45,1,47998,0.25,0.75,1,0,360010130003015
46,1,10901,0.75,0.0,1,0,360010146091001
47,1,58440,0.125,0.5,1,0,360010148011092
48,1,52320,0.125,1.0,1,0,360010135083017
49,1,65655,-0.0625,0.5,1,0,360010142021013
50,2,7093,-0.3125,0.0,1,0,360010003003028
51,2,18854,0.0,0.0,1,0,360010002003000
52,2,67886,0.625,0.25,1,0,360010137061001
53,2,7162,0.3125,0.5,1,0,360010003003023
54,2,45565,0.125,0.5,-0.8333333333333334,0,360010005022000
55,2,73606,0.0,0.0,1,0,360010021003000
56,2,63099,0.4375,0.75,-0.8333333333333334,0,360010137052014
57,2,31390,-0.75,0.5,1,0,360010018024005
58,2,19130,0.0,0.25,1,0,360010002001030
59,2,45605,0.9375,0.5,1,0,360010005022019
60,2,75888,-0.3125,0.5,1,0,360010139022010
61,2,14078,-0.25,0.0,1,0,360010140011009
62,2,56130,0.1875,0.5,1,0,360010135052000
63,2,78278,0.6875,0.5,1,0,360010146141000
64,2,35066,-0.0625,0.75,1,0,360010004032000
65,2,13519,-0.4375,0.0,1,0,360010139023000
66,2,13055,0.4375,0.75,1,0,360010139021015
67,2,54169,0.8125,0.75,1,0,360010141004003
68,2,38164,1.0,0.5,1,0,360010145031015
69,2,22961,0.4375,0.0,1,0,360010142024013
70,2,39225,0.0625,0.25,1,0,360010137071009
71,2,20849,0.0,0.5,1,0,360010022001002
72,2,34665,0.8125,-1.0,1,0,360010004034012
73,2,25508,0.3125,0.0,1,0,360010019022013
74,2,53642,0.75,0.75,1,0,360010138023005
75,2,72534,0.5,0.5,1,0,360010020001004
76,2,25604,-0.125,0.5,1,0,360010019022012
77,2,5685,0.5,0.75,1,0,360010138021012
78,2,68356,0.1875,1.0,1,0,360010141003000
79,2,72339,0.1875,1.0,1,0,360010020003004
80,2,41801,0.8125,0.25,1,0,360010148012037
81,2,79345,0.25,0.0,1,0,360010146142017
82,2,6481,-0.4375,0.5,1,0,360010146112000
83,2,6383,0.0,0.25,-0.8333333333333334,0,360010146112000
84,2,69805,0.75,-0.5,-0.8333333333333334,0,360010018012016
85,2,59215,0.125,-0.5,1,0,360010146063039
86,2,67773,0.1875,0.0,1,0,360010137061011
87,2,68058,0.0,0.0,1,0,360010137061012
88,2,27573,0.25,0.0,1,0,360010129001019
89,2,77924,0.3125,0.5,1,0,360010135082021
90,2,31635,0.625,1.0,1,0,360010018023001
91,2,59832,0.625,0.75,1,0,360010135081019
92,2,40688,0.25,1.0,1,0,360010146121026
93,2,28751,0.0,0.25,1,0,360010026004024
94,2,76090,0.1875,0.5,1,0,360010142032006
95,2,47998,0.25,0.75,1,0,360010130003015
96,2,10901,0.75,0.0,1,0,360010146091001
97,2,58440,0.125,0.5,1,0,360010148011092
98,2,52320,0.125,1.0,1,0,360010135083017
99,2,65655,-0.0625,0.5,1,0,360010142021013
100,3,7093,-0.3125,0.0,1,0,360010003003028
101,3,18854,0.0,0.0,1,0,360010002003000
102,3,67886,0.625,0.25,1,0,360010137061001
103,3,7162,0.3125,0.5,1,0,360010003003023
104,3,45565,0.125,0.5,-0.8333333333333334,0,360010005022000
105,3,73606,0.0,0.0,1,0,360010021003000
106,3,63099,0.4375,0.75,-0.8333333333333334,0,360010137052014
107,3,31390,-0.75,0.5,1,0,360010018024005
108,3,19130,0.0,0.25,1,0,360010002001030
109,3,45605,0.9375,0.5,1,0,360010005022019
110,3,75888,-0.3125,0.5,1,0,360010139022010
111,3,14078,-0.25,0.0,1,0,360010140011009
112,3,56130,0.1875,0.5,1,0,360010135052000
113,3,78278,0.6875,0.5,1,0,360010146141000
114,3,35066,-0.0625,0.75,1,0,360010004032000
115,3,13519,-0.4375,0.0,1,0,360010139023000
116,3,13055,0.4375,0.75,1,0,360010139021015
117,3,54169,0.8125,0.75,1,0,360010141004003
118,3,38164,1.0,0.5,1,0,360010145031015
119,3,22961,0.4375,0.0,1,0,360010142024013
120,3,39225,0.0625,0.25,1,0,360010137071009
121,3,20849,0.0,0.5,1,0,360010022001002
122,3,34665,0.8125,-1.0,1,0,360010004034012
123,3,25508,0.3125,0.0,1,0,360010019022013
124,3,53642,0.75,0.75,1,0,360010138023005
125,3,72534,0.5,0.5,1,0,360010020001004
126,3,25604,-0.125,0.5,1,0,360010019022012
127,3,5685,0.5,0.75,1,0,360010138021012
128,3,68356,0.1875,1.0,1,0,360010141003000
129,3,72339,0.1875,1.0,1,0,360010020003004
130,3,41801,0.8125,0.25,1,0,360010148012037
131,3,79345,0.25,0.0,1,0,360010146142017
132,3,6481,-0.39375,0.5,1,0,360010146112000
133,3,6383,0.60625,0.25,-0.8333333333333334,0,360010146112000
134,3,69805,0.75,-0.5,-0.8333333333333334,0,360010018012016
135,3,59215,0.125,-0.5,1,0,360010146063039
136,3,67773,0.1875,0.0,1,0,360010137061011
137,3,68058,0.0,0.0,1,0,360010137061012
138,3,27573,0.25,0.0,1,0,360010129001019
139,3,77924,0.3125,0.5,1,0,360010135082021
140,3,31635,0.625,1.0,1,0,360010018023001
141,3,59832,0.625,0.75,1,0,360010135081019
142,3,40688,0.25,1.0,1,0,360010146121026
143,3,28751,0.0,0.25,1,0,360010026004024
144,3,76090,0.1875,0.5,1,0,360010142032006
145,3,47998,0.25,0.75,1,0,360010130003015
146,3,10901,0.75,0.0,1,0,360010146091001
147,3,58440,0.125,0.5,1,0,360010148011092
148,3,52320,0.125,1.0,1,0,360010135083017
149,3,65655,-0.0625,0.5,1,0,360010142021013
150,4,7093,-0.3125,0.0,1,0,360010003003028
151,4,18854,0.0,0.0,1,0,360010002003000
152,4,67886,0.625,0.25,1,0,360010137061001
153,4,7162,0.3125,0.5,1,0,360010003003023
154,4,45565,0.125,0.5,-0.8333333333333334,0,360010005022000
155,4,73606,0.0,0.0,1,0,360010021003000
156,4,63099,0.4375,0.75,-0.8333333333333334,0,360010137052014
157,4,31390,-0.75,0.5,1,0,360010018024005
158,4,19130,0.0,0.25,1,0,360010002001030
159,4,45605,0.9375,0.5,1,0,360010005022019
160,4,75888,-0.3125,0.5,1,0,360010139022010
161,4,14078,-0.25,0.0,1,0,360010140011009
162,4,56130,0.1875,0.5,1,0,360010135052000
163,4,78278,0.6875,0.5,1,0,360010146141000
164,4,35066,-0.0625,0.75,1,0,360010004032000
165,4,13519,-0.4375,0.0,1,0,360010139023000
166,4,13055,0.4375,0.75,1,0,360010139021015
167,4,54169,0.8125,0.75,1,0,360010141004003
168,4,38164,1.0,0.5,1,0,360010145031015
169,4,22961,0.4375,0.0,1,0,360010142024013
170,4,39225,0.0625,0.25,1,0,360010137071009
171,4,20849,0.0,0.5,1,0,360010022001002
172,4,34665,0.8125,-1.0,1,0,360010004034012
173,4,25508,0.3125,0.0,1,0,360010019022013
174,4,53642,0.75,0.75,1,0,360010138023005
175,4,72534,0.5,0.5,1,0,360010020001004
176,4,25604,-0.125,0.5,1,0,360010019022012
177,4,5685,0.5,0.75,1,0,360010138021012
178,4,68356,0.1875,1.0,1,0,360010141003000
179,4,72339,0.1875,1.0,1,0,360010020003004
180,4,41801,0.8125,0.25,1,0,360010148012037
181,4,79345,0.25,0.0,1,0,360010146142017
182,4,6481,-0.39375,0.5,1,0,360010146112000
183,4,6383,0.60625,0.25,-0.8333333333333334,0,360010146112000
184,4,69805,0.75,-0.5,-0.8333333333333334,0,360010018012016
185,4,59215,0.125,-0.5,1,0,360010146063039
186,4,67773,0.1875,0.0,1,0,360010137061011
187,4,68058,0.0,0.0,1,0,360010137061012
188,4,27573,0.25,0.0,1,0,360010129001019
189,4,77924,0.3125,0.5,1,0,360010135082021
190,4,31635,0.625,1.0,1,0,360010018023001
191,4,59832,0.625,0.75,1,0,360010135081019
192,4,40688,0.25,1.0,1,0,360010146121026
193,4,28751,0.0,0.25,1,0,360010026004024
194,4,76090,0.1875,0.5,1,0,360010142032006
195,4,47998,0.25,0.75,1,0,360010130003015
196,4,10901,0.75,0.0,1,0,360010146091001
197,4,58440,0.125,0.5,1,0,360010148011092
198,4,52320,0.125,1.0,1,0,360010135083017
199,4,65655,-0.0625,0.5,1,0,360010142021013
200,5,7093,-0.3125,0.0,1,0,360010003003028
201,5,18854,0.0,0.0,1,0,360010002003000
202,5,67886,0.625,0.25,1,0,360010137061001
203,5,7162,0.3125,0.5,1,0,360010003003023
204,5,45565,0.125,0.5,-0.8333333333333334,0,360010005022000
205,5,73606,0.0,0.0,1,0,360010021003000
206,5,63099,0.4375,0.75,-0.8333333333333334,0,360010137052014
207,5,31390,-0.75,0.5,1,0,360010018024005
208,5,19130,0.0,0.25,1,0,360010002001030
209,5,45605,0.9375,0.5,1,0,360010005022019
210,5,75888,-0.3125,0.5,1,0,360010139022010
211,5,14078,-0.25,0.0,1,0,360010140011009
212,5,56130,0.1875,0.5,1,0,360010135052000
213,5,78278,0.6875,0.5,1,0,360010146141000
214,5,35066,-0.0625,0.75,1,0,360010004032000
215,5,13519,-0.4375,0.0,1,0,360010139023000
216,5,13055,0.4375,0.75,1,0,360010139021015
217,5,54169,0.8125,0.75,1,0,360010141004003
218,5,38164,1.0,0.5,1,0,360010145031015
219,5,22961,0.4375,0.0,1,0,360010142024013
220,5,39225,0.0625,0.25,1,0,360010137071009
221,5,20849,0.0,0.5,1,0,360010022001002
222,5,34665,0.8125,-1.0,1,0,360010004034012
223,5,25508,0.3125,0.0,1,0,360010019022013
224,5,53642,0.75,0.75,1,0,360010138023005
225,5,72534,0.5,0.5,1,0,360010020001004
226,5,25604,-0.125,0.5,1,0,360010019022012
227,5,5685,0.5,0.75,1,0,360010138021012
228,5,68356,0.1875,1.0,1,0,360010141003000
229,5,72339,0.1875,1.0,1,0,360010020003004
230,5,41801,0.8125,0.25,1,0,360010148012037
231,5,79345,0.25,0.0,1,0,360010146142017
232,5,6481,-0.39375,0.5,1,0,360010146112000
233,5,6383,0.60625,0.25,-0.8333333333333334,0,360010146112000
234,5,69805,0.75,-0.5,-0.8333333333333334,0,360010018012016
235,5,59215,0.125,-0.5,1,0,360010146063039
236,5,67773,0.1875,0.0,1,0,360010137061011
237,5,68058,0.0,0.0,1,0,360010137061012
238,5,27573,0.25,0.0,1,0,360010129001019
239,5,77924,0.3125,0.5,1,0,360010135082021
240,5,31635,0.625,1.0,1,0,360010018023001
241,5,59832,0.625,0.75,1,0,360010135081019
242,5,40688,0.25,1.0,1,0,360010146121026
243,5,28751,0.0,0.25,1,0,360010026004024
244,5,76090,0.1875,0.5,1,0,360010142032006
245,5,47998,0.25,0.75,1,0,360010130003015
246,5,10901,0.75,0.0,1,0,360010146091001
247,5,58440,0.125,0.5,1,0,360010148011092
248,5,52320,0.125,1.0,1,0,360010135083017
249,5,65655,-0.0625,0.5,1,0,360010142021013
250,6,7093,-0.3125,0.0,1,0,360010003003028
251,6,18854,0.0,0.0,1,0,360010002003000
252,6,67886,0.625,0.25,1,0,360010137061001
253,6,7162,0.3125,0.5,1,0,360010003003023
254,6,45565,0.125,0.5,-0.8333333333333334,0,360010005022000
255,6,73606,0.0,0.0,1,0,360010021003000
256,6,63099,0.4375,0.75,-0.8333333333333334,0,360010137052014
257,6,31390,-0.75,0.5,1,0,360010018024005
258,6,19130,0.0,0.25,1,0,360010002001030
259,6,45605,0.9375,0.5,1,0,360010005022019
260,6,75888,-0.3125,0.5,1,0,360010139022010
261,6,14078,-0.25,0.0,1,0,360010140011009
262,6,56130,0.1875,0.5,1,0,360010135052000
263,6,78278,0.6875,0.5,1,0,360010146141000
264,6,35066,-0.0625,0.75,1,0,360010004032000
265,6,13519,-0.4375,0.0,1,0,360010139023000
266,6,13055,0.4375,0.75,1,0,360010139021015
267,6,54169,0.8125,0.75,1,0,360010141004003
268,6,38164,1.0,0.5,1,0,360010145031015
269,6,22961,0.4375,0.0,1,0,360010142024013
270,6,39225,0.0625,0.25,1,0,360010137071009
271,6,20849,0.0,0.5,1,0,360010022001002
272,6,34665,0.8125,-1.0,1,0,360010004034012
273,6,25508,0.3125,0.0,1,0,360010019022013
274,6,53642,0.75,0.75,1,0,360010138023005
275,6,72534,0.5,0.5,1,0,360010020001004
276,6,25604,-0.125,0.5,1,0,360010019022012
277,6,5685,0.5,0.75,1,0,360010138021012
278,6,68356,0.1875,1.0,1,0,360010141003000
279,6,72339,0.1875,1.0,1,0,360010020003004
280,6,41801,0.8125,0.25,1,0,360010148012037
281,6,79345,0.25,0.0,1,0,360010146142017
282,6,6481,-0.39375,0.5,1,0,360010146112000
283,6,6383,0.60625,0.25,-0.8333333333333334,0,360010146112000
284,6,69805,0.75,-0.5,-0.8333333333333334,0,360010018012016
285,6,59215,0.125,-0.5,1,0,360010146063039
286,6,67773,0.1875,0.0,1,0,360010137061011
287,6,68058,0.0,0.0,1,0,360010137061012
288,6,27573,0.25,0.0,1,0,360010129001019
289,6,77924,0.3125,0.5,1,0,360010135082021
290,6,31635,0.625,1.0,1,0,360010018023001
291,6,59832,0.625,0.75,1,0,360010135081019
292,6,40688,0.25,1.0,1,0,360010146121026
293,6,28751,0.0,0.25,1,0,360010026004024
294,6,76090,0.1875,0.5,1,0,360010142032006
295,6,47998,0.25,0.75,1,0,360010130003015
296,6,10901,0.75,0.0,1,0,360010146091001
297,6,58440,0.125,0.5,1,0,360010148011092
298,6,52320,0.125,1.0,1,0,360010135083017
299,6,65655,-0.0625,0.5,1,0,360010142021013
300,7,7093,-0.3125,0.0,1,0,360010003003028
301,7,18854,0.0,0.0,1,0,360010002003000
302,7,67886,0.625,0.25,1,0,360010137061001
303,7,7162,0.3125,0.5,1,0,360010003003023
304,7,45565,0.125,0.5,-0.8333333333333334,0,360010005022000
305,7,73606,0.0,0.0,1,0,360010021003000
306,7,63099,0.4375,0.75,-0.8333333333333334,0,360010137052014
307,7,31390,-0.75,0.5,1,0,360010018024005
308,7,19130,0.0,0.25,1,0,360010002001030
309,7,45605,0.9375,0.5,1,0,360010005022019
310,7,75888,-0.3125,0.5,1,0,360010139022010
311,7,14078,-0.25,0.0,1,0,360010140011009
312,7,56130,0.1875,0.5,1,0,360010135052000
313,7,78278,0.6875,0.5,1,0,360010146141000
314,7,35066,-0.0625,0.75,1,0,360010004032000
315,7,13519,-0.4375,0.0,1,0,360010139023000
316,7,13055,0.4375,0.75,1,0,360010139021015
317,7,54169,0.8125,0.75,1,0,360010141004003
318,7,38164,1.0,0.5,1,0,360010145031015
319,7,22961,0.4375,0.0,1,0,360010142024013
320,7,39225,0.0625,0.25,1,0,360010137071009
321,7,20849,0.0,0.5,1,0,360010022001002
322,7,34665,0.8125,-1.0,1,0,360010004034012
323,7,25508,0.3125,0.0,1,0,360010019022013
324,7,53642,0.75,0.75,1,0,360010138023005
325,7,72534,0.5,0.5,1,0,360010020001004
326,7,25604,-0.125,0.5,1,0,360010019022012
327,7,5685,0.5,0.75,1,0,360010138021012
328,7,68356,0.1875,1.0,1,0,360010141003000
329,7,72339,0.1875,1.0,1,0,360010020003004
330,7,41801,0.8125,0.25,1,0,360010148012037
331,7,79345,0.25,0.0,1,0,360010146142017
332,7,6481,-0.39375,0.5,1,0,360010146112000
333,7,6383,0.60625,0.25,-0.8333333333333334,0,360010146112000
334,7,69805,0.75,-0.5,-0.8333333333333334,0,360010018012016
335,7,59215,0.125,-0.5,1,0,360010146063039
336,7,67773,0.1875,0.0,1,0,360010137061011
337,7,68058,0.0,0.0,1,0,360010137061012
338,7,27573,0.25,0.0,1,0,360010129001019
339,7,77924,0.3125,0.5,1,0,360010135082021
340,7,31635,0.625,1.0,1,0,360010018023001
341,7,59832,0.625,0.75,1,0,360010135081019
342,7,40688,0.25,1.0,1,0,360010146121026
343,7,28751,0.0,0.25,1,0,360010026004024
344,7,76090,0.1875,0.5,1,0,360010142032006
345,7,47998,0.25,0.75,1,0,360010130003015
346,7,10901,0.75,0.0,1,0,360010146091001
347,7,58440,0.125,0.5,1,0,360010148011092
348,7,52320,0.125,1.0,1,0,360010135083017
349,7,65655,-0.0625,0.5,1,0,360010142021013
350,8,7093,-0.3125,0.0,1,0,360010003003028
351,8,18854,0.0,0.0,1,0,360010002003000
352,8,67886,0.625,0.25,1,0,360010137061001
353,8,7162,0.3125,0.5,1,0,360010003003023
354,8,45565,0.125,0.5,-0.8333333333333334,0,360010005022000
355,8,73606,0.0,0.0,1,0,360010021003000
356,8,63099,0.4375,0.75,-0.8333333333333334,0,360010137052014
357,8,31390,-0.75,0.5,1,0,360010018024005
358,8,19130,0.0,0.25,1,0,360010002001030
359,8,45605,0.9375,0.5,1,0,360010005022019
360,8,75888,-0.3125,0.5,1,0,360010139022010
361,8,14078,-0.25,0.0,1,0,360010140011009
362,8,56130,0.1875,0.5,1,0,360010135052000
363,8,78278,0.6875,0.5,1,0,360010146141000
364,8,35066,-0.0625,0.75,1,0,360010004032000
365,8,13519,-0.4375,0.0,1,0,360010139023000
366,8,13055,0.4375,0.75,1,0,360010139021015
367,8,54169,0.8125,0.75,1,0,360010141004003
368,8,38164,1.0,0.5,1,0,360010145031015
369,8,22961,0.4375,0.0,1,0,360010142024013
370,8,39225,0.0625,0.25,1,0,360010137071009
371,8,20849,0.0,0.5,1,0,360010022001002
372,8,34665,0.8125,-1.0,1,0,360010004034012
373,8,25508,0.3125,0.0,1,0,360010019022013
374,8,53642,0.75,0.75,1,0,360010138023005
375,8,72534,0.5,0.5,1,0,360010020001004
376,8,25604,-0.125,0.5,1,0,360010019022012
377,8,5685,0.5,0.75,1,0,360010138021012
378,8,68356,0.1875,1.0,1,0,360010141003000
379,8,72339,0.1875,1.0,1,0,360010020003004
380,8,41801,0.8125,0.25,1,0,360010148012037
381,8,79345,0.25,0.0,1,0,360010146142017
382,8,6481,-0.39375,0.5,1,0,360010146112000
383,8,6383,0.60625,0.25,-0.8333333333333334,0,360010146112000
384,8,69805,0.75,-0.5,-0.8333333333333334,0,360010018012016
385,8,59215,0.125,-0.5,1,0,360010146063039
386,8,67773,0.1875,0.0,1,0,360010137061011
387,8,68058,0.0,0.0,1,0,360010137061012
388,8,27573,0.25,0.0,1,0,360010129001019
389,8,77924,0.3125,0.5,1,0,360010135082021
390,8,31635,0.625,1.0,1,0,360010018023001
391,8,59832,0.625,0.75,1,0,360010135081019
392,8,40688,0.25,1.0,1,0,360010146121026
393,8,28751,0.0,0.25,1,0,360010026004024
394,8,76090,0.1875,0.5,1,0,360010142032006
395,8,47998,0.25,0.75,1,0,360010130003015
396,8,10901,0.75,0.0,1,0,360010146091001
397,8,58440,0.125,0.5,1,0,360010148011092
398,8,52320,0.125,1.0,1,0,360010135083017
399,8,65655,-0.0625,0.5,1,0,360010142021013
400,9,7093,-0.3125,0.0,1,0,360010003003028
401,9,18854,0.0,0.0,1,0,360010002003000
402,9,67886,0.625,0.25,1,0,360010137061001
403,9,7162,0.3125,0.5,1,0,360010003003023
404,9,45565,0.125,0.5,-0.8333333333333334,0,360010005022000
405,9,73606,0.0,0.0,1,0,360010021003000
406,9,63099,0.4375,0.75,-0.8333333333333334,0,360010137052014
407,9,31390,-0.75,0.5,1,0,360010018024005
408,9,19130,0.0,0.25,1,0,360010002001030
409,9,45605,0.9375,0.5,1,0,360010005022019
410,9,75888,-0.3125,0.5,1,0,360010139022010
411,9,14078,-0.25,0.0,1,0,360010140011009
412,9,56130,0.1875,0.5,1,0,360010135052000
413,9,78278,0.6875,0.5,1,0,360010146141000
414,9,35066,-0.0625,0.75,1,0,360010004032000
415,9,13519,-0.4375,0.0,1,0,360010139023000
416,9,13055,0.4375,0.75,1,0,360010139021015
417,9,54169,0.8125,0.75,1,0,360010141004003
418,9,38164,1.0,0.5,1,0,360010145031015
419,9,22961,0.4375,0.0,1,0,360010142024013
420,9,39225,0.0625,0.25,1,0,360010137071009
421,9,20849,0.0,0.5,1,0,360010022001002
422,9,34665,0.8125,-1.0,1,0,360010004034012
423,9,25508,0.3125,0.0,1,0,360010019022013
424,9,53642,0.75,0.75,1,0,360010138023005
425,9,72534,0.5,0.5,1,0,360010020001004
426,9,25604,-0.125,0.5,1,0,360010019022012
427,9,5685,0.5,0.75,1,0,360010138021012
428,9,68356,0.1875,1.0,1,0,360010141003000
429,9,72339,0.1875,1.0,1,0,360010020003004
430,9,41801,0.8125,0.25,1,0,360010148012037
431,9,79345,0.25,0.0,1,0,360010146142017
432,9,6481,-0.39375,0.5,1,0,360010146112000
433,9,6383,0.60625,0.25,-0.8333333333333334,0,360010146112000
434,9,69805,0.75,-0.5,-0.8333333333333334,0,360010018012016
435,9,59215,0.125,-0.5,1,0,360010146063039
436,9,67773,0.1875,0.0,1,0,360010137061011
437,9,68058,0.0,0.0,1,0,360010137061012
438,9,27573,0.25,0.0,1,0,360010129001019
439,9,77924,0.3125,0.5,1,0,360010135082021
440,9,31635,0.625,1.0,1,0,360010018023001
441,9,59832,0.625,0.75,1,0,360010135081019
442,9,40688,0.25,1.0,1,0,360010146121026
443,9,28751,0.0,0.25,1,0,360010026004024
444,9,76090,0.1875,0.5,1,0,360010142032006
445,9,47998,0.25,0.75,1,0,360010130003015
446,9,10901,0.75,0.0,1,0,360010146091001
447,9,58440,0.125,0.5,1,0,360010148011092
448,9,52320,0.125,1.0,1,0,360010135083017
449,9,65655,-0.0625,0.5,1,0,360010142021013
450,10,7093,-0.3125,0.0,1,0,360010003003028
451,10,18854,0.0,0.0,1,0,360010002003000
452,10,67886,0.625,0.25,1,0,360010137061001
453,10,7162,0.3125,0.5,1,0,360010003003023
454,10,45565,0.125,0.5,-0.8333333333333334,0,360010005022000
455,10,73606,0.0,0.0,1,0,360010021003000
456,10,63099,0.4375,0.75,-0.8333333333333334,0,360010137052014
457,10,31390,-0.75,0.5,1,0,360010018024005
458,10,19130,0.0,0.25,1,0,360010002001030
459,10,45605,0.9375,0.5,1,0,360010005022019
460,10,75888,-0.3125,0.5,1,0,360010139022010
461,10,14078,-0.25,0.0,1,0,360010140011009
462,10,56130,0.1875,0.5,1,0,360010135052000
463,10,78278,0.6875,0.5,1,0,360010146141000
464,10,35066,-0.0625,0.75,1,0,360010004032000
465,10,13519,-0.4375,0.0,1,0,360010139023000
466,10,13055,0.4375,0.75,1,0,360010139021015
467,10,54169,0.8125,0.75,1,0,360010141004003
468,10,38164,1.0,0.5,1,0,360010145031015
469,10,22961,0.4375,0.0,1,0,360010142024013
470,10,39225,0.0625,0.25,1,0,360010137071009
471,10,20849,0.0,0.5,1,0,360010022001002
472,10,34665,0.8125,-1.0,1,0,360010004034012
473,10,25508,0.3125,0.0,1,0,360010019022013
474,10,53642,0.75,0.75,1,0,360010138023005
475,10,72534,0.5,0.5,1,0,360010020001004
476,10,25604,-0.125,0.5,1,0,360010019022012
477,10,5685,0.5,0.75,1,0,360010138021012
478,10,68356,0.1875,1.0,1,0,360010141003000
479,10,72339,0.1875,1.0,1,0,360010020003004
480,10,41801,0.8125,0.25,1,0,360010148012037
481,10,79345,0.25,0.0,1,0,360010146142017
482,10,6481,-0.39375,0.5,1,0,360010146112000
483,10,6383,0.60625,0.25,-0.8333333333333334,0,360010146112000
484,10,69805,0.75,-0.5,-0.8333333333333334,0,360010018012016
485,10,59215,0.125,-0.5,1,0,360010146063039
486,10,67773,0.1875,0.0,1,0,360010137061011
487,10,68058,0.0,0.0,1,0,360010137061012
488,10,27573,0.25,0.0,1,0,360010129001019
489,10,77924,0.3125,0.5,1,0,360010135082021
490,10,31635,0.625,1.0,1,0,360010018023001
491,10,59832,0.625,0.75,1,0,360010135081019
492,10,40688,0.25,1.0,1,0,360010146121026
493,10,28751,0.0,0.25,1,0,360010026004024
494,10,76090,0.1875,0.5,1,0,360010142032006
495,10,47998,0.25,0.75,1,0,360010130003015
496,10,10901,0.75,0.0,1,0,360010146091001
497,10,58440,0.125,0.5,1,0,360010148011092
498,10,52320,0.125,1.0,1,0,360010135083017
499,10,65655,-0.0625,0.5,1,0,360010142021013
500,11,7093,-0.3125,0.0,1,0,360010003003028
501,11,18854,0.0,0.0,1,0,360010002003000
502,11,67886,0.625,0.25,1,0,360010137061001
503,11,7162,0.3125,0.5,1,0,360010003003023
504,11,45565,0.125,0.5,-0.8333333333333334,0,360010005022000
505,11,73606,0.0,0.0,1,0,360010021003000
506,11,63099,0.4375,0.75,-0.8333333333333334,0,360010137052014
507,11,31390,-0.75,0.5,1,0,360010018024005
508,11,19130,0.0,0.25,1,0,360010002001030
509,11,45605,0.9375,0.5,1,0,360010005022019
510,11,75888,-0.3125,0.5,1,0,360010139022010
511,11,14078,-0.25,0.0,1,0,360010140011009
512,11,56130,0.1875,0.5,1,0,360010135052000
513,11,78278,0.6875,0.5,1,0,360010146141000
514,11,35066,-0.0625,0.75,1,0,360010004032000
515,11,13519,-0.4375,0.0,1,0,360010139023000
516,11,13055,0.4375,0.75,1,0,360010139021015
517,11,54169,0.8125,0.75,1,0,360010141004003
518,11,38164,1.0,0.5,1,0,360010145031015
519,11,22961,0.4375,0.0,1,0,360010142024013
520,11,39225,0.0625,0.25,1,0,360010137071009
521,11,20849,0.0,0.5,1,0,360010022001002
522,11,34665,0.8125,-1.0,1,0,360010004034012
523,11,25508,0.3125,0.0,1,0,360010019022013
524,11,53642,0.75,0.75,1,0,360010138023005
525,11,72534,0.5,0.5,1,0,360010020001004
526,11,25604,-0.125,0.5,1,0,360010019022012
527,11,5685,0.5,0.75,1,0,360010138021012
528,11,68356,0.1875,1.0,1,0,360010141003000
529,11,72339,0.1875,1.0,1,0,360010020003004
530,11,41801,0.8125,0.25,1,0,360010148012037
531,11,79345,0.25,0.0,1,0,360010146142017
532,11,6481,-0.39375,0.5,1,0,360010146112000
533,11,6383,0.60625,0.25,-0.8333333333333334,0,360010146112000
534,11,69805,0.75,-0.5,-0.8333333333333334,0,360010018012016
535,11,59215,0.125,-0.5,1,0,360010146063039
536,11,67773,0.1875,0.0,1,0,360010137061011
537,11,68058,0.0,0.0,1,0,360010137061012
538,11,27573,0.25,0.0,1,0,360010129001019
539,11,77924,0.3125,0.5,1,0,360010135082021
540,11,31635,0.625,1.0,1,0,360010018023001
541,11,59832,0.625,0.75,1,0,360010135081019
542,11,40688,0.25,1.0,1,0,360010146121026
543,11,28751,0.0,0.25,1,0,360010026004024
544,11,76090,0.1875,0.5,1,0,360010142032006
545,11,47998,0.25,0.75,1,0,360010130003015
546,11,10901,0.75,0.0,1,0,360010146091001
547,11,58440,0.125,0.5,1,0,360010148011092
548,11,52320,0.125,1.0,1,0,360010135083017
549,11,65655,-0.0625,0.5,1,0,360010142021013
550,12,7093,-0.3125,0.0,1,0,360010003003028
551,12,18854,0.0,0.0,1,0,360010002003000
552,12,67886,0.625,0.25,1,0,360010137061001
553,12,7162,0.3125,0.5,1,0,360010003003023
554,12,45565,0.125,0.5,-0.8333333333333334,0,360010005022000
555,12,73606,0.0,0.0,1,0,360010021003000
556,12,63099,0.4375,0.75,-0.8333333333333334,0,360010137052014
557,12,31390,-0.75,0.5,1,0,360010018024005
558,12,19130,0.0,0.25,1,0,360010002001030
559,12,45605,0.9375,0.5,1,0,360010005022019
560,12,75888,-0.3125,0.5,1,0,360010139022010
561,12,14078,-0.25,0.0,1,0,360010140011009
562,12,56130,0.1875,0.5,1,0,360010135052000
563,12,78278,0.6875,0.5,1,0,360010146141000
564,12,35066,-0.0625,0.75,1,0,360010004032000
565,12,13519,-0.4375,0.0,1,0,360010139023000
566,12,13055,0.4375,0.75,1,0,360010139021015
567,12,54169,0.8125,0.75,1,0,360010141004003
568,12,38164,1.0,0.5,1,0,360010145031015
569,12,22961,0.4375,0.0,1,0,360010142024013
570,12,39225,0.0625,0.25,1,0,360010137071009
571,12,20849,0.0,0.5,1,0,360010022001002
572,12,34665,0.8125,-1.0,1,0,360010004034012
573,12,25508,0.3125,0.0,1,0,360010019022013
574,12,53642,0.75,0.75,1,0,360010138023005
575,12,72534,0.5,0.5,1,0,360010020001004
576,12,25604,-0.125,0.5,1,0,360010019022012
577,12,5685,0.5,0.75,1,0,360010138021012
578,12,68356,0.1875,1.0,1,0,360010141003000
579,12,72339,0.1875,1.0,1,0,360010020003004
580,12,41801,0.8125,0.25,1,0,360010148012037
581,12,79345,0.25,0.0,1,0,360010146142017
582,12,6481,-0.39375,0.5,1,0,360010146112000
583,12,6383,0.60625,0.25,-0.8333333333333334,0,360010146112000
584,12,69805,0.75,-0.5,-0.8333333333333334,0,360010018012016
585,12,59215,0.125,-0.5,1,0,360010146063039
586,12,67773,0.1875,0.0,1,0,360010137061011
587,12,68058,0.0,0.0,1,0,360010137061012
588,12,27573,0.25,0.0,1,0,360010129001019
589,12,77924,0.3125,0.5,1,0,360010135082021
590,12,31635,0.625,1.0,1,0,360010018023001
591,12,59832,0.625,0.75,1,0,360010135081019
592,12,40688,0.25,1.0,1,0,360010146121026
593,12,28751,0.0,0.25,1,0,360010026004024
594,12,76090,0.1875,0.5,1,0,360010142032006
595,12,47998,0.25,0.75,1,0,360010130003015
596,12,10901,0.75,0.0,1,0,360010146091001
597,12,58440,0.125,0.5,1,0,360010148011092
598,12,52320,0.125,1.0,1,0,360010135083017
599,12,65655,-0.0625,0.5,1,0,360010142021013
600,13,7093,-0.3125,0.0,1,0,360010003003028
601,13,18854,0.0,0.0,1,0,360010002003000
602,13,67886,0.625,0.25,1,0,360010137061001
603,13,7162,0.3125,0.5,1,0,360010003003023
604,13,45565,0.125,0.5,-0.8333333333333334,0,360010005022000
605,13,73606,0.0,0.0,1,0,360010021003000
606,13,63099,0.4375,0.75,-0.8333333333333334,0,360010137052014
607,13,31390,-0.75,0.5,1,0,360010018024005
608,13,19130,0.0,0.25,1,0,360010002001030
609,13,45605,0.9375,0.5,1,0,360010005022019
610,13,75888,-0.3125,0.5,1,0,360010139022010
611,13,14078,-0.25,0.0,1,0,360010140011009
612,13,56130,0.1875,0.5,1,0,360010135052000
613,13,78278,0.6875,0.5,1,0,360010146141000
614,13,35066,-0.0625,0.75,1,0,360010004032000
615,13,13519,-0.4375,0.0,1,0,360010139023000
616,13,13055,0.4375,0.75,1,0,360010139021015
617,13,54169,0.8125,0.75,1,0,360010141004003
618,13,38164,1.0,0.5,1,0,360010145031015
619,13,22961,0.4375,0.0,1,0,360010142024013
620,13,39225,0.0625,0.25,1,0,360010137071009
621,13,20849,0.0,0.5,1,0,360010022001002
622,13,34665,0.8125,-1.0,1,0,360010004034012
623,13,25508,0.3125,0.0,1,0,360010019022013
624,13,53642,0.75,0.75,1,0,360010138023005
625,13,72534,0.5,0.5,1,0,360010020001004
626,13,25604,-0.125,0.5,1,0,360010019022012
627,13,5685,0.5,0.75,1,0,360010138021012
628,13,68356,0.1875,1.0,1,0,360010141003000
629,13,72339,0.1875,1.0,1,0,360010020003004
630,13,41801,0.8125,0.25,1,0,360010148012037
631,13,79345,0.25,0.0,1,0,360010146142017
632,13,6481,-0.39375,0.5,1,0,360010146112000
633,13,6383,0.60625,0.25,-0.8333333333333334,0,360010146112000
634,13,69805,0.75,-0.5,-0.8333333333333334,0,360010018012016
635,13,59215,0.125,-0.5,1,0,360010146063039
636,13,67773,0.1875,0.0,1,0,360010137061011
637,13,68058,0.0,0.0,1,0,360010137061012
638,13,27573,0.25,0.0,1,0,360010129001019
639,13,77924,0.3125,0.5,1,0,360010135082021
640,13,31635,0.625,1.0,1,0,360010018023001
641,13,59832,0.625,0.75,1,0,360010135081019
642,13,40688,0.25,1.0,1,0,360010146121026
643,13,28751,0.0,0.25,1,0,360010026004024
644,13,76090,0.1875,0.5,1,0,360010142032006
645,13,47998,0.25,0.75,1,0,360010130003015
646,13,10901,0.75,0.0,1,0,360010146091001
647,13,58440,0.125,0.5,1,0,360010148011092
648,13,52320,0.125,1.0,1,0,360010135083017
649,13,65655,-0.0625,0.5,1,0,360010142021013
650,14,7093,-0.3125,0.0,1,0,360010003003028
651,14,18854,0.0,0.0,1,0,360010002003000
652,14,67886,0.625,0.25,1,0,360010137061001
653,14,7162,0.3125,0.5,1,0,360010003003023
654,14,45565,0.125,0.5,-0.8333333333333334,0,360010005022000
655,14,73606,0.0,0.0,1,0,360010021003000
656,14,63099,0.4375,0.75,-0.8333333333333334,0,360010137052014
657,14,31390,-0.75,0.5,1,0,360010018024005
658,14,19130,0.0,0.25,1,0,360010002001030
659,14,45605,0.9375,0.5,1,0,360010005022019
660,14,75888,-0.3125,0.5,1,0,360010139022010
661,14,14078,-0.25,0.0,1,0,360010140011009
662,14,56130,0.1875,0.5,1,0,360010135052000
663,14,78278,0.6875,0.5,1,0,360010146141000
664,14,35066,-0.0625,0.75,1,0,360010004032000
665,14,13519,-0.4375,0.0,1,0,360010139023000
666,14,13055,0.4375,0.75,1,0,360010139021015
667,14,54169,0.8125,0.75,1,0,360010141004003
668,14,38164,1.0,0.5,1,0,360010145031015
669,14,22961,0.4375,0.0,1,0,360010142024013
670,14,39225,0.0625,0.25,1,0,360010137071009
671,14,20849,0.0,0.5,1,0,360010022001002
672,14,34665,0.8125,-1.0,1,0,360010004034012
673,14,25508,0.3125,0.0,1,0,360010019022013
674,14,53642,0.75,0.75,1,0,360010138023005
675,14,72534,0.5,0.5,1,0,360010020001004
676,14,25604,-0.125,0.5,1,0,360010019022012
677,14,5685,0.5,0.75,1,0,360010138021012
678,14,68356,0.1875,1.0,1,0,360010141003000
679,14,72339,0.1875,1.0,1,0,360010020003004
680,14,41801,0.8125,0.25,1,0,360010148012037
681,14,79345,0.25,0.0,1,0,360010146142017
682,14,6481,-0.39375,0.5,1,0,360010146112000
683,14,6383,0.60625,0.25,-0.8333333333333334,0,360010146112000
684,14,69805,0.75,-0.5,-0.8333333333333334,0,360010018012016
685,14,59215,0.125,-0.5,1,0,360010146063039
686,14,67773,0.1875,0.0,1,0,360010137061011
687,14,68058,0.0,0.0,1,0,360010137061012
688,14,27573,0.25,0.0,1,0,360010129001019
689,14,77924,0.3125,0.5,1,0,360010135082021
690,14,31635,0.625,1.0,1,0,360010018023001
691,14,59832,0.625,0.75,1,0,360010135081019
692,14,40688,0.25,1.0,1,0,360010146121026
693,14,28751,0.0,0.25,1,0,360010026004024
694,14,76090,0.1875,0.5,1,0,360010142032006
695,14,47998,0.25,0.75,1,0,360010130003015
696,14,10901,0.75,0.0,1,0,360010146091001
697,14,58440,0.125,0.5,1,0,360010148011092
698,14,52320,0.125,1.0,1,0,360010135083017
699,14,65655,-0.0625,0.5,1,0,360010142021013
700,15,7093,-0.3125,0.0,1,0,360010003003028
701,15,18854,0.0,0.0,1,0,360010002003000
702,15,67886,0.625,0.25,1,0,360010137061001
703,15,7162,0.3125,0.5,1,0,360010003003023
704,15,45565,0.125,0.5,-0.8333333333333334,0,360010005022000
705,15,73606,0.0,0.0,1,0,360010021003000
706,15,63099,0.4375,0.75,-0.8333333333333334,0,360010137052014
707,15,31390,-0.75,0.5,1,0,360010018024005
708,15,19130,0.0,0.25,1,0,360010002001030
709,15,45605,0.9375,0.5,1,0,360010005022019
710,15,75888,-0.3125,0.5,1,0,360010139022010
711,15,14078,-0.25,0.0,1,0,360010140011009
712,15,56130,0.1875,0.5,1,0,360010135052000
713,15,78278,0.6875,0.5,1,0,360010146141000
714,15,35066,-0.0625,0.75,1,0,360010004032000
715,15,13519,-0.4375,0.0,1,0,360010139023000
716,15,13055,0.4375,0.75,1,0,360010139021015
717,15,54169,0.8125,0.75,1,0,360010141004003
718,15,38164,1.0,0.5,1,0,360010145031015
719,15,22961,0.4375,0.0,1,0,360010142024013
720,15,39225,0.0625,0.25,1,0,360010137071009
721,15,20849,0.0,0.5,1,0,360010022001002
722,15,34665,0.8125,-1.0,1,0,360010004034012
723,15,25508,0.3125,0.0,1,0,360010019022013
724,15,53642,0.75,0.75,1,0,360010138023005
725,15,72534,0.5,0.5,1,0,360010020001004
726,15,25604,-0.125,0.5,1,0,360010019022012
727,15,5685,0.5,0.75,1,0,360010138021012
728,15,68356,0.1875,1.0,1,0,360010141003000
729,15,72339,0.1875,1.0,1,0,360010020003004
730,15,41801,0.8125,0.25,1,0,360010148012037
731,15,79345,0.25,0.0,1,0,360010146142017
732,15,6481,-0.39375,0.5,1,0,360010146112000
733,15,6383,0.60625,0.25,-0.8333333333333334,0,360010146112000
734,15,69805,0.75,-0.5,-0.8333333333333334,0,360010018012016
735,15,59215,0.125,-0.5,1,0,360010146063039
736,15,67773,0.1875,0.0,1,0,360010137061011
737,15,68058,0.0,0.0,1,0,360010137061012
738,15,27573,0.25,0.0,1,0,360010129001019
739,15,77924,0.3125,0.5,1,0,360010135082021
740,15,31635,0.625,1.0,1,0,360010018023001
741,15,59832,0.625,0.75,1,0,360010135081019
742,15,40688,0.25,1.0,1,0,360010146121026
743,15,28751,0.0,0.25,1,0,360010026004024
744,15,76090,0.1875,0.5,1,0,360010142032006
745,15,47998,0.25,0.75,1,0,360010130003015
746,15,10901,0.75,0.0,1,0,360010146091001
747,15,58440,0.125,0.5,1,0,360010148011092
748,15,52320,0.125,1.0,1,0,360010135083017
749,15,65655,-0.0625,0.5,1,0,360010142021013
750,16,7093,-0.3125,0.0,1,0,360010003003028
751,16,18854,0.0,0.0,1,0,360010002003000
752,16,67886,0.625,0.25,1,0,360010137061001
753,16,7162,0.3125,0.5,1,0,360010003003023
754,16,45565,0.125,0.5,-0.8333333333333334,0,360010005022000
755,16,73606,0.0,0.0,1,0,360010021003000
756,16,63099,0.4375,0.75,-0.8333333333333334,0,360010137052014
757,16,31390,-0.75,0.5,1,0,360010018024005
758,16,19130,0.0,0.25,1,0,360010002001030
759,16,45605,0.9375,0.5,1,0,360010005022019
760,16,75888,-0.3125,0.5,1,0,360010139022010
761,16,14078,-0.25,0.0,1,0,360010140011009
762,16,56130,0.1875,0.5,1,0,360010135052000
763,16,78278,0.6875,0.5,1,0,360010146141000
764,16,35066,-0.0625,0.75,1,0,360010004032000
765,16,13519,-0.4375,0.0,1,0,360010139023000
766,16,13055,0.4375,0.75,1,0,360010139021015
767,16,54169,0.8125,0.75,1,0,360010141004003
768,16,38164,1.0,0.5,1,0,360010145031015
769,16,22961,0.4375,0.0,1,0,360010142024013
770,16,39225,0.0625,0.25,1,0,360010137071009
771,16,20849,0.0,0.5,1,0,360010022001002
772,16,34665,0.8125,-1.0,1,0,360010004034012
773,16,25508,0.3125,0.0,1,0,360010019022013
774,16,53642,0.75,0.75,1,0,360010138023005
775,16,72534,0.5,0.5,1,0,360010020001004
776,16,25604,-0.125,0.5,1,0,360010019022012
777,16,5685,0.5,0.75,1,0,360010138021012
778,16,68356,0.1875,1.0,1,0,360010141003000
779,16,72339,0.1875,1.0,1,0,360010020003004
780,16,41801,0.8125,0.25,1,0,360010148012037
781,16,79345,0.25,0.0,1,0,360010146142017
782,16,6481,-0.39375,0.5,1,0,360010146112000
783,16,6383,0.60625,0.25,-0.8333333333333334,0,360010146112000
784,16,69805,0.75,-0.5,-0.8333333333333334,0,360010018012016
785,16,59215,0.125,-0.5,1,0,360010146063039
786,16,67773,0.1875,0.0,1,0,360010137061011
787,16,68058,0.0,0.0,1,0,360010137061012
788,16,27573,0.25,0.0,1,0,360010129001019
789,16,77924,0.3125,0.5,1,0,360010135082021
790,16,31635,0.625,1.0,1,0,360010018023001
791,16,59832,0.625,0.75,1,0,360010135081019
792,16,40688,0.25,1.0,1,0,360010146121026
793,16,28751,0.0,0.25,1,0,360010026004024
794,16,76090,0.1875,0.5,1,0,360010142032006
795,16,47998,0.25,0.75,1,0,360010130003015
796,16,10901,0.75,0.0,1,0,360010146091001
797,16,58440,0.125,0.5,1,0,360010148011092
798,16,52320,0.125,1.0,1,0,360010135083017
799,16,65655,-0.0625,0.5,1,0,360010142021013
800,17,7093,-0.3125,0.0,1,0,360010003003028
801,17,18854,0.0,0.0,1,0,360010002003000
802,17,67886,0.625,0.25,1,0,360010137061001
803,17,7162,0.3125,0.5,1,0,360010003003023
804,17,45565,0.125,0.5,-0.8333333333333334,0,360010005022000
805,17,73606,0.0,0.0,1,0,360010021003000
806,17,63099,0.4375,0.75,-0.8333333333333334,0,360010137052014
807,17,31390,-0.75,0.5,1,0,360010018024005
808,17,19130,0.0,0.25,1,0,360010002001030
809,17,45605,0.9375,0.5,1,0,360010005022019
810,17,75888,-0.3125,0.5,1,0,360010139022010
811,17,14078,-0.25,0.0,1,0,360010140011009
812,17,56130,0.1875,0.5,1,0,360010135052000
813,17,78278,0.6875,0.5,1,0,360010146141000
814,17,35066,-0.0625,0.75,1,0,360010004032000
815,17,13519,-0.4375,0.0,1,0,360010139023000
816,17,13055,0.4375,0.75,1,0,360010139021015
817,17,54169,0.8125,0.75,1,0,360010141004003
818,17,38164,1.0,0.5,1,0,360010145031015
819,17,22961,0.4375,0.0,1,0,360010142024013
820,17,39225,0.0625,0.25,1,0,360010137071009
821,17,20849,0.0,0.5,1,0,360010022001002
822,17,34665,0.8125,-1.0,1,0,360010004034012
823,17,25508,0.3125,0.0,1,0,360010019022013
824,17,53642,0.75,0.75,1,0,360010138023005
825,17,72534,0.5,0.5,1,0,360010020001004
826,17,25604,-0.125,0.5,1,0,360010019022012
827,17,5685,0.5,0.75,1,0,360010138021012
828,17,68356,0.1875,1.0,1,0,360010141003000
829,17,72339,0.1875,1.0,1,0,360010020003004
830,17,41801,0.8125,0.25,1,0,360010148012037
831,17,79345,0.25,0.0,1,0,360010146142017
832,17,6481,-0.39375,0.5,1,0,360010146112000
833,17,6383,0.60625,0.25,-0.8333333333333334,0,360010146112000
834,17,69805,0.75,-0.5,-0.8333333333333334,0,360010018012016
835,17,59215,0.125,-0.5,1,0,360010146063039
836,17,67773,0.1875,0.0,1,0,360010137061011
837,17,68058,0.0,0.0,1,0,360010137061012
838,17,27573,0.25,0.0,1,0,360010129001019
839,17,77924,0.3125,0.5,1,0,360010135082021
840,17,31635,0.625,1.0,1,0,360010018023001
841,17,59832,0.625,0.75,1,0,360010135081019
842,17,40688,0.25,1.0,1,0,360010146121026
843,17,28751,0.0,0.25,1,0,360010026004024
844,17,76090,0.1875,0.5,1,0,360010142032006
845,17,47998,0.25,0.75,1,0,360010130003015
846,17,10901,0.75,0.0,1,0,360010146091001
847,17,58440,0.125,0.5,1,0,360010148011092
848,17,52320,0.125,1.0,1,0,360010135083017
849,17,65655,-0.0625,0.5,1,0,360010142021013
850,18,7093,-0.3125,0.0,1,0,360010003003028
851,18,18854,0.0,0.0,1,0,360010002003000
852,18,67886,0.625,0.25,1,0,360010137061001
853,18,7162,0.3125,0.5,1,0,360010003003023
854,18,45565,0.125,0.5,-0.8333333333333334,0,360010005022000
855,18,73606,0.0,0.0,1,0,360010021003000
856,18,63099,0.4375,0.75,-0.8333333333333334,0,360010137052014
857,18,31390,-0.75,0.5,1,0,360010018024005
858,18,19130,0.0,0.25,1,0,360010002001030
859,18,45605,0.9375,0.5,1,0,360010005022019
860,18,75888,-0.3125,0.5,1,0,360010139022010
861,18,14078,-0.25,0.0,1,0,360010140011009
862,18,56130,0.1875,0.5,1,0,360010135052000
863,18,78278,0.6875,0.5,1,0,360010146141000
864,18,35066,-0.0625,0.75,1,0,360010004032000
865,18,13519,-0.4375,0.0,1,0,360010139023000
866,18,13055,0.4375,0.75,1,0,360010139021015
867,18,54169,0.8125,0.75,1,0,360010141004003
868,18,38164,1.0,0.5,1,0,360010145031015
869,18,22961,0.4375,0.0,1,0,360010142024013
870,18,39225,0.0625,0.25,1,0,360010137071009
871,18,20849,0.0,0.5,1,0,360010022001002
872,18,34665,0.8125,-1.0,1,0,360010004034012
873,18,25508,0.3125,0.0,1,0,360010019022013
874,18,53642,0.75,0.75,1,0,360010138023005
875,18,72534,0.5,0.5,1,0,360010020001004
876,18,25604,-0.125,0.5,1,0,360010019022012
877,18,5685,0.5,0.75,1,0,360010138021012
878,18,68356,0.1875,1.0,1,0,360010141003000
879,18,72339,0.1875,1.0,1,0,360010020003004
880,18,41801,0.8125,0.25,1,0,360010148012037
881,18,79345,0.25,0.0,1,0,360010146142017
882,18,6481,-0.39375,0.5,1,0,360010146112000
883,18,6383,0.60625,0.25,-0.8333333333333334,0,360010146112000
884,18,69805,0.75,-0.5,-0.8333333333333334,0,360010018012016
885,18,59215,0.125,-0.5,1,0,360010146063039
886,18,67773,0.1875,0.0,1,0,360010137061011
887,18,68058,0.0,0.0,1,0,360010137061012
888,18,27573,0.25,0.0,1,0,360010129001019
889,18,77924,0.3125,0.5,1,0,360010135082021
890,18,31635,0.625,1.0,1,0,360010018023001
891,18,59832,0.625,0.75,1,0,360010135081019
892,18,40688,0.25,1.0,1,0,360010146121026
893,18,28751,0.0,0.25,1,0,360010026004024
894,18,76090,0.1875,0.5,1,0,360010142032006
895,18,47998,0.25,0.75,1,0,360010130003015
896,18,10901,0.75,0.0,1,0,360010146091001
897,18,58440,0.125,0.5,1,0,360010148011092
898,18,52320,0.125,1.0,1,0,360010135083017
899,18,65655,-0.0625,0.5,1,0,360010142021013
900,19,7093,-0.3125,0.0,1,0,360010003003028
901,19,18854,0.0,0.0,1,0,360010002003000
902,19,67886,0.625,0.25,1,0,360010137061001
903,19,7162,0.3125,0.5,1,0,360010003003023
904,19,45565,0.125,0.5,-0.8333333333333334,0,360010005022000
905,19,73606,0.0,0.0,1,0,360010021003000
906,19,63099,0.4375,0.75,-0.8333333333333334,0,360010137052014
907,19,31390,-0.75,0.5,1,0,360010018024005
908,19,19130,0.0,0.25,1,0,360010002001030
909,19,45605,0.9375,0.5,1,0,360010005022019
910,19,75888,-0.3125,0.5,1,0,360010139022010
911,19,14078,-0.25,0.0,1,0,360010140011009
912,19,56130,0.1875,0.5,1,0,360010135052000
913,19,78278,0.6875,0.5,1,0,360010146141000
914,19,35066,-0.0625,0.75,1,0,360010004032000
915,19,13519,-0.4375,0.0,1,0,360010139023000
916,19,13055,0.4375,0.75,1,0,360010139021015
917,19,54169,0.8125,0.75,1,0,360010141004003
918,19,38164,1.0,0.5,1,0,360010145031015
919,19,22961,0.4375,0.0,1,0,360010142024013
920,19,39225,0.0625,0.25,1,0,360010137071009
921,19,20849,0.0,0.5,1,0,360010022001002
922,19,34665,0.8125,-1.0,1,0,360010004034012
923,19,25508,0.3125,0.0,1,0,360010019022013
924,19,53642,0.75,0.75,1,0,360010138023005
925,19,72534,0.5,0.5,1,0,360010020001004
926,19,25604,-0.125,0.5,1,0,360010019022012
927,19,5685,0.5,0.75,1,0,360010138021012
928,19,68356,0.1875,1.0,1,0,360010141003000
929,19,72339,0.1875,1.0,1,0,360010020003004
930,19,41801,0.8125,0.25,1,0,360010148012037
931,19,79345,0.25,0.0,1,0,360010146142017
932,19,6481,-0.39375,0.5,1,0,360010146112000
933,19,6383,0.60625,0.25,-0.8333333333333334,0,360010146112000
934,19,69805,0.75,-0.5,-0.8333333333333334,0,360010018012016
935,19,59215,0.125,-0.5,1,0,360010146063039
936,19,67773,0.1875,0.0,1,0,360010137061011
937,19,68058,0.0,0.0,1,0,360010137061012
938,19,27573,0.25,0.0,1,0,360010129001019
939,19,77924,0.3125,0.5,1,0,360010135082021
940,19,31635,0.625,1.0,1,0,360010018023001
941,19,59832,0.625,0.75,1,0,360010135081019
942,19,40688,0.25,1.0,1,0,360010146121026
943,19,28751,0.0,0.25,1,0,360010026004024
944,19,76090,0.1875,0.5,1,0,360010142032006
945,19,47998,0.25,0.75,1,0,360010130003015
946,19,10901,0.75,0.0,1,0,360010146091001
947,19,58440,0.125,0.5,1,0,360010148011092
948,19,52320,0.125,1.0,1,0,360010135083017
949,19,65655,-0.0625,0.5,1,0,360010142021013
950,20,7093,-0.3125,0.0,1,0,360010003003028
951,20,18854,0.0,0.0,1,0,360010002003000
952,20,67886,0.625,0.25,1,0,360010137061001
953,20,7162,0.3125,0.5,1,0,360010003003023
954,20,45565,0.125,0.5,-0.8333333333333334,0,360010005022000
955,20,73606,0.0,0.0,1,0,360010021003000
956,20,63099,0.4375,0.75,-0.8333333333333334,0,360010137052014
957,20,31390,-0.75,0.5,1,0,360010018024005
958,20,19130,0.0,0.25,1,0,360010002001030
959,20,45605,0.9375,0.5,1,0,360010005022019
960,20,75888,-0.3125,0.5,1,0,360010139022010
961,20,14078,-0.25,0.0,1,0,360010140011009
962,20,56130,0.1875,0.5,1,0,360010135052000
963,20,78278,0.6875,0.5,1,0,360010146141000
964,20,35066,-0.0625,0.75,1,0,360010004032000
965,20,13519,-0.4375,0.0,1,0,360010139023000
966,20,13055,0.4375,0.75,1,0,360010139021015
967,20,54169,0.8125,0.75,1,0,360010141004003
968,20,38164,1.0,0.5,1,0,360010145031015
969,20,22961,0.4375,0.0,1,0,360010142024013
970,20,39225,0.0625,0.25,1,0,360010137071009
971,20,20849,0.0,0.5,1,0,360010022001002
972,20,34665,0.8125,-1.0,1,0,360010004034012
973,20,25508,0.3125,0.0,1,0,360010019022013
974,20,53642,0.75,0.75,1,0,360010138023005
975,20,72534,0.5,0.5,1,0,360010020001004
976,20,25604,-0.125,0.5,1,0,360010019022012
977,20,5685,0.5,0.75,1,0,360010138021012
978,20,68356,0.1875,1.0,1,0,360010141003000
979,20,72339,0.1875,1.0,1,0,360010020003004
980,20,41801,0.8125,0.25,1,0,360010148012037
981,20,79345,0.25,0.0,1,0,360010146142017
982,20,6481,-0.39375,0.5,1,0,360010146112000
983,20,6383,0.60625,0.25,-0.8333333333333334,0,360010146112000
984,20,69805,0.75,-0.5,-0.8333333333333334,0,360010018012016
985,20,59215,0.125,-0.5,1,0,360010146063039
986,20,67773,0.1875,0.0,1,0,360010137061011
987,20,68058,0.0,0.0,1,0,360010137061012
988,20,27573,0.25,0.0,1,0,360010129001019
989,20,77924,0.3125,0.5,1,0,360010135082021
990,20,31635,0.625,1.0,1,0,360010018023001
991,20,59832,0.625,0.75,1,0,360010135081019
992,20,40688,0.25,1.0,1,0,360010146121026
993,20,28751,0.0,0.25,1,0,360010026004024
994,20,76090,0.1875,0.5,1,0,360010142032006
995,20,47998,0.25,0.75,1,0,360010130003015
996,20,10901,0.75,0.0,1,0,360010146091001
997,20,58440,0.125,0.5,1,0,360010148011092
998,20,52320,0.125,1.0,1,0,360010135083017
999,20,65655,-0.0625,0.5,1,0,360010142021013
1000,21,7093,-0.3125,0.0,1,0,360010003003028
1001,21,18854,0.0,0.0,1,0,360010002003000
1002,21,67886,0.625,0.25,1,0,360010137061001
1003,21,7162,0.3125,0.5,1,0,360010003003023
1004,21,45565,0.125,0.5,-0.8333333333333334,0,360010005022000
1005,21,73606,0.0,0.0,1,0,360010021003000
1006,21,63099,0.4375,0.75,-0.8333333333333334,0,360010137052014
1007,21,31390,-0.75,0.5,1,0,360010018024005
1008,21,19130,0.0,0.25,1,0,360010002001030
1009,21,45605,0.9375,0.5,1,0,360010005022019
1010,21,75888,-0.3125,0.5,1,0,360010139022010
1011,21,14078,-0.25,0.0,1,0,360010140011009
1012,21,56130,0.1875,0.5,1,0,360010135052000
1013,21,78278,0.6875,0.5,1,0,360010146141000
1014,21,35066,-0.0625,0.75,1,0,360010004032000
1015,21,13519,-0.4375,0.0,1,0,360010139023000
1016,21,13055,0.4375,0.75,1,0,360010139021015
1017,21,54169,0.8125,0.75,1,0,360010141004003
1018,21,38164,1.0,0.5,1,0,360010145031015
1019,21,22961,0.4375,0.0,1,0,360010142024013
1020,21,39225,0.0625,0.25,1,0,360010137071009
1021,21,20849,0.0,0.5,1,0,360010022001002
1022,21,34665,0.8125,-1.0,1,0,360010004034012
1023,21,25508,0.3125,0.0,1,0,360010019022013
1024,21,53642,0.75,0.75,1,0,360010138023005
1025,21,72534,0.5,0.5,1,0,360010020001004
1026,21,25604,-0.125,0.5,1,0,360010019022012
1027,21,5685,0.5,0.75,1,0,360010138021012
1028,21,68356,0.1875,1.0,1,0,360010141003000
1029,21,72339,0.1875,1.0,1,0,360010020003004
1030,21,41801,0.8125,0.25,1,0,360010148012037
1031,21,79345,0.25,0.0,1,0,360010146142017
1032,21,6481,-0.39375,0.5,1,0,360010146112000
1033,21,6383,0.60625,0.25,-0.8333333333333334,0,360010146112000
1034,21,69805,0.75,-0.5,-0.8333333333333334,0,360010018012016
1035,21,59215,0.125,-0.5,1,0,360010146063039
1036,21,67773,0.1875,0.0,1,0,360010137061011
1037,21,68058,0.0,0.0,1,0,360010137061012
1038,21,27573,0.25,0.0,1,0,360010129001019
1039,21,77924,0.3125,0.5,1,0,360010135082021
1040,21,31635,0.625,1.0,1,0,360010018023001
1041,21,59832,0.625,0.75,1,0,360010135081019
1042,21,40688,0.25,1.0,1,0,360010146121026
1043,21,28751,0.0,0.25,1,0,360010026004024
1044,21,76090,0.1875,0.5,1,0,360010142032006
1045,21,47998,0.25,0.75,1,0,360010130003015
1046,21,10901,0.75,0.0,1,0,360010146091001
1047,21,58440,0.125,0.5,1,0,360010148011092
1048,21,52320,0.125,1.0,1,0,360010135083017
1049,21,65655,-0.0625,0.5,1,0,360010142021013
1050,22,7093,-0.3125,0.0,1,0,360010003003028
1051,22,18854,0.0,0.0,1,0,360010002003000
1052,22,67886,0.625,0.25,1,0,360010137061001
1053,22,7162,0.3125,0.5,1,0,360010003003023
1054,22,45565,0.125,0.5,-0.8333333333333334,0,360010005022000
1055,22,73606,0.0,0.0,1,0,360010021003000
1056,22,63099,0.4375,0.75,-0.8333333333333334,0,360010137052014
1057,22,31390,-0.75,0.5,1,0,360010018024005
1058,22,19130,0.0,0.25,1,0,360010002001030
1059,22,45605,0.9375,0.5,1,0,360010005022019
1060,22,75888,-0.3125,0.5,1,0,360010139022010
1061,22,14078,-0.25,0.0,1,0,360010140011009
1062,22,56130,0.1875,0.5,1,0,360010135052000
1063,22,78278,0.6875,0.5,1,0,360010146141000
1064,22,35066,-0.0625,0.75,1,0,360010004032000
1065,22,13519,-0.4375,0.0,1,0,360010139023000
1066,22,13055,0.4375,0.75,1,0,360010139021015
1067,22,54169,0.8125,0.75,1,0,360010141004003
1068,22,38164,1.0,0.5,1,0,360010145031015
1069,22,22961,0.4375,0.0,1,0,360010142024013
1070,22,39225,0.0625,0.25,1,0,360010137071009
1071,22,20849,0.0,0.5,1,0,360010022001002
1072,22,34665,0.8125,-1.0,1,0,360010004034012
1073,22,25508,0.3125,0.0,1,0,360010019022013
1074,22,53642,0.75,0.75,1,0,360010138023005
1075,22,72534,0.5,0.5,1,0,360010020001004
1076,22,25604,-0.125,0.5,1,0,360010019022012
1077,22,5685,0.5,0.75,1,0,360010138021012
1078,22,68356,0.1875,1.0,1,0,360010141003000
1079,22,72339,0.1875,1.0,1,0,360010020003004
1080,22,41801,0.8125,0.25,1,0,360010148012037
1081,22,79345,0.25,0.0,1,0,360010146142017
1082,22,6481,-0.39375,0.5,1,0,360010146112000
1083,22,6383,0.60625,0.25,-0.8333333333333334,0,360010146112000
1084,22,69805,0.75,-0.5,-0.8333333333333334,0,360010018012016
1085,22,59215,0.125,-0.5,1,0,360010146063039
1086,22,67773,0.1875,0.0,1,0,360010137061011
1087,22,68058,0.0,0.0,1,0,360010137061012
1088,22,27573,0.25,0.0,1,0,360010129001019
1089,22,77924,0.3125,0.5,1,0,360010135082021
1090,22,31635,0.625,1.0,1,0,360010018023001
1091,22,59832,0.625,0.75,1,0,360010135081019
1092,22,40688,0.25,1.0,1,0,360010146121026
1093,22,28751,0.0,0.25,1,0,360010026004024
1094,22,76090,0.1875,0.5,1,0,360010142032006
1095,22,47998,0.25,0.75,1,0,360010130003015
1096,22,10901,0.75,0.0,1,0,360010146091001
1097,22,58440,0.125,0.5,1,0,360010148011092
1098,22,52320,0.125,1.0,1,0,360010135083017
1099,22,65655,-0.0625,0.5,1,0,360010142021013
1100,23,7093,-0.3125,0.0,1,0,360010003003028
1101,23,18854,0.0,0.0,1,0,360010002003000
1102,23,67886,0.625,0.25,1,0,360010137061001
1103,23,7162,0.3125,0.5,1,0,360010003003023
1104,23,45565,0.125,0.5,-0.8333333333333334,0,360010005022000
1105,23,73606,0.0,0.0,1,0,360010021003000
1106,23,63099,0.4375,0.75,-0.8333333333333334,0,360010137052014
1107,23,31390,-0.75,0.5,1,0,360010018024005
1108,23,19130,0.0,0.25,1,0,360010002001030
1109,23,45605,0.9375,0.5,1,0,360010005022019
1110,23,75888,-0.3125,0.5,1,0,360010139022010
1111,23,14078,-0.25,0.0,1,0,360010140011009
1112,23,56130,0.1875,0.5,1,0,360010135052000
1113,23,78278,0.6875,0.5,1,0,360010146141000
1114,23,35066,-0.0625,0.75,1,0,360010004032000
1115,23,13519,-0.4375,0.0,1,0,360010139023000
1116,23,13055,0.4375,0.75,1,0,360010139021015
1117,23,54169,0.8125,0.75,1,0,360010141004003
1118,23,38164,1.0,0.5,1,0,360010145031015
1119,23,22961,0.4375,0.0,1,0,360010142024013
1120,23,39225,0.0625,0.25,1,0,360010137071009
1121,23,20849,0.0,0.5,1,0,360010022001002
1122,23,34665,0.8125,-1.0,1,0,360010004034012
1123,23,25508,0.3125,0.0,1,0,360010019022013
1124,23,53642,0.75,0.75,1,0,360010138023005
1125,23,72534,0.5,0.5,1,0,360010020001004
1126,23,25604,-0.125,0.5,1,0,360010019022012
1127,23,5685,0.5,0.75,1,0,360010138021012
1128,23,68356,0.1875,1.0,1,0,360010141003000
1129,23,72339,0.1875,1.0,1,0,360010020003004
1130,23,41801,0.8125,0.25,1,0,360010148012037
1131,23,79345,0.25,0.0,1,0,360010146142017
1132,23,6481,-0.39375,0.5,1,0,360010146112000
1133,23,6383,0.60625,0.25,-0.8333333333333334,0,360010146112000
1134,23,69805,0.75,-0.5,-0.8333333333333334,0,360010018012016
1135,23,59215,0.125,-0.5,1,0,360010146063039
1136,23,67773,0.1875,0.0,1,0,360010137061011
1137,23,68058,0.0,0.0,1,0,360010137061012
1138,23,27573,0.25,0.0,1,0,360010129001019
1139,23,77924,0.3125,0.5,1,0,360010135082021
1140,23,31635,0.625,1.0,1,0,360010018023001
1141,23,59832,0.625,0.75,1,0,360010135081019
1142,23,40688,0.25,1.0,1,0,360010146121026
1143,23,28751,0.0,0.25,1,0,360010026004024
1144,23,76090,0.1875,0.5,1,0,360010142032006
1145,23,47998,0.25,0.75,1,0,360010130003015
1146,23,10901,0.75,0.0,1,0,360010146091001
1147,23,58440,0.125,0.5,1,0,360010148011092
1148,23,52320,0.125,1.0,1,0,360010135083017
1149,23,65655,-0.0625,0.5,1,0,360010142021013
1150,24,7093,-0.3125,0.0,1,0,360010003003028
1151,24,18854,0.0,0.0,1,0,360010002003000
1152,24,67886,0.625,0.25,1,0,360010137061001
1153,24,7162,0.3125,0.5,1,0,360010003003023
1154,24,45565,0.125,0.5,-0.8333333333333334,0,360010005022000
1155,24,73606,0.0,0.0,1,0,360010021003000
1156,24,63099,0.4375,0.75,-0.8333333333333334,0,360010137052014
1157,24,31390,-0.75,0.5,1,0,360010018024005
1158,24,19130,0.0,0.25,1,0,360010002001030
1159,24,45605,0.9375,0.5,1,0,360010005022019
1160,24,75888,-0.3125,0.5,1,0,360010139022010
1161,24,14078,-0.25,0.0,1,0,360010140011009
1162,24,56130,0.1875,0.5,1,0,360010135052000
1163,24,78278,0.6875,0.5,1,0,360010146141000
1164,24,35066,-0.0625,0.75,1,0,360010004032000
1165,24,13519,-0.4375,0.0,1,0,360010139023000
1166,24,13055,0.4375,0.75,1,0,360010139021015
1167,24,54169,0.8125,0.75,1,0,360010141004003
1168,24,38164,1.0,0.5,1,0,360010145031015
1169,24,22961,0.4375,0.0,1,0,360010142024013
1170,24,39225,0.0625,0.25,1,0,360010137071009
1171,24,20849,0.0,0.5,1,0,360010022001002
1172,24,34665,0.8125,-1.0,1,0,360010004034012
1173,24,25508,0.3125,0.0,1,0,360010019022013
1174,24,53642,0.75,0.75,1,0,360010138023005
1175,24,72534,0.5,0.5,1,0,360010020001004
1176,24,25604,-0.125,0.5,1,0,360010019022012
1177,24,5685,0.5,0.75,1,0,360010138021012
1178,24,68356,0.1875,1.0,1,0,360010141003000
1179,24,72339,0.1875,1.0,1,0,360010020003004
1180,24,41801,0.8125,0.25,1,0,360010148012037
1181,24,79345,0.25,0.0,1,0,360010146142017
1182,24,6481,-0.39375,0.5,1,0,360010146112000
1183,24,6383,0.60625,0.25,-0.8333333333333334,0,360010146112000
1184,24,69805,0.75,-0.5,-0.8333333333333334,0,360010018012016
1185,24,59215,0.125,-0.5,1,0,360010146063039
1186,24,67773,0.1875,0.0,1,0,360010137061011
1187,24,68058,0.0,0.0,1,0,360010137061012
1188,24,27573,0.25,0.0,1,0,360010129001019
1189,24,77924,0.3125,0.5,1,0,360010135082021
1190,24,31635,0.625,1.0,1,0,360010018023001
1191,24,59832,0.625,0.75,1,0,360010135081019
1192,24,40688,0.25,1.0,1,0,360010146121026
1193,24,28751,0.0,0.25,1,0,360010026004024
1194,24,76090,0.1875,0.5,1,0,360010142032006
1195,24,47998,0.25,0.75,1,0,360010130003015
1196,24,10901,0.75,0.0,1,0,360010146091001
1197,24,58440,0.125,0.5,1,0,360010148011092
1198,24,52320,0.125,1.0,1,0,360010135083017
1199,24,65655,-0.0625,0.5,1,0,360010142021013
1200,25,7093,-0.3125,0.0,1,0,360010003003028
1201,25,18854,0.0,0.0,1,0,360010002003000
1202,25,67886,0.625,0.25,1,0,360010137061001
1203,25,7162,0.3125,0.5,1,0,360010003003023
1204,25,45565,0.125,0.5,-0.8333333333333334,0,360010005022000
1205,25,73606,0.0,0.0,1,0,360010021003000
1206,25,63099,0.4375,0.75,-0.8333333333333334,0,360010137052014
1207,25,31390,-0.75,0.5,1,0,360010018024005
1208,25,19130,0.0,0.25,1,0,360010002001030
1209,25,45605,0.9375,0.5,1,0,360010005022019
1210,25,75888,-0.3125,0.5,1,0,360010139022010
1211,25,14078,-0.25,0.0,1,0,360010140011009
1212,25,56130,0.1875,0.5,1,0,360010135052000
1213,25,78278,0.6875,0.5,1,0,360010146141000
1214,25,35066,-0.0625,0.75,1,0,360010004032000
1215,25,13519,-0.4375,0.0,1,0,360010139023000
1216,25,13055,0.4375,0.75,1,0,360010139021015
1217,25,54169,0.8125,0.75,1,0,360010141004003
1218,25,38164,1.0,0.5,1,0,360010145031015
1219,25,22961,0.4375,0.0,1,0,360010142024013
1220,25,39225,0.0625,0.25,1,0,360010137071009
1221,25,20849,0.0,0.5,1,0,360010022001002
1222,25,34665,0.8125,-1.0,1,0,360010004034012
1223,25,25508,0.3125,0.0,1,0,360010019022013
1224,25,53642,0.75,0.75,1,0,360010138023005
1225,25,72534,0.5,0.5,1,0,360010020001004
1226,25,25604,-0.125,0.5,1,0,360010019022012
1227,25,5685,0.5,0.75,1,0,360010138021012
1228,25,68356,0.1875,1.0,1,0,360010141003000
1229,25,72339,0.1875,1.0,1,0,360010020003004
1230,25,41801,0.8125,0.25,1,0,360010148012037
1231,25,79345,0.25,0.0,1,0,360010146142017
1232,25,6481,-0.39375,0.5,1,0,360010146112000
1233,25,6383,0.60625,0.25,-0.8333333333333334,0,360010146112000
1234,25,69805,0.75,-0.5,-0.8333333333333334,0,360010018012016
1235,25,59215,0.125,-0.5,1,0,360010146063039
1236,25,67773,0.1875,0.0,1,0,360010137061011
1237,25,68058,0.0,0.0,1,0,360010137061012
1238,25,27573,0.25,0.0,1,0,360010129001019
1239,25,77924,0.3125,0.5,1,0,360010135082021
1240,25,31635,0.625,1.0,1,0,360010018023001
1241,25,59832,0.625,0.75,1,0,360010135081019
1242,25,40688,0.25,1.0,1,0,360010146121026
1243,25,28751,0.0,0.25,1,0,360010026004024
1244,25,76090,0.1875,0.5,1,0,360010142032006
1245,25,47998,0.25,0.75,1,0,360010130003015
1246,25,10901,0.75,0.0,1,0,360010146091001
1247,25,58440,0.125,0.5,1,0,360010148011092
1248,25,52320,0.125,1.0,1,0,360010135083017
1249,25,65655,-0.0625,0.5,1,0,360010142021013
1250,26,7093,-0.3125,0.0,1,0,360010003003028
1251,26,18854,0.0,0.0,1,0,360010002003000
1252,26,67886,0.625,0.25,1,0,360010137061001
1253,26,7162,0.3125,0.5,1,0,360010003003023
1254,26,45565,0.125,0.5,-0.8333333333333334,0,360010005022000
1255,26,73606,0.0,0.0,1,0,360010021003000
1256,26,63099,0.4375,0.75,-0.8333333333333334,0,360010137052014
1257,26,31390,-0.75,0.5,1,0,360010018024005
1258,26,19130,0.0,0.25,1,0,360010002001030
1259,26,45605,0.9375,0.5,1,0,360010005022019
1260,26,75888,-0.3125,0.5,1,0,360010139022010
1261,26,14078,-0.25,0.0,1,0,360010140011009
1262,26,56130,0.1875,0.5,1,0,360010135052000
1263,26,78278,0.6875,0.5,1,0,360010146141000
1264,26,35066,-0.0625,0.75,1,0,360010004032000
1265,26,13519,-0.4375,0.0,1,0,360010139023000
1266,26,13055,0.4375,0.75,1,0,360010139021015
1267,26,54169,0.8125,0.75,1,0,360010141004003
1268,26,38164,1.0,0.5,1,0,360010145031015
1269,26,22961,0.4375,0.0,1,0,360010142024013
1270,26,39225,0.0625,0.25,1,0,360010137071009
1271,26,20849,0.0,0.5,1,0,360010022001002
1272,26,34665,0.8125,-1.0,1,0,360010004034012
1273,26,25508,0.3125,0.0,1,0,360010019022013
1274,26,53642,0.75,0.75,1,0,360010138023005
1275,26,72534,0.5,0.5,1,0,360010020001004
1276,26,25604,-0.125,0.5,1,0,360010019022012
1277,26,5685,0.5,0.75,1,0,360010138021012
1278,26,68356,0.1875,1.0,1,0,360010141003000
1279,26,72339,0.1875,1.0,1,0,360010020003004
1280,26,41801,0.8125,0.25,1,0,360010148012037
1281,26,79345,0.25,0.0,1,0,360010146142017
1282,26,6481,-0.39375,0.5,1,0,360010146112000
1283,26,6383,0.60625,0.25,-0.8333333333333334,0,360010146112000
1284,26,69805,0.75,-0.5,-0.8333333333333334,0,360010018012016
1285,26,59215,0.125,-0.5,1,0,360010146063039
1286,26,67773,0.1875,0.0,1,0,360010137061011
1287,26,68058,0.0,0.0,1,0,360010137061012
1288,26,27573,0.25,0.0,1,0,360010129001019
1289,26,77924,0.3125,0.5,1,0,360010135082021
1290,26,31635,0.625,1.0,1,0,360010018023001
1291,26,59832,0.625,0.75,1,0,360010135081019
1292,26,40688,0.25,1.0,1,0,360010146121026
1293,26,28751,0.0,0.25,1,0,360010026004024
1294,26,76090,0.1875,0.5,1,0,360010142032006
1295,26,47998,0.25,0.75,1,0,360010130003015
1296,26,10901,0.75,0.0,1,0,360010146091001
1297,26,58440,0.125,0.5,1,0,360010148011092
1298,26,52320,0.125,1.0,1,0,360010135083017
1299,26,65655,-0.0625,0.5,1,0,360010142021013
1300,27,7093,-0.3125,0.0,1,0,360010003003028
1301,27,18854,0.0,0.0,1,0,360010002003000
1302,27,67886,0.625,0.25,1,0,360010137061001
1303,27,7162,0.3125,0.5,1,0,360010003003023
1304,27,45565,0.125,0.5,-0.8333333333333334,0,360010005022000
1305,27,73606,0.0,0.0,1,0,360010021003000
1306,27,63099,0.4375,0.75,-0.8333333333333334,0,360010137052014
1307,27,31390,-0.75,0.5,1,0,360010018024005
1308,27,19130,0.0,0.25,1,0,360010002001030
1309,27,45605,0.9375,0.5,1,0,360010005022019
1310,27,75888,-0.3125,0.5,1,0,360010139022010
1311,27,14078,-0.25,0.0,1,0,360010140011009
1312,27,56130,0.1875,0.5,1,0,360010135052000
1313,27,78278,0.6875,0.5,1,0,360010146141000
1314,27,35066,-0.0625,0.75,1,0,360010004032000
1315,27,13519,-0.4375,0.0,1,0,360010139023000
1316,27,13055,0.4375,0.75,1,0,360010139021015
1317,27,54169,0.8125,0.75,1,0,360010141004003
1318,27,38164,1.0,0.5,1,0,360010145031015
1319,27,22961,0.4375,0.0,1,0,360010142024013
1320,27,39225,0.0625,0.25,1,0,360010137071009
1321,27,20849,0.0,0.5,1,0,360010022001002
1322,27,34665,0.8125,-1.0,1,0,360010004034012
1323,27,25508,0.3125,0.0,1,0,360010019022013
1324,27,53642,0.75,0.75,1,0,360010138023005
1325,27,72534,0.5,0.5,1,0,360010020001004
1326,27,25604,-0.125,0.5,1,0,360010019022012
1327,27,5685,0.5,0.75,1,0,360010138021012
1328,27,68356,0.1875,1.0,1,0,360010141003000
1329,27,72339,0.1875,1.0,1,0,360010020003004
1330,27,41801,0.8125,0.25,1,0,360010148012037
1331,27,79345,0.25,0.0,1,0,360010146142017
1332,27,6481,-0.39375,0.5,1,0,360010146112000
1333,27,6383,0.60625,0.25,-0.8333333333333334,0,360010146112000
1334,27,69805,0.75,-0.5,-0.8333333333333334,0,360010018012016
1335,27,59215,0.125,-0.5,1,0,360010146063039
1336,27,67773,0.1875,0.0,1,0,360010137061011
1337,27,68058,0.0,0.0,1,0,360010137061012
1338,27,27573,0.25,0.0,1,0,360010129001019
1339,27,77924,0.3125,0.5,1,0,360010135082021
1340,27,31635,0.625,1.0,1,0,360010018023001
1341,27,59832,0.625,0.75,1,0,360010135081019
1342,27,40688,0.25,1.0,1,0,360010146121026
1343,27,28751,0.0,0.25,1,0,360010026004024
1344,27,76090,0.1875,0.5,1,0,360010142032006
1345,27,47998,0.25,0.75,1,0,360010130003015
1346,27,10901,0.75,0.0,1,0,360010146091001
1347,27,58440,0.125,0.5,1,0,360010148011092
1348,27,52320,0.125,1.0,1,0,360010135083017
1349,27,65655,-0.0625,0.5,1,0,360010142021013
1350,28,7093,-0.3125,0.0,1,0,360010003003028
1351,28,18854,0.0,0.0,1,0,360010002003000
1352,28,67886,0.625,0.25,1,0,360010137061001
1353,28,7162,0.3125,0.5,1,0,360010003003023
1354,28,45565,0.125,0.5,-0.8333333333333334,0,360010005022000
1355,28,73606,0.0,0.0,1,0,360010021003000
1356,28,63099,0.4375,0.75,-0.8333333333333334,0,360010137052014
1357,28,31390,-0.75,0.5,1,0,360010018024005
1358,28,19130,0.0,0.25,1,0,360010002001030
1359,28,45605,0.9375,0.5,1,0,360010005022019
1360,28,75888,-0.3125,0.5,1,0,360010139022010
1361,28,14078,-0.25,0.0,1,0,360010140011009
1362,28,56130,0.1875,0.5,1,0,360010135052000
1363,28,78278,0.6875,0.5,1,0,360010146141000
1364,28,35066,-0.0625,0.75,1,0,360010004032000
1365,28,13519,-0.4375,0.0,1,0,360010139023000
1366,28,13055,0.4375,0.75,1,0,360010139021015
1367,28,54169,0.8125,0.75,1,0,360010141004003
1368,28,38164,1.0,0.5,1,0,360010145031015
1369,28,22961,0.4375,0.0,1,0,360010142024013
1370,28,39225,0.0625,0.25,1,0,360010137071009
1371,28,20849,0.0,0.5,1,0,360010022001002
1372,28,34665,0.8125,-1.0,1,0,360010004034012
1373,28,25508,0.3125,0.0,1,0,360010019022013
1374,28,53642,0.75,0.75,1,0,360010138023005
1375,28,72534,0.5,0.5,1,0,360010020001004
1376,28,25604,-0.125,0.5,1,0,360010019022012
1377,28,5685,0.5,0.75,1,0,360010138021012
1378,28,68356,0.1875,1.0,1,0,360010141003000
1379,28,72339,0.1875,1.0,1,0,360010020003004
1380,28,41801,0.8125,0.25,1,0,360010148012037
1381,28,79345,0.25,0.0,1,0,360010146142017
1382,28,6481,-0.39375,0.5,1,0,360010146112000
1383,28,6383,0.60625,0.25,-0.8333333333333334,0,360010146112000
1384,28,69805,0.75,-0.5,-0.8333333333333334,0,360010018012016
1385,28,59215,0.125,-0.5,1,0,360010146063039
1386,28,67773,0.1875,0.0,1,0,360010137061011
1387,28,68058,0.0,0.0,1,0,360010137061012
1388,28,27573,0.25,0.0,1,0,360010129001019
1389,28,77924,0.3125,0.5,1,0,360010135082021
1390,28,31635,0.625,1.0,1,0,360010018023001
1391,28,59832,0.625,0.75,1,0,360010135081019
1392,28,40688,0.25,1.0,1,0,360010146121026
1393,28,28751,0.0,0.25,1,0,360010026004024
1394,28,76090,0.1875,0.5,1,0,360010142032006
1395,28,47998,0.25,0.75,1,0,360010130003015
1396,28,10901,0.75,0.0,1,0,360010146091001
1397,28,58440,0.125,0.5,1,0,360010148011092
1398,28,52320,0.125,1.0,1,0,360010135083017
1399,28,65655,-0.0625,0.5,1,0,360010142021013
1400,29,7093,-0.3125,0.0,1,0,360010003003028
1401,29,18854,0.0,0.0,1,0,360010002003000
1402,29,67886,0.625,0.25,1,0,360010137061001
1403,29,7162,0.3125,0.5,1,0,360010003003023
1404,29,45565,0.125,0.5,-0.8333333333333334,0,360010005022000
1405,29,73606,0.0,0.0,1,0,360010021003000
1406,29,63099,0.4375,0.75,-0.8333333333333334,0,360010137052014
1407,29,31390,-0.75,0.5,1,0,360010018024005
1408,29,19130,0.0,0.25,1,0,360010002001030
1409,29,45605,0.9375,0.5,1,0,360010005022019
1410,29,75888,-0.3125,0.5,1,0,360010139022010
1411,29,14078,-0.25,0.0,1,0,360010140011009
1412,29,56130,0.1875,0.5,1,0,360010135052000
1413,29,78278,0.6875,0.5,1,0,360010146141000
1414,29,35066,-0.0625,0.75,1,0,360010004032000
1415,29,13519,-0.4375,0.0,1,0,360010139023000
1416,29,13055,0.4375,0.75,1,0,360010139021015
1417,29,54169,0.8125,0.75,1,0,360010141004003
1418,29,38164,1.0,0.5,1,0,360010145031015
1419,29,22961,0.4375,0.0,1,0,360010142024013
1420,29,39225,0.0625,0.25,1,0,360010137071009
1421,29,20849,0.0,0.5,1,0,360010022001002
1422,29,34665,0.8125,-1.0,1,0,360010004034012
1423,29,25508,0.3125,0.0,1,0,360010019022013
1424,29,53642,0.75,0.75,1,0,360010138023005
1425,29,72534,0.5,0.5,1,0,360010020001004
1426,29,25604,-0.125,0.5,1,0,360010019022012
1427,29,5685,0.5,0.75,1,0,360010138021012
1428,29,68356,0.1875,1.0,1,0,360010141003000
1429,29,72339,0.1875,1.0,1,0,360010020003004
1430,29,41801,0.8125,0.25,1,0,360010148012037
1431,29,79345,0.25,0.0,1,0,360010146142017
1432,29,6481,-0.39375,0.5,1,0,360010146112000
1433,29,6383,0.60625,0.25,-0.8333333333333334,0,360010146112000
1434,29,69805,0.75,-0.5,-0.8333333333333334,0,360010018012016
1435,29,59215,0.125,-0.5,1,0,360010146063039
1436,29,67773,0.1875,0.0,1,0,360010137061011
1437,29,68058,0.0,0.0,1,0,360010137061012
1438,29,27573,0.25,0.0,1,0,360010129001019
1439,29,77924,0.3125,0.5,1,0,360010135082021
1440,29,31635,0.625,1.0,1,0,360010018023001
1441,29,59832,0.625,0.75,1,0,360010135081019
1442,29,40688,0.25,1.0,1,0,360010146121026
1443,29,28751,0.0,0.25,1,0,360010026004024
1444,29,76090,0.1875,0.5,1,0,360010142032006
1445,29,47998,0.25,0.75,1,0,360010130003015
1446,29,10901,0.75,0.0,1,0,360010146091001
1447,29,58440,0.125,0.5,1,0,360010148011092
1448,29,52320,0.125,1.0,1,0,360010135083017
1449,29,65655,-0.0625,0.5,1,0,360010142021013
1450,30,7093,-0.3125,0.0,1,0,360010003003028
1451,30,18854,0.0,0.0,1,0,360010002003000
1452,30,67886,0.625,0.25,1,0,360010137061001
1453,30,7162,0.3125,0.5,1,0,360010003003023
1454,30,45565,0.125,0.5,-0.8333333333333334,0,360010005022000
1455,30,73606,0.0,0.0,1,0,360010021003000
1456,30,63099,0.4375,0.75,-0.8333333333333334,0,360010137052014
1457,30,31390,-0.75,0.5,1,0,360010018024005
1458,30,19130,0.0,0.25,1,0,360010002001030
1459,30,45605,0.9375,0.5,1,0,360010005022019
1460,30,75888,-0.3125,0.5,1,0,360010139022010
1461,30,14078,-0.25,0.0,1,0,360010140011009
1462,30,56130,0.1875,0.5,1,0,360010135052000
1463,30,78278,0.6875,0.5,1,0,360010146141000
1464,30,35066,-0.0625,0.75,1,0,360010004032000
1465,30,13519,-0.4375,0.0,1,0,360010139023000
1466,30,13055,0.4375,0.75,1,0,360010139021015
1467,30,54169,0.8125,0.75,1,0,360010141004003
1468,30,38164,1.0,0.5,1,0,360010145031015
1469,30,22961,0.4375,0.0,1,0,360010142024013
1470,30,39225,0.0625,0.25,1,0,360010137071009
1471,30,20849,0.0,0.5,1,0,360010022001002
1472,30,34665,0.8125,-1.0,1,0,360010004034012
1473,30,25508,0.3125,0.0,1,0,360010019022013
1474,30,53642,0.75,0.75,1,0,360010138023005
1475,30,72534,0.5,0.5,1,0,360010020001004
1476,30,25604,-0.125,0.5,1,0,360010019022012
1477,30,5685,0.5,0.75,1,0,360010138021012
1478,30,68356,0.1875,1.0,1,0,360010141003000
1479,30,72339,0.1875,1.0,1,0,360010020003004
1480,30,41801,0.8125,0.25,1,0,360010148012037
1481,30,79345,0.25,0.0,1,0,360010146142017
1482,30,6481,-0.39375,0.5,1,0,360010146112000
1483,30,6383,0.60625,0.25,-0.8333333333333334,0,360010146112000
1484,30,69805,0.75,-0.5,-0.8333333333333334,0,360010018012016
1485,30,59215,0.125,-0.5,1,0,360010146063039
1486,30,67773,0.1875,0.0,1,0,360010137061011
1487,30,68058,0.0,0.0,1,0,360010137061012
1488,30,27573,0.25,0.0,1,0,360010129001019
1489,30,77924,0.3125,0.5,1,0,360010135082021
1490,30,31635,0.625,1.0,1,0,360010018023001
1491,30,59832,0.625,0.75,1,0,360010135081019
1492,30,40688,0.25,1.0,1,0,360010146121026
1493,30,28751,0.0,0.25,1,0,360010026004024
1494,30,76090,0.1875,0.5,1,0,360010142032006
1495,30,47998,0.25,0.75,1,0,360010130003015
1496,30,10901,0.75,0.0,1,0,360010146091001
1497,30,58440,0.125,0.5,1,0,360010148011092
1498,30,52320,0.125,1.0,1,0,360010135083017
1499,30,65655,-0.0625,0.5,1,0,360010142021013
