,nodes
0,73999
1,76535
2,60881
3,68658
4,57414
5,2021
6,65465
7,41038
8,55290
9,32770
10,47534
11,38230
12,51155
13,50839
14,2159
15,39196
16,20849
17,19977
18,45675
19,77884
20,34937
21,48568
22,13384
23,70131
24,74450
25,67785
26,21105
27,67924
28,77044
29,21091
30,30497
31,35092
32,55053
33,40337
34,63453
35,69752
36,12605
37,54926
38,24561
39,74621
40,22472
41,62106
42,18223
43,42754
44,77410
45,54333
46,24814
47,25627
48,38381
49,22831
50,45724
51,47690
52,72377
53,50494
54,70253
55,1462
56,23819
57,73983
58,31210
59,10117
60,54530
61,45641
62,22263
63,65719
64,76317
65,64917
66,36193
67,19841
68,80138
69,27696
70,31908
71,16158
72,37340
73,50042
74,5888
75,78043
76,61578
77,47520
78,41131
79,71960
80,44421
81,61587
82,48003
83,8184
84,8705
85,66855
86,30489
87,12860
88,56319
89,3316
90,30520
91,60117
92,51534
93,41920
94,29397
95,39150
96,7264
97,10331
98,25102
99,26561
100,64021
101,12620
102,59292
103,11848
104,9873
105,76790
106,15792
107,29748
108,36065
109,74543
110,39992
111,42233
112,5261
113,37259
114,31093
115,3997
116,43607
117,50981
118,28457
119,37835
120,27537
121,28933
122,40599
123,19743
124,54210
125,30760
126,14008
127,3388
128,69428
129,63530
130,36293
131,39739
132,33777
133,68787
134,11139
135,76830
136,35648
137,17248
138,67382
139,34352
140,26409
141,49579
142,39350
143,40775
144,3898
145,25180
146,63952
147,5390
148,17979
149,74259
150,35004
151,3498
152,45874
153,9853
154,5682
155,1543
156,58593
157,46237
158,51265
159,70442
160,66907
161,26337
162,5090
163,14104
164,51197
165,907
166,47517
167,28633
168,56604
169,77771
170,53745
171,23947
172,77400
173,32715
174,43861
175,41574
176,72043
177,50815
178,47218
179,37854
180,14197
181,57682
182,67787
183,39154
184,2896
185,39147
186,2227
187,35173
188,15207
189,51132
190,10652
191,35819
192,12062
193,65057
194,73044
195,75632
196,35727
197,26772
198,19810
199,76817
200,2711
201,27573
202,50702
203,57019
204,50347
205,26702
206,80238
207,71937
208,51513
209,50039
210,72770
211,647
212,41985
213,49196
214,24547
215,24082
216,64558
217,8539
218,15764
219,69251
220,63235
221,8048
222,61966
223,31390
224,60318
225,48387
226,22750
227,51448
228,55824
229,74404
230,45688
231,34219
232,79005
233,54027
234,39726
235,17366
236,40881
237,22660
238,13731
239,5789
240,1128
241,47421
242,4341
243,22952
244,16627
245,48327
246,14867
247,79048
248,69408
249,60023
250,14651
251,61534
252,70404
253,2299
254,27679
255,25456
256,39956
257,57049
258,57184
259,67203
260,33129
261,59800
262,49227
263,50155
264,2012
265,64322
266,38317
267,4254
268,44604
269,7869
270,50443
271,59376
272,21913
273,6841
274,75133
275,70700
276,50932
277,18701
278,7090
279,75414
280,79193
281,42239
282,53714
283,44218
284,50713
285,8064
286,63420
287,72366
288,6391
289,18111
290,54234
291,76252
292,47671
293,71813
294,29656
295,27974
296,68923
297,30354
298,38838
299,31351
300,38237
301,13324
302,68040
303,42395
304,75738
305,24294
306,53628
307,23031
308,14707
309,51958
310,60090
311,74295
312,6447
313,14660
314,11541
315,7546
316,55964
317,33995
318,66532
319,37972
320,13318
321,58408
322,48710
323,66126
324,29922
325,1800
326,10681
327,24659
328,66462
329,45116
330,29649
331,44048
332,31243
333,35877
334,76756
335,11327
336,68883
337,62499
338,45179
339,13892
340,56572
341,41372
342,41760
343,20420
344,67934
345,8285
346,75984
347,63224
348,69539
349,35437
350,79353
351,45440
352,31468
353,74958
354,20119
355,562
356,68342
357,35134
358,38997
359,57461
360,30868
361,24058
362,46141
363,4137
364,46607
365,70186
366,26507
367,20884
368,33923
369,27578
370,79106
371,63380
372,19364
373,72269
374,44784
375,759
376,58823
377,60528
378,80271
379,59117
380,48503
381,43073
382,67919
383,29351
384,3454
385,6195
386,39593
387,18258
388,79583
389,33338
390,51422
391,80079
392,28328
393,28839
394,62310
395,6413
396,13847
397,10075
398,3009
399,29097
400,1007
401,64451
402,78066
403,35006
404,4681
405,31626
406,32305
407,5503
408,58509
409,15159
410,27745
411,36339
412,30902
413,45664
414,43579
415,72416
416,70922
417,19662
418,12012
419,50730
420,51744
421,42257
422,38947
423,44259
424,14627
425,76357
426,46397
427,37406
428,62275
429,555
430,19800
431,22275
432,52726
433,64572
434,39980
435,54215
436,4634
437,3807
438,1704
439,38567
440,3025
441,18135
442,5320
443,55553
444,58722
445,36503
446,39978
447,61121
448,36066
449,32338
450,55928
451,52210
452,67885
453,56868
454,32948
455,29579
456,55622
457,644
458,43287
459,52569
460,49143
461,11080
462,53315
463,33537
464,42141
465,58416
466,45948
467,66053
468,506
469,47751
470,33220
471,61984
472,24594
473,55981
474,17920
475,40013
476,11294
477,16832
478,6184
479,16474
480,17100
481,23982
482,6794
483,55583
484,3710
485,18646
486,78380
487,58748
488,40251
489,10194
490,12553
491,58319
492,32197
493,64063
494,15299
495,40732
496,65969
497,75685
498,68495
499,42784
500,22390
501,32816
502,16401
503,62283
504,3819
505,35402
506,29342
507,66397
508,3076
509,28025
510,34594
511,51452
512,35859
513,7000
514,29093
515,67127
516,36581
517,69615
518,52167
519,17628
520,64223
521,78261
522,27352
523,37645
524,52179
525,15206
526,54824
527,15455
528,9007
529,18696
530,35320
531,14194
532,53357
533,10175
534,7975
535,31693
536,62261
537,13775
538,55066
539,64875
540,70246
541,60362
542,35068
543,47336
544,69353
545,18878
546,40310
547,80292
548,65348
549,5691
550,21720
551,71820
552,40974
553,53448
554,58931
555,3242
556,46261
557,22131
558,8400
559,5764
560,50889
561,46948
562,20718
563,70480
564,23195
565,34887
566,46384
567,45050
568,70841
569,55715
570,20194
571,59651
572,17620
573,65655
574,7219
575,20082
576,16528
577,29524
578,12353
579,40195
580,51129
581,53106
582,11260
583,50451
584,61753
585,16379
586,78956
587,66360
588,53
589,36541
590,13242
591,14948
592,33408
593,58154
594,58896
595,21884
596,25080
597,12006
598,18610
599,2327
600,35764
601,47998
602,42701
603,14664
604,43218
605,19494
606,15835
607,60635
608,14809
609,11124
610,24701
611,42458
612,71436
613,57231
614,52509
615,10747
616,66224
617,74690
618,70468
619,60601
620,67604
621,6481
622,60545
623,2478
624,49453
625,75677
626,34020
627,65957
628,16502
629,28320
630,20179
631,12255
632,53575
633,57062
634,39280
635,60151
636,28854
637,69714
638,58623
639,60006
640,22752
641,76586
642,49285
643,23840
644,40717
645,38796
646,61250
647,76572
648,79506
649,33441
650,22571
651,44651
652,46696
653,79345
654,27808
655,70187
656,59322
657,9839
658,35088
659,53535
660,36647
661,13746
662,670
663,46908
664,65667
665,588
666,25346
667,64450
668,23834
669,41940
670,73857
671,61928
672,48506
673,50436
674,20138
675,46464
676,73893
677,57724
678,57466
679,13435
680,3203
681,69625
682,15332
683,28955
684,36530
685,6383
686,62105
687,21682
688,61919
689,28701
690,73653
691,55016
692,43382
693,64489
694,9286
695,3283
696,38294
697,68104
698,53834
699,60726
700,32926
701,39765
702,54166
703,25604
704,441
705,16242
706,63605
707,21164
708,73706
709,32547
710,25766
711,6078
712,7445
713,58471
714,59502
715,8792
716,4866
717,11122
718,24275
719,66146
720,21541
721,56569
722,59215
723,59662
724,55264
725,66604
726,75148
727,54748
728,56892
729,47159
730,24223
731,75782
732,55170
733,33213
734,29103
735,31920
736,78854
737,62980
738,60101
739,30374
740,168
741,25229
742,44010
743,29212
744,38184
745,2932
746,49380
747,46253
748,35729
749,37186
750,54417
751,58839
752,53168
753,23911
754,5136
755,13492
756,25798
757,24593
758,42290
759,15739
760,16897
761,56609
762,1834
763,15384
764,43963
765,60134
766,6761
767,79097
768,39823
769,65493
770,69068
771,59959
772,13519
773,59240
774,26624
775,3738
776,19531
777,67065
778,37017
779,77408
780,51923
781,5443
782,30314
783,28478
784,63682
785,22442
786,11658
787,75780
788,34039
789,7543
790,35168
791,26239
792,10002
793,69280
794,55158
795,14109
796,47715
797,23361
798,566
799,54747
800,1685
801,17888
802,29996
803,42800
804,18754
805,27590
806,22423
807,68055
808,71310
809,36537
810,31132
811,380
812,55076
813,58798
814,25633
815,47710
816,43465
817,13224
818,7565
819,78795
820,57984
821,26630
822,55133
823,5851
824,78060
825,8732
826,22597
827,61079
828,14219
829,62368
830,58886
831,56330
832,14817
833,22985
834,53461
835,75810
836,35516
837,30974
838,77140
839,66560
840,41801
841,63105
842,17681
843,25066
844,65922
845,31075
846,39747
847,22848
848,29213
849,78590
850,28720
851,39004
852,78282
853,3843
854,12833
855,13649
856,66250
857,51038
858,2265
859,13670
860,63844
861,66048
862,46343
863,16649
864,26810
865,60396
866,9888
867,43962
868,26918
869,19444
870,17078
871,58496
872,14449
873,51897
874,75740
875,44369
876,69809
877,21367
878,80279
879,38035
880,11308
881,59974
882,11459
883,39898
884,23886
885,46252
886,19064
887,73818
888,11148
889,14178
890,68371
891,49563
892,59337
893,59094
894,68469
895,11945
896,55182
897,58822
898,5181
899,53207
900,48817
901,73135
902,21060
903,75606
904,60534
905,5093
906,15428
907,46024
908,59830
909,38984
910,4696
911,79943
912,37537
913,76498
914,34541
915,39232
916,14216
917,18428
918,12394
919,15335
920,23780
921,37043
922,86
923,27936
924,7816
925,17630
926,60138
927,39068
928,48979
929,8062
930,32792
931,29701
932,78228
933,4228
934,54008
935,57771
936,79561
937,38516
938,67210
939,56664
940,62126
941,23933
942,42466
943,79302
944,70283
945,56020
946,11628
947,18652
948,57198
949,9413
950,73113
951,53256
952,74108
953,17347
954,35105
955,64431
956,13768
957,79159
958,25177
959,61293
960,71863
961,7511
962,32855
963,1276
964,59500
965,59832
966,7239
967,17088
968,55318
969,66810
970,66459
971,9336
972,38460
973,10864
974,12813
975,8356
976,31741
977,71026
978,17622
979,233
980,68338
981,7259
982,15881
983,38210
984,12838
985,42688
986,73982
987,57385
988,70930
989,16578
990,44596
991,71056
992,8660
993,5392
994,23648
995,9712
996,42928
997,9894
998,22591
999,25989
1000,74056
1001,60446
1002,26
1003,39225
1004,28549
1005,15064
1006,11862
1007,19036
1008,45743
1009,55030
1010,61597
1011,26424
1012,68108
1013,22403
1014,15547
1015,2460
1016,56560
1017,56016
1018,49809
1019,52182
1020,12820
1021,1670
1022,46564
1023,15633
1024,4288
1025,33868
1026,15008
1027,22164
1028,62121
1029,48841
1030,50148
1031,45826
1032,30083
1033,67289
1034,37226
1035,35422
1036,72489
1037,50174
1038,69750
1039,72322
1040,79727
1041,58990
1042,1820
1043,57176
1044,78500
1045,27645
1046,30320
1047,25106
1048,7625
1049,20456
1050,38448
1051,6938
1052,15449
1053,52274
1054,22791
1055,63959
1056,29094
1057,11360
1058,2895
1059,12059
1060,68703
1061,52627
1062,38483
1063,692
1064,71562
1065,29633
1066,47169
1067,33401
1068,23013
1069,69122
1070,17309
1071,18806
1072,47479
1073,11155
1074,29951
1075,64818
1076,52451
1077,34824
1078,54584
1079,26689
1080,69359
1081,8412
1082,6310
1083,54010
1084,79525
1085,53353
1086,9502
1087,45107
1088,53449
1089,79914
1090,34926
1091,27148
1092,50397
1093,57329
1094,40252
1095,22351
1096,13532
1097,41864
1098,39506
1099,34303
1100,42430
1101,234
1102,44258
1103,67592
1104,21142
1105,34428
1106,17603
1107,42402
1108,73294
1109,46106
1110,59668
1111,67977
1112,15017
1113,61253
1114,69872
1115,72825
1116,36388
1117,19130
1118,60358
1119,12316
1120,57265
1121,48407
1122,13608
1123,62374
1124,68627
1125,39781
1126,62988
1127,3869
1128,60457
1129,73637
1130,41802
1131,28583
1132,58051
1133,67000
1134,3008
1135,28473
1136,40001
1137,8041
1138,6677
1139,36955
1140,14271
1141,45581
1142,39793
1143,51264
1144,43821
1145,64164
1146,62293
1147,76911
1148,38482
1149,65409
1150,45999
1151,20424
1152,54153
1153,17022
1154,55204
1155,44005
1156,6851
1157,32269
1158,70884
1159,9979
1160,41749
1161,69312
1162,73628
1163,27233
1164,36812
1165,72268
1166,36236
1167,9472
1168,5681
1169,52705
1170,66125
1171,30095
1172,55778
1173,19437
1174,11961
1175,47293
1176,24572
1177,1504
1178,7278
1179,53995
1180,38103
1181,13883
1182,18874
1183,42443
1184,65214
1185,61844
1186,40688
1187,30936
1188,42026
1189,68085
1190,21527
1191,47767
1192,67672
1193,50197
1194,25576
1195,72717
1196,39283
1197,10576
1198,29436
1199,73576
1200,3410
1201,38334
1202,68272
1203,70575
1204,67172
1205,15333
1206,8185
1207,33014
1208,39234
1209,58992
1210,52587
1211,62884
1212,37681
1213,76666
1214,78465
1215,42440
1216,67659
1217,57003
1218,22074
1219,29261
1220,22759
1221,3011
1222,37196
1223,67904
1224,6162
1225,71037
1226,32139
1227,70215
1228,74547
1229,11550
1230,13687
1231,23990
1232,9065
1233,70549
1234,36732
1235,14744
1236,17563
1237,14964
1238,64743
1239,6630
1240,62891
1241,33368
1242,26411
1243,57269
1244,56653
1245,44454
1246,77745
1247,59348
1248,37444
1249,67878
1250,22979
1251,67773
1252,5866
1253,781
1254,42547
1255,35172
1256,10454
1257,2788
1258,55596
1259,79680
1260,52409
1261,10359
1262,5358
1263,79259
1264,25491
1265,77828
1266,6640
1267,26214
1268,33954
1269,64376
1270,8759
1271,9977
1272,75141
1273,65438
1274,30692
1275,1881
1276,47410
1277,53295
1278,46201
1279,11307
1280,33865
1281,68634
1282,1211
1283,19304
1284,56576
1285,47502
1286,47846
1287,50707
1288,19812
1289,34958
1290,27810
1291,78278
1292,73794
1293,32275
1294,51759
1295,54169
1296,27409
1297,74992
1298,23475
1299,59335
1300,69027
1301,43679
1302,15628
1303,2109
1304,44797
1305,68831
1306,75747
1307,7210
1308,20273
1309,73057
1310,15778
1311,15767
1312,22494
1313,54805
1314,65094
1315,47970
1316,9398
1317,70169
1318,8044
1319,16998
1320,37939
1321,60223
1322,78968
1323,68771
1324,48896
1325,71751
1326,70287
1327,68369
1328,52126
1329,76288
1330,29295
1331,79985
1332,45207
1333,16074
1334,20277
1335,38810
1336,34207
1337,63215
1338,52691
1339,21499
1340,20257
1341,32539
1342,43373
1343,28368
1344,20168
1345,7079
1346,76574
1347,75317
1348,36439
1349,50681
1350,23307
1351,29440
1352,1162
1353,49736
1354,16583
1355,50583
1356,18316
1357,25728
1358,67856
1359,34760
1360,22559
1361,3259
1362,72648
1363,48908
1364,68401
1365,67406
1366,8691
1367,33977
1368,59685
1369,14042
1370,55626
1371,27036
1372,27178
1373,10186
1374,68870
1375,27809
1376,29727
1377,39301
1378,31291
1379,63458
1380,64941
1381,61754
1382,49430
1383,29887
1384,10896
1385,6859
1386,54181
1387,75468
1388,6189
1389,62840
1390,30194
1391,76689
1392,25518
1393,61457
1394,76042
1395,74862
1396,28749
1397,5952
1398,56923
1399,34074
1400,29386
1401,57416
1402,80247
1403,53620
1404,34885
1405,9770
1406,43496
1407,71360
1408,21509
1409,10902
1410,75635
1411,58591
1412,32988
1413,14433
1414,24867
1415,23904
1416,16768
1417,56969
1418,11907
1419,70665
1420,73978
1421,38882
1422,30715
1423,46558
1424,74845
1425,61781
1426,21471
1427,9964
1428,25113
1429,74401
1430,13833
1431,78539
1432,33452
1433,68565
1434,5486
1435,65874
1436,61281
1437,4982
1438,13817
1439,70227
1440,59719
1441,56718
1442,31354
1443,8438
1444,62864
1445,14784
1446,6519
1447,261
1448,20569
1449,72624
1450,52841
1451,68407
1452,4361
1453,57598
1454,4859
1455,59410
1456,62351
1457,25790
1458,67564
1459,78602
1460,71150
1461,48137
1462,30584
1463,33005
1464,65307
1465,5596
1466,62594
1467,39675
1468,36168
1469,28159
1470,52707
1471,4806
1472,64308
1473,29472
1474,8339
1475,55481
1476,73661
1477,21905
1478,75144
1479,16194
1480,71275
1481,35204
1482,49130
1483,9000
1484,67420
1485,57350
1486,2633
1487,30134
1488,3257
1489,51528
1490,36267
1491,24565
1492,44496
1493,68795
1494,41065
1495,36021
1496,78796
1497,26610
1498,48780
1499,60597
1500,60977
1501,53392
1502,27963
1503,6900
1504,14775
1505,78414
1506,21890
1507,53611
1508,61697
1509,54522
1510,16178
1511,18720
1512,31460
1513,3935
1514,37647
1515,46412
1516,74100
1517,3567
1518,24078
1519,79321
1520,70167
1521,38179
1522,66901
1523,6704
1524,36527
1525,61807
1526,53122
1527,68296
1528,10912
1529,23786
1530,6331
1531,17800
1532,57501
1533,69368
1534,13787
1535,17930
1536,35405
1537,57320
1538,68834
1539,59694
1540,60057
1541,72985
1542,69403
1543,9811
1544,52441
1545,26803
1546,39937
1547,3407
1548,21581
1549,30113
1550,73059
1551,23374
1552,20333
1553,11413
1554,71765
1555,41943
1556,22050
1557,71673
1558,57714
1559,21256
1560,44917
1561,72551
1562,56720
1563,66885
1564,48265
1565,51142
1566,23100
1567,50118
1568,78133
1569,10862
1570,34306
1571,75888
1572,18491
1573,70670
1574,51542
1575,76203
1576,75819
1577,57167
1578,65616
1579,35017
1580,68933
1581,9885
1582,79382
1583,3354
1584,14694
1585,20231
1586,43010
1587,63939
1588,13628
1589,48150
1590,65384
1591,77579
1592,66941
1593,57294
1594,579
1595,42225
1596,60719
1597,11623
1598,54800
1599,29024
1600,16901
1601,2589
1602,15296
1603,29679
1604,64282
1605,68792
1606,63744
1607,79910
1608,13375
1609,55509
1610,53642
1611,491
1612,41678
1613,10905
1614,61992
1615,31018
1616,67384
1617,52413
1618,47640
1619,14149
1620,21421
1621,5760
1622,65390
1623,59116
1624,6628
1625,23747
1626,20393
1627,7402
1628,29092
1629,546
1630,29979
1631,57946
1632,28006
1633,38707
1634,57856
1635,39585
1636,11487
1637,78428
1638,60554
1639,70421
1640,66247
1641,25758
1642,80149
1643,37618
1644,70177
1645,10532
1646,7750
1647,70971
1648,68544
1649,29615
1650,71857
1651,7361
1652,6341
1653,68220
1654,22235
1655,16355
1656,27576
1657,36780
1658,57191
1659,61284
1660,56455
1661,20189
1662,22436
1663,6805
1664,63832
1665,24103
1666,79575
1667,4849
1668,1631
1669,17785
1670,29095
1671,76663
1672,53803
1673,13122
1674,66362
1675,64599
1676,36191
1677,56944
1678,64037
1679,19994
1680,49588
1681,68763
1682,73686
1683,77114
1684,65090
1685,15387
1686,47619
1687,50927
1688,20127
1689,25827
1690,42346
1691,67980
1692,79735
1693,78797
1694,37152
1695,31413
1696,23455
1697,65320
1698,1729
1699,8005
1700,72923
1701,79041
1702,26206
1703,19502
1704,51592
1705,49309
1706,55963
1707,40152
1708,61532
1709,20555
1710,16006
1711,3704
1712,11163
1713,76753
1714,25250
1715,5459
1716,73547
1717,50093
1718,37103
1719,1986
1720,55165
1721,4089
1722,26510
1723,47804
1724,10055
1725,70479
1726,48060
1727,59833
1728,66260
1729,47005
1730,22440
1731,48651
1732,45157
1733,43775
1734,80210
1735,19606
1736,62548
1737,15732
1738,1740
1739,2336
1740,73655
1741,50697
1742,47847
1743,52545
1744,13024
1745,11659
1746,67886
1747,68380
1748,50292
1749,35231
1750,3902
1751,20065
1752,46278
1753,38999
1754,16485
1755,57142
1756,72100
1757,39576
1758,17509
1759,21782
1760,11300
1761,57147
1762,41271
1763,44251
1764,25845
1765,9346
1766,61102
1767,72694
1768,52238
1769,4766
1770,15189
1771,68058
1772,64936
1773,63857
1774,22039
1775,36443
1776,15577
1777,68515
1778,6502
1779,34401
1780,29086
1781,46422
1782,12827
1783,51181
1784,938
1785,8226
1786,23744
1787,40542
1788,78418
1789,71454
1790,20307
1791,65653
1792,42486
1793,4618
1794,36155
1795,22749
1796,43863
1797,21348
1798,3273
1799,24677
1800,5588
1801,7100
1802,21188
1803,19327
1804,63712
1805,62512
1806,73398
1807,25011
1808,67068
1809,40501
1810,24
1811,79979
1812,79338
1813,66756
1814,2823
1815,66743
1816,7961
1817,29119
1818,3621
1819,72840
1820,40296
1821,16767
1822,32142
1823,3309
1824,59175
1825,28032
1826,969
1827,53385
1828,73211
1829,30778
1830,80104
1831,17253
1832,79699
1833,22719
1834,76894
1835,8194
1836,7790
1837,56461
1838,32183
1839,9513
1840,20735
1841,27827
1842,50724
1843,79082
1844,45610
1845,65553
1846,46021
1847,25439
1848,23613
1849,22291
1850,73725
1851,25125
1852,14380
1853,10834
1854,21731
1855,31618
1856,28861
1857,45042
1858,47250
1859,66959
1860,24282
1861,9132
1862,35739
1863,4851
1864,39031
1865,64847
1866,70225
1867,42619
1868,52023
1869,64267
1870,7951
1871,43050
1872,73116
1873,60129
1874,6642
1875,66686
1876,22854
1877,48071
1878,54132
1879,26839
1880,47953
1881,34931
1882,69439
1883,26228
1884,2610
1885,75571
1886,67229
1887,15726
1888,75232
1889,25621
1890,23967
1891,17731
1892,51614
1893,49211
1894,24178
1895,5365
1896,45085
1897,36056
1898,35776
1899,38134
1900,68854
1901,54658
1902,63898
1903,57955
1904,43335
1905,35887
1906,695
1907,68640
1908,38980
1909,28587
1910,44986
1911,50504
1912,7516
1913,23201
1914,59418
1915,43253
1916,44274
1917,22564
1918,62566
1919,40212
1920,70020
1921,36951
1922,71861
1923,60813
1924,45135
1925,27166
1926,48642
1927,73540
1928,11106
1929,143
1930,17229
1931,6410
1932,43754
1933,35958
1934,398
1935,53408
1936,11241
1937,69569
1938,40320
1939,58440
1940,21754
1941,3138
1942,36588
1943,34599
1944,69477
1945,65891
1946,70964
1947,32099
1948,56993
1949,39194
1950,3382
1951,38437
1952,55541
1953,11416
1954,9618
1955,38405
1956,8214
1957,70709
1958,36092
1959,44022
1960,15796
1961,9987
1962,13647
1963,59562
1964,47643
1965,22984
1966,13507
1967,21218
1968,5881
1969,52919
1970,53826
1971,43444
1972,4152
1973,4223
1974,31597
1975,9604
1976,70388
1977,1566
1978,3825
1979,62899
1980,73265
1981,49199
1982,57255
1983,50609
1984,2822
1985,60721
1986,33575
1987,67178
1988,34281
1989,8544
1990,58563
1991,31664
1992,20503
1993,40878
1994,1987
1995,486
1996,48495
1997,60405
1998,21795
1999,62714
2000,79681
2001,72677
2002,39303
2003,14789
2004,25097
2005,48065
2006,25681
2007,18782
2008,60302
2009,72470
2010,77752
2011,59457
2012,12208
2013,10004
2014,76090
2015,49830
2016,62329
2017,50613
2018,64935
2019,46653
2020,59751
2021,59458
2022,28361
2023,58202
2024,78549
2025,40348
2026,72106
2027,24231
2028,72534
2029,43032
2030,42567
2031,45574
2032,73645
2033,33233
2034,73436
2035,617
2036,79017
2037,33612
2038,5322
2039,53967
2040,60244
2041,49408
2042,55774
2043,2759
2044,55351
2045,57735
2046,50888
2047,68006
2048,23493
2049,56001
2050,43237
2051,69463
2052,8434
2053,20255
2054,2343
2055,57514
2056,10166
2057,64753
2058,72930
2059,75706
2060,72555
2061,48419
2062,34286
2063,69330
2064,22352
2065,51468
2066,77458
2067,12895
2068,46140
2069,12496
2070,3340
2071,59811
2072,30701
2073,74346
2074,45849
2075,8117
2076,4294
2077,33353
2078,28600
2079,77221
2080,45239
2081,35643
2082,15081
2083,34527
2084,1275
2085,21436
2086,77441
2087,31449
2088,61889
2089,36164
2090,8767
2091,13874
2092,18331
2093,67080
2094,34300
2095,12721
2096,56166
2097,32109
2098,34151
2099,59142
2100,9216
2101,75040
2102,30683
2103,37213
2104,64872
2105,25027
2106,17813
2107,43632
2108,55521
2109,68064
2110,7340
2111,13354
2112,11892
2113,31905
2114,48598
2115,80046
2116,23158
2117,69904
2118,48423
2119,78295
2120,25476
2121,76876
2122,22126
2123,37589
2124,9492
2125,43661
2126,11595
2127,19515
2128,41796
2129,1444
2130,4143
2131,74518
2132,32179
2133,33635
2134,4527
2135,8945
2136,30454
2137,15002
2138,28931
2139,31924
2140,31942
2141,73832
2142,43269
2143,47820
2144,75419
2145,39121
2146,44799
2147,77240
2148,25402
2149,44383
2150,26560
2151,35264
2152,50218
2153,27701
2154,59341
2155,23192
2156,64229
2157,65572
2158,5849
2159,35985
2160,28981
2161,62379
2162,1269
2163,42559
2164,21629
2165,79367
2166,23426
2167,40685
2168,27625
2169,73813
2170,9665
2171,59300
2172,51484
2173,20425
2174,14252
2175,49152
2176,6128
2177,33183
2178,37286
2179,15597
2180,57437
2181,27966
2182,67432
2183,41875
2184,16065
2185,8482
2186,77499
2187,37973
2188,49231
2189,19230
2190,49777
2191,22152
2192,64635
2193,78564
2194,21791
2195,76073
2196,62047
2197,26613
2198,43461
2199,42642
2200,62129
2201,69323
2202,22512
2203,23579
2204,44236
2205,67976
2206,64270
2207,50844
2208,48358
2209,71113
2210,69893
2211,33681
2212,67543
2213,70249
2214,61329
2215,13683
2216,22357
2217,15548
2218,70162
2219,42209
2220,72339
2221,69464
2222,62054
2223,64744
2224,16163
2225,55657
2226,20487
2227,62406
2228,35642
2229,76784
2230,67770
2231,72153
2232,15077
2233,57278
2234,5376
2235,55646
2236,21940
2237,28950
2238,24319
2239,32982
2240,70158
2241,33687
2242,10964
2243,39878
2244,45146
2245,67061
2246,61322
2247,79763
2248,70438
2249,69044
2250,38956
2251,55587
2252,66279
2253,49348
2254,13310
2255,16072
2256,78400
2257,2128
2258,39889
2259,57819
2260,87
2261,29495
2262,69033
2263,46906
2264,36248
2265,3721
2266,5630
2267,10313
2268,20347
2269,35983
2270,16066
2271,43259
2272,32417
2273,35262
2274,32383
2275,7300
2276,55667
2277,78334
2278,41610
2279,52428
2280,1206
2281,73112
2282,29695
2283,53367
2284,14230
2285,43180
2286,11010
2287,68464
2288,12490
2289,69217
2290,50552
2291,20311
2292,34748
2293,33091
2294,13666
2295,60303
2296,6620
2297,59131
2298,255
2299,14512
2300,22852
2301,16302
2302,78701
2303,79866
2304,65286
2305,18825
2306,58728
2307,80031
2308,45390
2309,23671
2310,55955
2311,36698
2312,58172
2313,1798
2314,19142
2315,38581
2316,23123
2317,33896
2318,68961
2319,77624
2320,71996
2321,73747
2322,4524
2323,46816
2324,51710
2325,60481
2326,24305
2327,10901
2328,26895
2329,19693
2330,55491
2331,57174
2332,74884
2333,62184
2334,39553
2335,49964
2336,24476
2337,53661
2338,21790
2339,68656
2340,62716
2341,63721
2342,52320
2343,68967
2344,66198
2345,2904
2346,44004
2347,43320
2348,36725
2349,33457
2350,63232
2351,47850
2352,51298
2353,14294
2354,31635
2355,51092
2356,30309
2357,9363
2358,40481
2359,4719
2360,427
2361,3333
2362,56906
2363,79359
2364,48922
2365,20161
2366,46304
2367,5030
2368,39842
2369,13685
2370,2384
2371,39887
2372,11189
2373,67421
2374,75050
2375,29042
2376,21311
2377,28451
2378,70324
2379,28466
2380,77977
2381,12637
2382,68539
2383,57078
2384,51874
2385,23929
2386,64382
2387,28751
2388,66204
2389,40084
2390,47514
2391,22690
2392,51411
2393,4385
2394,47239
2395,73107
2396,60333
2397,55303
2398,40151
2399,19408
2400,17080
2401,60317
2402,6924
2403,45435
2404,71061
2405,711
2406,47083
2407,7357
2408,67207
2409,61339
2410,14078
2411,40676
2412,21761
2413,22872
2414,18817
2415,40940
2416,14912
2417,67267
2418,54694
2419,37068
2420,56909
2421,79563
2422,38547
2423,52504
2424,8158
2425,60490
2426,30825
2427,79905
2428,53252
2429,35146
2430,69805
2431,5942
2432,6880
2433,57358
2434,54771
2435,56889
2436,73613
2437,50356
2438,10690
2439,47185
2440,4957
2441,37451
2442,75894
2443,18724
2444,5356
2445,54587
2446,72690
2447,53879
2448,34270
2449,26512
2450,7990
2451,40273
2452,44089
2453,25211
2454,38842
2455,4715
2456,3294
2457,3063
2458,69448
2459,44223
2460,78720
2461,5401
2462,57357
2463,62763
2464,72713
2465,79177
2466,27925
2467,56683
2468,68449
2469,33703
2470,45143
2471,13494
2472,20587
2473,73907
2474,26489
2475,12347
2476,1420
2477,10738
2478,26587
2479,18851
2480,77680
2481,36579
2482,63197
2483,51137
2484,26076
2485,18013
2486,35407
2487,62482
2488,27559
2489,68106
2490,69172
2491,44768
2492,32479
2493,65125
2494,77471
2495,41637
2496,36500
2497,24657
2498,55045
2499,24158
2500,43913
2501,54344
2502,26112
2503,55868
2504,40300
2505,23137
2506,3245
2507,50916
2508,48773
2509,56234
2510,57503
2511,23793
2512,4975
2513,11338
2514,71288
2515,46599
2516,5519
2517,72501
2518,62076
2519,43361
2520,74459
2521,27376
2522,42192
2523,48715
2524,8804
2525,36683
2526,66465
2527,34576
2528,77236
2529,71959
2530,57479
2531,17123
2532,44057
2533,37597
2534,78333
2535,35305
2536,7162
2537,16719
2538,65406
2539,36170
2540,9545
2541,33426
2542,22869
2543,32978
2544,23149
2545,29175
2546,32033
2547,13878
2548,60161
2549,16942
2550,16124
2551,72841
2552,63278
2553,49095
2554,65186
2555,67388
2556,70546
2557,39495
2558,12871
2559,61337
2560,976
2561,473
2562,48007
2563,48182
2564,12990
2565,43650
2566,23295
2567,28449
2568,61853
2569,12415
2570,45630
2571,66634
2572,2425
2573,14667
2574,53545
2575,72976
2576,70362
2577,62052
2578,30054
2579,74429
2580,28802
2581,72822
2582,65621
2583,21310
2584,50818
2585,69906
2586,26281
2587,24559
2588,3030
2589,79139
2590,50474
2591,24268
2592,27894
2593,32083
2594,62597
2595,64945
2596,68628
2597,56528
2598,16476
2599,56510
2600,65105
2601,72872
2602,42079
2603,68073
2604,10324
2605,5286
2606,61128
2607,26609
2608,29230
2609,3084
2610,21995
2611,10308
2612,62902
2613,41536
2614,70344
2615,37377
2616,41019
2617,25461
2618,44033
2619,56808
2620,61477
2621,56223
2622,57392
2623,16937
2624,25508
2625,57547
2626,51454
2627,37050
2628,49601
2629,49988
2630,40214
2631,67016
2632,24863
2633,50077
2634,60653
2635,3793
2636,85
2637,49993
2638,65030
2639,3513
2640,23476
2641,57028
2642,24759
2643,66812
2644,72552
2645,9149
2646,61595
2647,53813
2648,13068
2649,21452
2650,12064
2651,52542
2652,12654
2653,17962
2654,72399
2655,18210
2656,30425
2657,66620
2658,30368
2659,7849
2660,68428
2661,520
2662,31540
2663,77483
2664,27717
2665,65065
2666,33920
2667,78399
2668,22369
2669,36837
2670,72059
2671,1480
2672,1767
2673,16933
2674,46808
2675,30763
2676,53458
2677,23169
2678,54943
2679,46563
2680,10894
2681,65474
2682,2894
2683,18363
2684,18885
2685,44663
2686,56979
2687,52715
2688,47069
2689,20337
2690,45101
2691,70345
2692,11654
2693,13703
2694,72561
2695,16830
2696,1218
2697,3599
2698,50770
2699,23614
2700,13055
2701,74912
2702,55409
2703,15794
2704,56804
2705,71064
2706,4423
2707,10921
2708,28261
2709,64582
2710,62538
2711,16464
2712,11470
2713,1272
2714,52094
2715,1283
2716,71298
2717,47544
2718,7010
2719,3100
2720,17337
2721,9780
2722,48792
2723,76687
2724,62464
2725,46592
2726,8423
2727,38324
2728,61596
2729,8076
2730,63259
2731,49168
2732,16844
2733,61241
2734,24251
2735,72794
2736,1046
2737,78986
2738,13175
2739,38150
2740,33293
2741,66957
2742,2302
2743,7017
2744,15507
2745,53261
2746,65071
2747,77314
2748,51952
2749,43784
2750,49522
2751,41740
2752,20191
2753,21358
2754,13780
2755,40814
2756,49843
2757,53740
2758,21433
2759,16749
2760,68665
2761,20606
2762,76263
2763,36524
2764,16446
2765,62767
2766,39090
2767,10301
2768,9498
2769,51782
2770,38978
2771,10781
2772,27793
2773,65164
2774,18976
2775,10068
2776,47800
2777,19307
2778,1349
2779,41196
2780,30972
2781,47460
2782,7934
2783,66995
2784,68048
2785,27755
2786,20048
2787,42504
2788,63150
2789,26858
2790,78472
2791,69246
2792,12709
2793,41498
2794,50924
2795,28148
2796,7795
2797,32956
2798,23343
2799,2218
2800,19580
2801,76052
2802,17837
2803,48826
2804,3239
2805,4147
2806,32156
2807,63708
2808,67039
2809,4516
2810,43542
2811,73114
2812,29786
2813,79495
2814,25330
2815,69101
2816,29933
2817,57211
2818,36181
2819,16156
2820,69612
2821,9314
2822,15202
2823,62299
2824,3113
2825,65726
2826,43178
2827,62573
2828,51010
2829,36044
2830,77924
2831,15039
2832,59352
2833,40030
2834,63064
2835,28377
2836,64070
2837,31764
2838,45866
2839,24386
2840,42518
2841,62920
2842,57780
2843,13656
2844,5036
2845,54264
