,edges
0,"(49579, 49601)"
1,"(49588, 49588)"
2,"(49588, 49563)"
3,"(43073, 43073)"
4,"(43073, 43010)"
5,"(43010, 43178)"
6,"(63832, 63832)"
7,"(78854, 78854)"
8,"(78854, 79017)"
9,"(79048, 79048)"
10,"(59751, 59662)"
11,"(59751, 59458)"
12,"(59751, 59694)"
13,"(59694, 59833)"
14,"(75571, 75571)"
15,"(75685, 75685)"
16,"(60303, 60057)"
17,"(60303, 60303)"
18,"(28749, 28861)"
19,"(28749, 28861)"
20,"(28861, 28854)"
21,"(13324, 13324)"
22,"(46304, 46607)"
23,"(46607, 46201)"
24,"(46563, 46563)"
25,"(40717, 40717)"
26,"(14809, 14667)"
27,"(14809, 14744)"
28,"(43259, 43259)"
29,"(31243, 31354)"
30,"(31354, 31460)"
31,"(42800, 42800)"
32,"(13883, 13883)"
33,"(75040, 75040)"
34,"(23201, 23201)"
35,"(41536, 41536)"
36,"(67000, 67000)"
37,"(15428, 15428)"
38,"(65922, 65922)"
39,"(65922, 65655)"
40,"(5136, 5136)"
41,"(5136, 4851)"
42,"(4851, 4975)"
43,"(4681, 4849)"
44,"(4681, 4681)"
45,"(4975, 5036)"
46,"(4975, 4696)"
47,"(50613, 50356)"
48,"(50613, 50174)"
49,"(50174, 50552)"
50,"(50474, 50474)"
51,"(15628, 15628)"
52,"(15002, 15002)"
53,"(8732, 8732)"
54,"(8732, 8660)"
55,"(41985, 41985)"
56,"(57320, 57479)"
57,"(57320, 57320)"
58,"(55030, 54824)"
59,"(55030, 55053)"
60,"(54824, 54771)"
61,"(55264, 54805)"
62,"(55264, 55204)"
63,"(55165, 55165)"
64,"(41019, 40878)"
65,"(41019, 41019)"
66,"(44596, 44596)"
67,"(55133, 55133)"
68,"(25177, 25177)"
69,"(31626, 31626)"
70,"(65090, 65094)"
71,"(65090, 65071)"
72,"(65094, 65071)"
73,"(26281, 26281)"
74,"(26281, 26424)"
75,"(13310, 13731)"
76,"(13310, 13878)"
77,"(13685, 13833)"
78,"(13685, 13318)"
79,"(37103, 37103)"
80,"(26560, 26560)"
81,"(7239, 7300)"
82,"(7239, 7259)"
83,"(7259, 7259)"
84,"(6938, 6938)"
85,"(6938, 7100)"
86,"(7100, 6841)"
87,"(6841, 6880)"
88,"(33014, 32855)"
89,"(33014, 32855)"
90,"(9712, 9712)"
91,"(64376, 64376)"
92,"(64635, 64558)"
93,"(64635, 64875)"
94,"(26076, 26076)"
95,"(23295, 23493)"
96,"(23295, 23426)"
97,"(23493, 23307)"
98,"(23195, 23426)"
99,"(23195, 23455)"
100,"(23195, 23307)"
101,"(5760, 5760)"
102,"(5630, 5630)"
103,"(59337, 58798)"
104,"(59337, 58931)"
105,"(59337, 58896)"
106,"(58798, 59418)"
107,"(16832, 16832)"
108,"(17078, 17078)"
109,"(69217, 69217)"
110,"(69217, 69101)"
111,"(64935, 64935)"
112,"(56892, 56892)"
113,"(10313, 10738)"
114,"(47005, 47005)"
115,"(47005, 46908)"
116,"(46908, 46696)"
117,"(46808, 46808)"
118,"(63458, 63259)"
119,"(63458, 63458)"
120,"(21782, 21782)"
121,"(76572, 76572)"
122,"(17630, 17630)"
123,"(52409, 52627)"
124,"(52409, 52627)"
125,"(18720, 18720)"
126,"(18652, 18652)"
127,"(6642, 6640)"
128,"(43287, 43287)"
129,"(43287, 43218)"
130,"(29024, 29024)"
131,"(3354, 2904)"
132,"(3354, 3354)"
133,"(3621, 3273)"
134,"(3621, 3621)"
135,"(26214, 26214)"
136,"(25989, 26239)"
137,"(19142, 19142)"
138,"(65105, 65105)"
139,"(65030, 65164)"
140,"(35739, 35727)"
141,"(35727, 35859)"
142,"(12062, 12064)"
143,"(12062, 11862)"
144,"(11862, 12059)"
145,"(70169, 70169)"
146,"(31291, 31291)"
147,"(52715, 52715)"
148,"(41196, 41196)"
149,"(42784, 42784)"
150,"(41749, 41749)"
151,"(44236, 44236)"
152,"(35729, 35958)"
153,"(35729, 35983)"
154,"(35729, 35729)"
155,"(36056, 35764)"
156,"(72624, 72501)"
157,"(47800, 47643)"
158,"(47800, 47710)"
159,"(47800, 47767)"
160,"(47710, 47710)"
161,"(47710, 47846)"
162,"(31920, 31908)"
163,"(31920, 31905)"
164,"(32142, 32142)"
165,"(46106, 46106)"
166,"(40542, 40940)"
167,"(40775, 40974)"
168,"(59131, 59094)"
169,"(59131, 59131)"
170,"(59131, 59240)"
171,"(65125, 65125)"
172,"(45664, 45743)"
173,"(35134, 35134)"
174,"(39675, 39675)"
175,"(39506, 39992)"
176,"(39506, 39992)"
177,"(39506, 39495)"
178,"(39495, 39765)"
179,"(27409, 27409)"
180,"(1881, 1881)"
181,"(72923, 72923)"
182,"(23933, 23933)"
183,"(70167, 70167)"
184,"(50218, 50218)"
185,"(50770, 50697)"
186,"(62368, 62368)"
187,"(41875, 41875)"
188,"(10002, 10002)"
189,"(27578, 27645)"
190,"(5681, 6128)"
191,"(5681, 5789)"
192,"(20231, 20231)"
193,"(55491, 55491)"
194,"(42141, 42395)"
195,"(42619, 42619)"
196,"(42642, 42642)"
197,"(29295, 29295)"
198,"(5356, 5486)"
199,"(24863, 24863)"
200,"(57598, 57598)"
201,"(73112, 72841)"
202,"(78066, 78066)"
203,"(73107, 73107)"
204,"(33703, 33703)"
205,"(43050, 43050)"
206,"(32139, 32139)"
207,"(32083, 32197)"
208,"(32083, 32083)"
209,"(32033, 32033)"
210,"(44797, 44797)"
211,"(6184, 6184)"
212,"(34219, 34527)"
213,"(42209, 42209)"
214,"(56906, 56906)"
215,"(56993, 56993)"
216,"(1276, 1276)"
217,"(21581, 21499)"
218,"(21581, 21581)"
219,"(5682, 5881)"
220,"(5682, 5888)"
221,"(5881, 5888)"
222,"(42079, 42079)"
223,"(41940, 41920)"
224,"(41940, 41940)"
225,"(72872, 72872)"
226,"(18701, 18701)"
227,"(42026, 42026)"
228,"(5261, 5392)"
229,"(40732, 40732)"
230,"(58593, 58593)"
231,"(14694, 14660)"
232,"(64282, 64282)"
233,"(27537, 27590)"
234,"(8804, 8705)"
235,"(8804, 8544)"
236,"(8705, 8759)"
237,"(58319, 58509)"
238,"(58319, 57771)"
239,"(9065, 9000)"
240,"(9065, 9216)"
241,"(9065, 9346)"
242,"(9216, 9149)"
243,"(61597, 61595)"
244,"(62052, 62126)"
245,"(62052, 62052)"
246,"(7162, 6859)"
247,"(7162, 7162)"
248,"(7162, 7000)"
249,"(6851, 6851)"
250,"(70187, 70187)"
251,"(36066, 36021)"
252,"(36066, 35877)"
253,"(36021, 35877)"
254,"(59811, 59959)"
255,"(59811, 59811)"
256,"(59651, 59651)"
257,"(59668, 59668)"
258,"(61966, 62047)"
259,"(61966, 61966)"
260,"(30778, 30778)"
261,"(67787, 67886)"
262,"(67787, 68064)"
263,"(67787, 67421)"
264,"(67886, 68064)"
265,"(68073, 68073)"
266,"(68064, 67592)"
267,"(67432, 68108)"
268,"(67592, 67604)"
269,"(7010, 7010)"
270,"(7010, 6900)"
271,"(31413, 31413)"
272,"(67904, 67904)"
273,"(42443, 42443)"
274,"(62716, 62716)"
275,"(62920, 62899)"
276,"(19307, 19304)"
277,"(45610, 45610)"
278,"(45610, 45390)"
279,"(27166, 27166)"
280,"(2589, 2227)"
281,"(2265, 2109)"
282,"(13435, 13435)"
283,"(13435, 13507)"
284,"(67543, 67543)"
285,"(73576, 73576)"
286,"(73436, 73436)"
287,"(31597, 31597)"
288,"(31618, 31618)"
289,"(69408, 69439)"
290,"(69439, 69448)"
291,"(69448, 69477)"
292,"(69477, 69750)"
293,"(7869, 7849)"
294,"(7869, 7790)"
295,"(7869, 7790)"
296,"(4254, 4089)"
297,"(55045, 55045)"
298,"(63380, 63453)"
299,"(63380, 63380)"
300,"(29095, 29097)"
301,"(29095, 29097)"
302,"(63952, 63959)"
303,"(63952, 64037)"
304,"(64164, 64164)"
305,"(67980, 67980)"
306,"(31449, 31449)"
307,"(67068, 67068)"
308,"(46653, 46422)"
309,"(46653, 46592)"
310,"(46653, 46592)"
311,"(46253, 46253)"
312,"(41796, 41796)"
313,"(8691, 8691)"
314,"(31351, 31351)"
315,"(9492, 9398)"
316,"(9398, 9618)"
317,"(21761, 21761)"
318,"(21913, 21913)"
319,"(69893, 69893)"
320,"(57547, 57416)"
321,"(25621, 25621)"
322,"(25456, 25402)"
323,"(31093, 31093)"
324,"(62767, 62767)"
325,"(35105, 34926)"
326,"(35105, 35105)"
327,"(34926, 35262)"
328,"(35231, 35068)"
329,"(35068, 35173)"
330,"(35068, 35017)"
331,"(8226, 8226)"
332,"(64872, 64872)"
333,"(68085, 68085)"
334,"(62884, 62884)"
335,"(64917, 64917)"
336,"(35642, 35642)"
337,"(35407, 35402)"
338,"(35407, 35402)"
339,"(57142, 56979)"
340,"(57142, 57142)"
341,"(23374, 23374)"
342,"(62106, 62106)"
343,"(61919, 61919)"
344,"(61919, 61928)"
345,"(52413, 52569)"
346,"(19364, 19364)"
347,"(30972, 30972)"
348,"(37854, 37589)"
349,"(37854, 37589)"
350,"(37589, 37681)"
351,"(30497, 30194)"
352,"(30497, 30683)"
353,"(30194, 30683)"
354,"(30683, 30489)"
355,"(30584, 30584)"
356,"(31132, 31132)"
357,"(31132, 30760)"
358,"(17837, 17837)"
359,"(43320, 43320)"
360,"(80138, 79763)"
361,"(61457, 61457)"
362,"(10690, 10690)"
363,"(44251, 44251)"
364,"(18817, 18817)"
365,"(56718, 56319)"
366,"(56718, 56664)"
367,"(56718, 56664)"
368,"(71310, 71310)"
369,"(17962, 17962)"
370,"(52705, 52504)"
371,"(52919, 52587)"
372,"(52919, 52428)"
373,"(73653, 73645)"
374,"(73653, 73653)"
375,"(73653, 73628)"
376,"(41610, 41610)"
377,"(18724, 18646)"
378,"(67919, 68040)"
379,"(67919, 67919)"
380,"(62076, 62076)"
381,"(33426, 33426)"
382,"(49777, 49777)"
383,"(35776, 36044)"
384,"(62980, 62980)"
385,"(55657, 55657)"
386,"(21091, 21091)"
387,"(21105, 21142)"
388,"(21105, 21164)"
389,"(55016, 55016)"
390,"(46141, 46141)"
391,"(62864, 62891)"
392,"(7795, 7795)"
393,"(21471, 21471)"
394,"(32156, 32156)"
395,"(61697, 61697)"
396,"(35172, 35172)"
397,"(66360, 66260)"
398,"(66250, 66250)"
399,"(34428, 34428)"
400,"(73613, 73637)"
401,"(73661, 73655)"
402,"(73661, 73655)"
403,"(67207, 67207)"
404,"(68883, 68883)"
405,"(73686, 73686)"
406,"(10117, 10117)"
407,"(31390, 31210)"
408,"(33612, 33612)"
409,"(36065, 35887)"
410,"(50042, 50347)"
411,"(50347, 50713)"
412,"(55868, 55778)"
413,"(55868, 56020)"
414,"(55778, 56234)"
415,"(55622, 55774)"
416,"(55622, 56234)"
417,"(56016, 55667)"
418,"(56016, 55626)"
419,"(56016, 56223)"
420,"(56234, 55928)"
421,"(55963, 55646)"
422,"(55963, 56223)"
423,"(55715, 55964)"
424,"(55928, 55981)"
425,"(17979, 17979)"
426,"(9498, 9498)"
427,"(39121, 38324)"
428,"(38707, 38581)"
429,"(38707, 38984)"
430,"(38581, 38483)"
431,"(38984, 38956)"
432,"(78986, 78986)"
433,"(71298, 71298)"
434,"(71298, 71275)"
435,"(66397, 66048)"
436,"(66397, 65957)"
437,"(66048, 66204)"
438,"(66198, 66053)"
439,"(66198, 66224)"
440,"(66224, 65957)"
441,"(66224, 66279)"
442,"(66126, 65969)"
443,"(13354, 13687)"
444,"(13354, 13649)"
445,"(45042, 45042)"
446,"(19444, 19444)"
447,"(63844, 64063)"
448,"(64063, 64021)"
449,"(11595, 11459)"
450,"(11595, 11300)"
451,"(11148, 11659)"
452,"(11148, 11189)"
453,"(11148, 11300)"
454,"(11338, 11139)"
455,"(11338, 11307)"
456,"(11189, 11307)"
457,"(11541, 11308)"
458,"(60481, 60151)"
459,"(60161, 60490)"
460,"(67061, 67061)"
461,"(11010, 11010)"
462,"(14178, 14380)"
463,"(14178, 14449)"
464,"(14449, 14149)"
465,"(14149, 14109)"
466,"(14078, 14194)"
467,"(14078, 14109)"
468,"(61534, 61534)"
469,"(22719, 22719)"
470,"(75888, 75740)"
471,"(69122, 69122)"
472,"(61241, 61241)"
473,"(21754, 21754)"
474,"(62902, 62988)"
475,"(62902, 62902)"
476,"(18331, 18210)"
477,"(18331, 18223)"
478,"(18210, 18223)"
479,"(16942, 16942)"
480,"(16942, 17337)"
481,"(41637, 41760)"
482,"(33635, 33635)"
483,"(62763, 62763)"
484,"(55955, 55955)"
485,"(55955, 56001)"
486,"(78414, 78043)"
487,"(78414, 78472)"
488,"(78043, 78400)"
489,"(78428, 78278)"
490,"(78133, 78261)"
491,"(78133, 78333)"
492,"(78333, 78399)"
493,"(78060, 78228)"
494,"(78295, 78380)"
495,"(78295, 78465)"
496,"(51958, 51923)"
497,"(51958, 52167)"
498,"(51958, 52126)"
499,"(69359, 69359)"
500,"(69359, 69714)"
501,"(49522, 49522)"
502,"(19130, 19130)"
503,"(64322, 64322)"
504,"(64322, 64308)"
505,"(56528, 56528)"
506,"(51592, 51592)"
507,"(51592, 51528)"
508,"(51528, 51513)"
509,"(80271, 80271)"
510,"(42518, 42518)"
511,"(43579, 43579)"
512,"(20735, 20718)"
513,"(16583, 16578)"
514,"(16649, 16649)"
515,"(64599, 64599)"
516,"(64599, 64582)"
517,"(45207, 45207)"
518,"(45207, 45107)"
519,"(21433, 21433)"
520,"(21436, 21436)"
521,"(48817, 48265)"
522,"(21218, 21218)"
523,"(50707, 50707)"
524,"(50707, 50197)"
525,"(47293, 47293)"
526,"(60362, 60362)"
527,"(44048, 44048)"
528,"(76357, 76357)"
529,"(41943, 41943)"
530,"(63857, 63898)"
531,"(66957, 66957)"
532,"(60597, 60597)"
533,"(65186, 65186)"
534,"(51448, 51448)"
535,"(58563, 58623)"
536,"(77441, 77441)"
537,"(37618, 37618)"
538,"(37835, 37835)"
539,"(60545, 60545)"
540,"(32715, 32978)"
541,"(32978, 32816)"
542,"(32978, 32926)"
543,"(40685, 40685)"
544,"(40685, 40676)"
545,"(40881, 40814)"
546,"(78797, 78720)"
547,"(78797, 79041)"
548,"(78720, 78956)"
549,"(78956, 78602)"
550,"(32948, 32792)"
551,"(32948, 32948)"
552,"(32792, 33005)"
553,"(26228, 26228)"
554,"(18851, 18825)"
555,"(18851, 18851)"
556,"(45574, 45581)"
557,"(36500, 36267)"
558,"(36500, 36541)"
559,"(36267, 36164)"
560,"(36537, 36527)"
561,"(36527, 36155)"
562,"(36579, 36530)"
563,"(53408, 53408)"
564,"(53357, 53357)"
565,"(32988, 32956)"
566,"(41498, 41498)"
567,"(77771, 77771)"
568,"(77771, 77236)"
569,"(19515, 19515)"
570,"(58886, 58886)"
571,"(72552, 72552)"
572,"(4618, 4866)"
573,"(4866, 4524)"
574,"(4866, 4527)"
575,"(34306, 34306)"
576,"(58591, 58591)"
577,"(51614, 51614)"
578,"(27625, 27625)"
579,"(64936, 65057)"
580,"(40599, 40599)"
581,"(79910, 80031)"
582,"(37377, 37444)"
583,"(37377, 37444)"
584,"(37451, 37451)"
585,"(8423, 8423)"
586,"(71037, 71037)"
587,"(47421, 47421)"
588,"(20048, 20048)"
589,"(45630, 45630)"
590,"(28159, 28159)"
591,"(37537, 37406)"
592,"(37537, 37537)"
593,"(18696, 18696)"
594,"(66941, 66941)"
595,"(66620, 66620)"
596,"(33452, 33452)"
597,"(33452, 33681)"
598,"(76663, 76663)"
599,"(50494, 50494)"
600,"(51137, 51155)"
601,"(51137, 51137)"
602,"(51155, 50916)"
603,"(51155, 50981)"
604,"(50916, 51038)"
605,"(34937, 35146)"
606,"(62351, 62261)"
607,"(62351, 62310)"
608,"(62310, 62374)"
609,"(18976, 18976)"
610,"(33183, 33183)"
611,"(60457, 60006)"
612,"(60457, 60317)"
613,"(60457, 60134)"
614,"(60006, 60117)"
615,"(60117, 60023)"
616,"(60023, 60358)"
617,"(60090, 60090)"
618,"(60090, 60528)"
619,"(60528, 60101)"
620,"(24082, 24082)"
621,"(24082, 24231)"
622,"(1729, 1729)"
623,"(1444, 1162)"
624,"(1444, 1798)"
625,"(1566, 1566)"
626,"(1798, 1420)"
627,"(3935, 3935)"
628,"(54010, 53879)"
629,"(53879, 53545)"
630,"(53967, 53535)"
631,"(54027, 53611)"
632,"(53611, 53620)"
633,"(59502, 59719)"
634,"(59502, 59457)"
635,"(59719, 59685)"
636,"(59719, 59562)"
637,"(59562, 59457)"
638,"(59457, 59500)"
639,"(7543, 7516)"
640,"(7543, 7565)"
641,"(7543, 7543)"
642,"(68763, 68763)"
643,"(68763, 68464)"
644,"(68656, 68628)"
645,"(68371, 68371)"
646,"(9770, 9770)"
647,"(51874, 51874)"
648,"(53252, 53252)"
649,"(69904, 69904)"
650,"(9811, 9811)"
651,"(60318, 60302)"
652,"(60302, 60129)"
653,"(35168, 35264)"
654,"(35168, 35092)"
655,"(39793, 39739)"
656,"(39793, 39593)"
657,"(39739, 39842)"
658,"(39593, 39553)"
659,"(39842, 39956)"
660,"(49809, 49993)"
661,"(49809, 49809)"
662,"(64450, 64489)"
663,"(64450, 64743)"
664,"(64489, 64818)"
665,"(65553, 65572)"
666,"(73547, 73540)"
667,"(73547, 73540)"
668,"(49211, 49285)"
669,"(49211, 49211)"
670,"(61284, 61284)"
671,"(7546, 7546)"
672,"(35204, 35204)"
673,"(51265, 51265)"
674,"(76263, 76263)"
675,"(23982, 23982)"
676,"(15159, 15159)"
677,"(50818, 50839)"
678,"(68703, 68495)"
679,"(68703, 68369)"
680,"(68703, 68640)"
681,"(68407, 68469)"
682,"(68407, 68634)"
683,"(68665, 68544)"
684,"(68665, 68338)"
685,"(68380, 68539)"
686,"(68380, 68627)"
687,"(68787, 68565)"
688,"(68787, 68342)"
689,"(68787, 68272)"
690,"(68627, 68338)"
691,"(68220, 68428)"
692,"(68634, 68449)"
693,"(68515, 68401)"
694,"(68296, 68658)"
695,"(44369, 44369)"
696,"(10747, 10747)"
697,"(24867, 24867)"
698,"(24701, 24701)"
699,"(9780, 9780)"
700,"(16401, 16446)"
701,"(16401, 16476)"
702,"(44033, 44033)"
703,"(25627, 25627)"
704,"(65286, 65307)"
705,"(65286, 65390)"
706,"(65409, 65409)"
707,"(48651, 48896)"
708,"(48651, 48896)"
709,"(48896, 48503)"
710,"(7511, 7511)"
711,"(69906, 69906)"
712,"(80247, 80247)"
713,"(80247, 80210)"
714,"(43913, 43913)"
715,"(43913, 43465)"
716,"(58822, 58822)"
717,"(58822, 59335)"
718,"(59348, 59116)"
719,"(59335, 59117)"
720,"(6195, 6195)"
721,"(80238, 80149)"
722,"(24814, 24814)"
723,"(39937, 39937)"
724,"(21188, 21188)"
725,"(10359, 10532)"
726,"(10359, 10324)"
727,"(10532, 10324)"
728,"(17123, 17123)"
729,"(14294, 14294)"
730,"(42486, 42486)"
731,"(42559, 42547)"
732,"(40084, 39280)"
733,"(39823, 39823)"
734,"(58416, 58416)"
735,"(57735, 57735)"
736,"(8539, 8767)"
737,"(8539, 8539)"
738,"(25250, 25518)"
739,"(25250, 25250)"
740,"(25250, 25476)"
741,"(60977, 60977)"
742,"(13666, 13519)"
743,"(13666, 13608)"
744,"(13666, 13847)"
745,"(13666, 13656)"
746,"(13666, 13647)"
747,"(13608, 13847)"
748,"(13384, 13703)"
749,"(13703, 13242)"
750,"(13874, 13683)"
751,"(13874, 13224)"
752,"(13375, 13768)"
753,"(13375, 13670)"
754,"(31764, 31764)"
755,"(11106, 11106)"
756,"(11654, 11654)"
757,"(78334, 78418)"
758,"(78334, 78418)"
759,"(74884, 74845)"
760,"(67289, 67229)"
761,"(67172, 67172)"
762,"(10781, 10781)"
763,"(54234, 54166)"
764,"(54234, 54181)"
765,"(54169, 54344)"
766,"(54210, 54333)"
767,"(65493, 65474)"
768,"(57780, 57780)"
769,"(19036, 19036)"
770,"(75050, 75050)"
771,"(14948, 15202)"
772,"(14948, 14948)"
773,"(14948, 15081)"
774,"(15081, 15207)"
775,"(67382, 67382)"
776,"(25766, 25766)"
777,"(19841, 19841)"
778,"(19580, 19662)"
779,"(19580, 19502)"
780,"(13055, 13055)"
781,"(67856, 67977)"
782,"(67856, 67770)"
783,"(67856, 68006)"
784,"(67977, 67770)"
785,"(25827, 25790)"
786,"(25790, 25758)"
787,"(32982, 33091)"
788,"(32770, 32770)"
789,"(75677, 75677)"
790,"(13122, 13122)"
791,"(67388, 67388)"
792,"(12496, 12496)"
793,"(45116, 45116)"
794,"(53803, 53803)"
795,"(40030, 40013)"
796,"(40030, 40013)"
797,"(36812, 36837)"
798,"(36812, 36683)"
799,"(36780, 36725)"
800,"(57819, 57819)"
801,"(65719, 65667)"
802,"(28361, 28361)"
803,"(38482, 38405)"
804,"(38482, 39004)"
805,"(38405, 39004)"
806,"(38405, 39090)"
807,"(39150, 38838)"
808,"(38810, 38980)"
809,"(38980, 38882)"
810,"(58051, 58051)"
811,"(55318, 55351)"
812,"(55318, 55318)"
813,"(17563, 17622)"
814,"(17813, 17888)"
815,"(17813, 17813)"
816,"(41038, 41038)"
817,"(16485, 16302)"
818,"(16485, 16485)"
819,"(27963, 27963)"
820,"(78282, 78282)"
821,"(34020, 34039)"
822,"(34039, 33920)"
823,"(34074, 33995)"
824,"(76317, 76317)"
825,"(60653, 60653)"
826,"(73747, 73747)"
827,"(60635, 60635)"
828,"(67878, 67924)"
829,"(37973, 38237)"
830,"(37973, 38210)"
831,"(38210, 38210)"
832,"(38035, 38294)"
833,"(39878, 39350)"
834,"(39878, 39726)"
835,"(75468, 75419)"
836,"(75468, 75606)"
837,"(75419, 75894)"
838,"(75782, 75782)"
839,"(75780, 75780)"
840,"(75747, 75738)"
841,"(8041, 8064)"
842,"(8041, 8041)"
843,"(58202, 58202)"
844,"(58408, 58408)"
845,"(70575, 70575)"
846,"(40001, 39978)"
847,"(40001, 39889)"
848,"(39898, 39898)"
849,"(19810, 19800)"
850,"(19810, 19810)"
851,"(12415, 12415)"
852,"(12553, 12605)"
853,"(22442, 22436)"
854,"(22442, 22442)"
855,"(12490, 12490)"
856,"(14664, 14664)"
857,"(42688, 43180)"
858,"(54522, 54522)"
859,"(61128, 61128)"
860,"(61339, 60726)"
861,"(61339, 61339)"
862,"(61329, 61329)"
863,"(63064, 62714)"
864,"(12654, 12654)"
865,"(66907, 66907)"
866,"(66901, 66459)"
867,"(57955, 57955)"
868,"(29887, 29649)"
869,"(29887, 29996)"
870,"(29649, 29786)"
871,"(29979, 30054)"
872,"(29979, 29996)"
873,"(29656, 29951)"
874,"(29951, 29922)"
875,"(36439, 36581)"
876,"(36439, 36524)"
877,"(18013, 18013)"
878,"(18013, 18135)"
879,"(18316, 18258)"
880,"(18316, 18258)"
881,"(16768, 16768)"
882,"(66465, 66465)"
883,"(41131, 41131)"
884,"(47460, 47514)"
885,"(47460, 47520)"
886,"(47520, 47479)"
887,"(36339, 36339)"
888,"(16379, 16379)"
889,"(16355, 16355)"
890,"(55541, 55541)"
891,"(55541, 55553)"
892,"(79914, 79681)"
893,"(79914, 79583)"
894,"(64941, 64945)"
895,"(64941, 64945)"
896,"(70884, 70884)"
897,"(71820, 71820)"
898,"(71959, 72106)"
899,"(72322, 71996)"
900,"(47410, 47410)"
901,"(26624, 26624)"
902,"(36248, 36248)"
903,"(69625, 69872)"
904,"(69625, 69625)"
905,"(69872, 69463)"
906,"(69615, 69615)"
907,"(25845, 25845)"
908,"(25798, 25728)"
909,"(47336, 47336)"
910,"(13492, 13492)"
911,"(10912, 11080)"
912,"(10912, 10894)"
913,"(11080, 10921)"
914,"(10894, 10894)"
915,"(10834, 10902)"
916,"(10834, 10921)"
917,"(54417, 54417)"
918,"(6704, 6704)"
919,"(56461, 56969)"
920,"(71960, 72269)"
921,"(1670, 1670)"
922,"(32305, 32305)"
923,"(33220, 33233)"
924,"(33220, 33233)"
925,"(69809, 69809)"
926,"(55824, 55824)"
927,"(56166, 56166)"
928,"(19812, 19812)"
929,"(62275, 62275)"
930,"(36388, 36388)"
931,"(55303, 55409)"
932,"(55303, 55481)"
933,"(55481, 55583)"
934,"(29440, 29440)"
935,"(44218, 44218)"
936,"(11241, 11124)"
937,"(11241, 11241)"
938,"(11124, 11413)"
939,"(21060, 21060)"
940,"(41740, 41740)"
941,"(6189, 6189)"
942,"(74401, 74259)"
943,"(74346, 74690)"
944,"(23614, 23614)"
945,"(57184, 56653)"
946,"(36191, 36191)"
947,"(36191, 36236)"
948,"(36092, 36092)"
949,"(46816, 46948)"
950,"(35819, 35819)"
951,"(65065, 65214)"
952,"(28839, 28839)"
953,"(77471, 77471)"
954,"(22952, 22852)"
955,"(23158, 23158)"
956,"(47185, 47159)"
957,"(47185, 47185)"
958,"(79680, 79727)"
959,"(79727, 80104)"
960,"(76203, 76288)"
961,"(76203, 76203)"
962,"(76042, 76073)"
963,"(61121, 61253)"
964,"(61121, 61121)"
965,"(61337, 61337)"
966,"(7625, 7625)"
967,"(77884, 77884)"
968,"(77114, 77114)"
969,"(3076, 3076)"
970,"(34286, 34286)"
971,"(43650, 43650)"
972,"(23123, 23123)"
973,"(22848, 22848)"
974,"(55170, 55066)"
975,"(43335, 43335)"
976,"(40195, 40195)"
977,"(40251, 40310)"
978,"(8400, 8400)"
979,"(52274, 52274)"
980,"(67127, 67178)"
981,"(67127, 67178)"
982,"(60601, 60534)"
983,"(77579, 77579)"
984,"(33129, 33441)"
985,"(23834, 23834)"
986,"(41574, 41574)"
987,"(62548, 62548)"
988,"(55521, 55521)"
989,"(55596, 55596)"
990,"(55509, 55509)"
991,"(13746, 13746)"
992,"(40348, 40348)"
993,"(27178, 27178)"
994,"(23100, 23100)"
995,"(22985, 22985)"
996,"(57392, 57501)"
997,"(48327, 48792)"
998,"(48327, 48826)"
999,"(48792, 48826)"
1000,"(48780, 48780)"
1001,"(30715, 30374)"
1002,"(30715, 30320)"
1003,"(30320, 30083)"
1004,"(3898, 3704)"
1005,"(70700, 70665)"
1006,"(70700, 70549)"
1007,"(70549, 70930)"
1008,"(16627, 16627)"
1009,"(13175, 13175)"
1010,"(62283, 62283)"
1011,"(38947, 38947)"
1012,"(39225, 39225)"
1013,"(9336, 9286)"
1014,"(9336, 9286)"
1015,"(9286, 9363)"
1016,"(35648, 35648)"
1017,"(486, 486)"
1018,"(67934, 67976)"
1019,"(67934, 68106)"
1020,"(19064, 19064)"
1021,"(37068, 37068)"
1022,"(16502, 16502)"
1023,"(38103, 38103)"
1024,"(57174, 56868)"
1025,"(57174, 57174)"
1026,"(19494, 19494)"
1027,"(10454, 10652)"
1028,"(9873, 9873)"
1029,"(16528, 16528)"
1030,"(19693, 19693)"
1031,"(65616, 65616)"
1032,"(23671, 23671)"
1033,"(75414, 75414)"
1034,"(75706, 75810)"
1035,"(75706, 75810)"
1036,"(44274, 44274)"
1037,"(19531, 19606)"
1038,"(19531, 19606)"
1039,"(54587, 54748)"
1040,"(54587, 54530)"
1041,"(54748, 54584)"
1042,"(54530, 54694)"
1043,"(44259, 44259)"
1044,"(66959, 66959)"
1045,"(75632, 75632)"
1046,"(77458, 77458)"
1047,"(13817, 13817)"
1048,"(47069, 47069)"
1049,"(65621, 65621)"
1050,"(20884, 20884)"
1051,"(20849, 20849)"
1052,"(6519, 6519)"
1053,"(72416, 72399)"
1054,"(72416, 72416)"
1055,"(70162, 70162)"
1056,"(62299, 62299)"
1057,"(6924, 6924)"
1058,"(16065, 15739)"
1059,"(16065, 16072)"
1060,"(15767, 15732)"
1061,"(15794, 15796)"
1062,"(15881, 15881)"
1063,"(16072, 16006)"
1064,"(16006, 16006)"
1065,"(24158, 24078)"
1066,"(24158, 24223)"
1067,"(24158, 24251)"
1068,"(24251, 24268)"
1069,"(24103, 24178)"
1070,"(24268, 23990)"
1071,"(48710, 48715)"
1072,"(48642, 48908)"
1073,"(33868, 33923)"
1074,"(33868, 33865)"
1075,"(33865, 33977)"
1076,"(33865, 33954)"
1077,"(33865, 33865)"
1078,"(27352, 27352)"
1079,"(79302, 79159)"
1080,"(73857, 73857)"
1081,"(73294, 73211)"
1082,"(43542, 43542)"
1083,"(30095, 30354)"
1084,"(30354, 30314)"
1085,"(30309, 30425)"
1086,"(30309, 30454)"
1087,"(30368, 30520)"
1088,"(1740, 1740)"
1089,"(3819, 3819)"
1090,"(46397, 46397)"
1091,"(4634, 4957)"
1092,"(4634, 4634)"
1093,"(79259, 79353)"
1094,"(44004, 44004)"
1095,"(25508, 25491)"
1096,"(25330, 25330)"
1097,"(12006, 12006)"
1098,"(21791, 21791)"
1099,"(15577, 15577)"
1100,"(71026, 71150)"
1101,"(71026, 71113)"
1102,"(71026, 71026)"
1103,"(71113, 71061)"
1104,"(12895, 12895)"
1105,"(12895, 12820)"
1106,"(12895, 12871)"
1107,"(12895, 13068)"
1108,"(12820, 12838)"
1109,"(12871, 12833)"
1110,"(12860, 12827)"
1111,"(46412, 46464)"
1112,"(46464, 46278)"
1113,"(46252, 46384)"
1114,"(46252, 46261)"
1115,"(46384, 46237)"
1116,"(76586, 76498)"
1117,"(77044, 76687)"
1118,"(77044, 76817)"
1119,"(76830, 76876)"
1120,"(76817, 76784)"
1121,"(76666, 76790)"
1122,"(73059, 72985)"
1123,"(54132, 54264)"
1124,"(54132, 54264)"
1125,"(54132, 54215)"
1126,"(17930, 17930)"
1127,"(17620, 17620)"
1128,"(51534, 51534)"
1129,"(51454, 51454)"
1130,"(28449, 28449)"
1131,"(28478, 28478)"
1132,"(781, 692)"
1133,"(781, 692)"
1134,"(692, 555)"
1135,"(70283, 70480)"
1136,"(24386, 24386)"
1137,"(28466, 28549)"
1138,"(28466, 28473)"
1139,"(28466, 28633)"
1140,"(28549, 28633)"
1141,"(28549, 28701)"
1142,"(28451, 28451)"
1143,"(23648, 23648)"
1144,"(60223, 60446)"
1145,"(60223, 60138)"
1146,"(60138, 60396)"
1147,"(4228, 4228)"
1148,"(5849, 5596)"
1149,"(5849, 5519)"
1150,"(5596, 5519)"
1151,"(5519, 5952)"
1152,"(5764, 5764)"
1153,"(33537, 33575)"
1154,"(57856, 57856)"
1155,"(9839, 9839)"
1156,"(37645, 37645)"
1157,"(58722, 58722)"
1158,"(79359, 79338)"
1159,"(79359, 79321)"
1160,"(79321, 79321)"
1161,"(76894, 76535)"
1162,"(10075, 10075)"
1163,"(29103, 29212)"
1164,"(29212, 29042)"
1165,"(29042, 28981)"
1166,"(28981, 29094)"
1167,"(44768, 44784)"
1168,"(44768, 44768)"
1169,"(29579, 29086)"
1170,"(29579, 29524)"
1171,"(29086, 29524)"
1172,"(9894, 9888)"
1173,"(79193, 79193)"
1174,"(72366, 72366)"
1175,"(74547, 74547)"
1176,"(74429, 74450)"
1177,"(74429, 74295)"
1178,"(74450, 74295)"
1179,"(70020, 70020)"
1180,"(9885, 9885)"
1181,"(49988, 49988)"
1182,"(18754, 18754)"
1183,"(66560, 66560)"
1184,"(51952, 51952)"
1185,"(33293, 33293)"
1186,"(30974, 30763)"
1187,"(70362, 70362)"
1188,"(70362, 70287)"
1189,"(70287, 70421)"
1190,"(70421, 70249)"
1191,"(58496, 57682)"
1192,"(4859, 4859)"
1193,"(71454, 71454)"
1194,"(473, 26)"
1195,"(70841, 70709)"
1196,"(70841, 70841)"
1197,"(70546, 70546)"
1198,"(51897, 51759)"
1199,"(759, 759)"
1200,"(3807, 3710)"
1201,"(79382, 79382)"
1202,"(4137, 4137)"
1203,"(67080, 67080)"
1204,"(10055, 10055)"
1205,"(24572, 24572)"
1206,"(45135, 44917)"
1207,"(45135, 45179)"
1208,"(45135, 45179)"
1209,"(45135, 45239)"
1210,"(36503, 36503)"
1211,"(49830, 49830)"
1212,"(62129, 62129)"
1213,"(45948, 46021)"
1214,"(45948, 46024)"
1215,"(3997, 3902)"
1216,"(3513, 3513)"
1217,"(74459, 74404)"
1218,"(74404, 74518)"
1219,"(74543, 74543)"
1220,"(2932, 2932)"
1221,"(53813, 53813)"
1222,"(53813, 53834)"
1223,"(53826, 53826)"
1224,"(53834, 53740)"
1225,"(53834, 54008)"
1226,"(53745, 53642)"
1227,"(45435, 45435)"
1228,"(51092, 51092)"
1229,"(70670, 70922)"
1230,"(70922, 70971)"
1231,"(70971, 70964)"
1232,"(22440, 22440)"
1233,"(22440, 22275)"
1234,"(22423, 22423)"
1235,"(22423, 22357)"
1236,"(61992, 62121)"
1237,"(24476, 24565)"
1238,"(24565, 24559)"
1239,"(31924, 31924)"
1240,"(67420, 68055)"
1241,"(67420, 67672)"
1242,"(68048, 67659)"
1243,"(67564, 67885)"
1244,"(67564, 67785)"
1245,"(4152, 4341)"
1246,"(4152, 4152)"
1247,"(4294, 4294)"
1248,"(5030, 4806)"
1249,"(5030, 4766)"
1250,"(4806, 5093)"
1251,"(4806, 4982)"
1252,"(4982, 4766)"
1253,"(4982, 4719)"
1254,"(39303, 39303)"
1255,"(48922, 48922)"
1256,"(75984, 75984)"
1257,"(62538, 62538)"
1258,"(78539, 78968)"
1259,"(78539, 78500)"
1260,"(79082, 79106)"
1261,"(78590, 79097)"
1262,"(79139, 79139)"
1263,"(21348, 21310)"
1264,"(27894, 27966)"
1265,"(27894, 27925)"
1266,"(27894, 28025)"
1267,"(27810, 28006)"
1268,"(27810, 28032)"
1269,"(27925, 27755)"
1270,"(28025, 27745)"
1271,"(28032, 27808)"
1272,"(28032, 28377)"
1273,"(27808, 27827)"
1274,"(28261, 28368)"
1275,"(28261, 28377)"
1276,"(28148, 28328)"
1277,"(21367, 21367)"
1278,"(21311, 21311)"
1279,"(52545, 52441)"
1280,"(28720, 28720)"
1281,"(57265, 57265)"
1282,"(70131, 70131)"
1283,"(5376, 5286)"
1284,"(5320, 5320)"
1285,"(5390, 5459)"
1286,"(5390, 5443)"
1287,"(76052, 76052)"
1288,"(4147, 4147)"
1289,"(11892, 11892)"
1290,"(11892, 11907)"
1291,"(77483, 77483)"
1292,"(24058, 24058)"
1293,"(62512, 62512)"
1294,"(47239, 47239)"
1295,"(27036, 27036)"
1296,"(3793, 3869)"
1297,"(3869, 3843)"
1298,"(3843, 3738)"
1299,"(3843, 3721)"
1300,"(24594, 24594)"
1301,"(24677, 24677)"
1302,"(74912, 74912)"
1303,"(28600, 28600)"
1304,"(61293, 61293)"
1305,"(43632, 43632)"
1306,"(66125, 66125)"
1307,"(26918, 26918)"
1308,"(11848, 11848)"
1309,"(59300, 59300)"
1310,"(59300, 59410)"
1311,"(4385, 4223)"
1312,"(4385, 4288)"
1313,"(43607, 43607)"
1314,"(49199, 49199)"
1315,"(24759, 24759)"
1316,"(3825, 3825)"
1317,"(65438, 65465)"
1318,"(69172, 69251)"
1319,"(69172, 69251)"
1320,"(45999, 45999)"
1321,"(24294, 24275)"
1322,"(24294, 24294)"
1323,"(15296, 15296)"
1324,"(1834, 1987)"
1325,"(1834, 1834)"
1326,"(44421, 44421)"
1327,"(22869, 22869)"
1328,"(35004, 35006)"
1329,"(35004, 35004)"
1330,"(20119, 20082)"
1331,"(20119, 20119)"
1332,"(10576, 10576)"
1333,"(74958, 74958)"
1334,"(27233, 27376)"
1335,"(73265, 73265)"
1336,"(53122, 53122)"
1337,"(17088, 16897)"
1338,"(491, 427)"
1339,"(491, 255)"
1340,"(427, 86)"
1341,"(255, 24)"
1342,"(255, 380)"
1343,"(53, 398)"
1344,"(86, 520)"
1345,"(30113, 30692)"
1346,"(30701, 30134)"
1347,"(75144, 75144)"
1348,"(16156, 16156)"
1349,"(16156, 16178)"
1350,"(16194, 16158)"
1351,"(16194, 16194)"
1352,"(16124, 16124)"
1353,"(46558, 46558)"
1354,"(46564, 46564)"
1355,"(57278, 57466)"
1356,"(57278, 57466)"
1357,"(25681, 25681)"
1358,"(34594, 34594)"
1359,"(25011, 25011)"
1360,"(2822, 2610)"
1361,"(2759, 2460)"
1362,"(2759, 2336)"
1363,"(48979, 49143)"
1364,"(49168, 49130)"
1365,"(49168, 49348)"
1366,"(49380, 49095)"
1367,"(49380, 49348)"
1368,"(49380, 49430)"
1369,"(49152, 49231)"
1370,"(49348, 49453)"
1371,"(49408, 49309)"
1372,"(49408, 49227)"
1373,"(30936, 30936)"
1374,"(72694, 72694)"
1375,"(32338, 32269)"
1376,"(32338, 32539)"
1377,"(32539, 32417)"
1378,"(2478, 2711)"
1379,"(2478, 2711)"
1380,"(53458, 53458)"
1381,"(53385, 53385)"
1382,"(1462, 1211)"
1383,"(1462, 1211)"
1384,"(1462, 1218)"
1385,"(1462, 1685)"
1386,"(1218, 1128)"
1387,"(35305, 35320)"
1388,"(41271, 41271)"
1389,"(72648, 72551)"
1390,"(72648, 72534)"
1391,"(72648, 72470)"
1392,"(72648, 72470)"
1393,"(72648, 72677)"
1394,"(72555, 72561)"
1395,"(72534, 72489)"
1396,"(72470, 72713)"
1397,"(11628, 11628)"
1398,"(6078, 6078)"
1399,"(57294, 57294)"
1400,"(77977, 77977)"
1401,"(79506, 80079)"
1402,"(79506, 79563)"
1403,"(79506, 79575)"
1404,"(79525, 80046)"
1405,"(29695, 29615)"
1406,"(29695, 29727)"
1407,"(33368, 33368)"
1408,"(1007, 1007)"
1409,"(29261, 28931)"
1410,"(28955, 28950)"
1411,"(28955, 29213)"
1412,"(29213, 29119)"
1413,"(29213, 29213)"
1414,"(29119, 29397)"
1415,"(29351, 29093)"
1416,"(29351, 29230)"
1417,"(29351, 29342)"
1418,"(29397, 29495)"
1419,"(29472, 29342)"
1420,"(29342, 29436)"
1421,"(50724, 50155)"
1422,"(50148, 50118)"
1423,"(50148, 50504)"
1424,"(50583, 50292)"
1425,"(50583, 50436)"
1426,"(50077, 50039)"
1427,"(50077, 50397)"
1428,"(50039, 50436)"
1429,"(50039, 50443)"
1430,"(50397, 50730)"
1431,"(50451, 50451)"
1432,"(23169, 23169)"
1433,"(3388, 3030)"
1434,"(3388, 3316)"
1435,"(3388, 3259)"
1436,"(3259, 3239)"
1437,"(43269, 43237)"
1438,"(42754, 43253)"
1439,"(42754, 42928)"
1440,"(42754, 43032)"
1441,"(42928, 43032)"
1442,"(25461, 25604)"
1443,"(10068, 9979)"
1444,"(10068, 9979)"
1445,"(9979, 9977)"
1446,"(9979, 10004)"
1447,"(10004, 9853)"
1448,"(58471, 58471)"
1449,"(72059, 72059)"
1450,"(33213, 33213)"
1451,"(72153, 72153)"
1452,"(63605, 63605)"
1453,"(36443, 36443)"
1454,"(36170, 36193)"
1455,"(27148, 27148)"
1456,"(12990, 12990)"
1457,"(78795, 78795)"
1458,"(34270, 34401)"
1459,"(34300, 34300)"
1460,"(48841, 48841)"
1461,"(24319, 24319)"
1462,"(23361, 23361)"
1463,"(73725, 73725)"
1464,"(21905, 21905)"
1465,"(12353, 12353)"
1466,"(2128, 2128)"
1467,"(57003, 56804)"
1468,"(57003, 56455)"
1469,"(56572, 56560)"
1470,"(56576, 56510)"
1471,"(56569, 56944)"
1472,"(4516, 4516)"
1473,"(10175, 10175)"
1474,"(31942, 31942)"
1475,"(31942, 32179)"
1476,"(32109, 32099)"
1477,"(32109, 32179)"
1478,"(51010, 51010)"
1479,"(51264, 51264)"
1480,"(57984, 57724)"
1481,"(40151, 40300)"
1482,"(35516, 35516)"
1483,"(907, 907)"
1484,"(37340, 37340)"
1485,"(35437, 35437)"
1486,"(44604, 44604)"
1487,"(44022, 44022)"
1488,"(2218, 2218)"
1489,"(46599, 46599)"
1490,"(56720, 57062)"
1491,"(56720, 56609)"
1492,"(57049, 57049)"
1493,"(57049, 56330)"
1494,"(69044, 69044)"
1495,"(22352, 22352)"
1496,"(60405, 60244)"
1497,"(60405, 60405)"
1498,"(27809, 28320)"
1499,"(62566, 62566)"
1500,"(938, 938)"
1501,"(18874, 18806)"
1502,"(62573, 62573)"
1503,"(18610, 18610)"
1504,"(62329, 62482)"
1505,"(62329, 62329)"
1506,"(6341, 6341)"
1507,"(23149, 23149)"
1508,"(71064, 71056)"
1509,"(52210, 52210)"
1510,"(43461, 43461)"
1511,"(3283, 3283)"
1512,"(21795, 21795)"
1513,"(7975, 8117)"
1514,"(74056, 74108)"
1515,"(73978, 73978)"
1516,"(72339, 72377)"
1517,"(76252, 76252)"
1518,"(79177, 79367)"
1519,"(70227, 70225)"
1520,"(59376, 59376)"
1521,"(59376, 58748)"
1522,"(44383, 44383)"
1523,"(8062, 7961)"
1524,"(8062, 8062)"
1525,"(7951, 8048)"
1526,"(49736, 49736)"
1527,"(14707, 14775)"
1528,"(14627, 14627)"
1529,"(14627, 14817)"
1530,"(68792, 68834)"
1531,"(35422, 35405)"
1532,"(41678, 41801)"
1533,"(41678, 41678)"
1534,"(11470, 11470)"
1535,"(66247, 66247)"
1536,"(18782, 18782)"
1537,"(22512, 22512)"
1538,"(22512, 22050)"
1539,"(39747, 39747)"
1540,"(25576, 25439)"
1541,"(25576, 25346)"
1542,"(39980, 39283)"
1543,"(57198, 56808)"
1544,"(72690, 72717)"
1545,"(44799, 44799)"
1546,"(34352, 34352)"
1547,"(11487, 11260)"
1548,"(18885, 18885)"
1549,"(7934, 8076)"
1550,"(4715, 4715)"
1551,"(39887, 39887)"
1552,"(8044, 7990)"
1553,"(8044, 8005)"
1554,"(7990, 8005)"
1555,"(18878, 18878)"
1556,"(8945, 9007)"
1557,"(8945, 9132)"
1558,"(37597, 37597)"
1559,"(22559, 22559)"
1560,"(22749, 22660)"
1561,"(22660, 22750)"
1562,"(22750, 22690)"
1563,"(22494, 22494)"
1564,"(52707, 52707)"
1565,"(52726, 52451)"
1566,"(52726, 52841)"
1567,"(73398, 73398)"
1568,"(45440, 45440)"
1569,"(22831, 22571)"
1570,"(22831, 22591)"
1571,"(22831, 22759)"
1572,"(22791, 22791)"
1573,"(29175, 29175)"
1574,"(7402, 7357)"
1575,"(57714, 58154)"
1576,"(7816, 7816)"
1577,"(51452, 51452)"
1578,"(9964, 9964)"
1579,"(9987, 9987)"
1580,"(14867, 14867)"
1581,"(14867, 14651)"
1582,"(57350, 57350)"
1583,"(55076, 55076)"
1584,"(54943, 54943)"
1585,"(54800, 54800)"
1586,"(69428, 69428)"
1587,"(48506, 48506)"
1588,"(7750, 7750)"
1589,"(45050, 45050)"
1590,"(45085, 45085)"
1591,"(46343, 46343)"
1592,"(73813, 73813)"
1593,"(79979, 79561)"
1594,"(79979, 79979)"
1595,"(57461, 57461)"
1596,"(69027, 68854)"
1597,"(69027, 69027)"
1598,"(34887, 34887)"
1599,"(3063, 3063)"
1600,"(3454, 3454)"
1601,"(34151, 34151)"
1602,"(66532, 66532)"
1603,"(62184, 62184)"
1604,"(19230, 19230)"
1605,"(1800, 1800)"
1606,"(2894, 2894)"
1607,"(52094, 52182)"
1608,"(14784, 14784)"
1609,"(22369, 22369)"
1610,"(1820, 1820)"
1611,"(19437, 19437)"
1612,"(20555, 20425)"
1613,"(20555, 20425)"
1614,"(41864, 41864)"
1615,"(20191, 20191)"
1616,"(32383, 32383)"
1617,"(14789, 14789)"
1618,"(11623, 11623)"
1619,"(77240, 77828)"
1620,"(45688, 45688)"
1621,"(70468, 70324)"
1622,"(70344, 70253)"
1623,"(70253, 70438)"
1624,"(8438, 8194)"
1625,"(34281, 34281)"
1626,"(61596, 61596)"
1627,"(61578, 61477)"
1628,"(61578, 61578)"
1629,"(73907, 73832)"
1630,"(11122, 11122)"
1631,"(62597, 62597)"
1632,"(72043, 72043)"
1633,"(14197, 14197)"
1634,"(20273, 20273)"
1635,"(77752, 77752)"
1636,"(8434, 8184)"
1637,"(8158, 8185)"
1638,"(8158, 8339)"
1639,"(8482, 8482)"
1640,"(42233, 42233)"
1641,"(42346, 42346)"
1642,"(42346, 42440)"
1643,"(20569, 20569)"
1644,"(55290, 54926)"
1645,"(20277, 20277)"
1646,"(10964, 10896)"
1647,"(10864, 10864)"
1648,"(77499, 77745)"
1649,"(77499, 77499)"
1650,"(77745, 77408)"
1651,"(27576, 27576)"
1652,"(38978, 38448)"
1653,"(38842, 38317)"
1654,"(39196, 39194)"
1655,"(39196, 39232)"
1656,"(39196, 39234)"
1657,"(39194, 38997)"
1658,"(39234, 39147)"
1659,"(39068, 39068)"
1660,"(39031, 38567)"
1661,"(2327, 2327)"
1662,"(61587, 61587)"
1663,"(75133, 75133)"
1664,"(75133, 75141)"
1665,"(79345, 79345)"
1666,"(57211, 57211)"
1667,"(57514, 57514)"
1668,"(42402, 42239)"
1669,"(42257, 42257)"
1670,"(25633, 25633)"
1671,"(11327, 11658)"
1672,"(11327, 11163)"
1673,"(27936, 27936)"
1674,"(50844, 50844)"
1675,"(26411, 26411)"
1676,"(26411, 26206)"
1677,"(57358, 57358)"
1678,"(22984, 22872)"
1679,"(22984, 22984)"
1680,"(34599, 34748)"
1681,"(34599, 34885)"
1682,"(34576, 34760)"
1683,"(34576, 34824)"
1684,"(61753, 61753)"
1685,"(53106, 53106)"
1686,"(20487, 20503)"
1687,"(20487, 20456)"
1688,"(66743, 66885)"
1689,"(21629, 21629)"
1690,"(50681, 50681)"
1691,"(50681, 50609)"
1692,"(22235, 22235)"
1693,"(22126, 22126)"
1694,"(45143, 45143)"
1695,"(21682, 21790)"
1696,"(21682, 21682)"
1697,"(6162, 6447)"
1698,"(6162, 6383)"
1699,"(6162, 6391)"
1700,"(6447, 6331)"
1701,"(6383, 6413)"
1702,"(6413, 6310)"
1703,"(6481, 6410)"
1704,"(36698, 36698)"
1705,"(48773, 48598)"
1706,"(48773, 48568)"
1707,"(48598, 48407)"
1708,"(48568, 48568)"
1709,"(5365, 5181)"
1710,"(5365, 5358)"
1711,"(5358, 5322)"
1712,"(5322, 5401)"
1713,"(26689, 26895)"
1714,"(26689, 26839)"
1715,"(26895, 26489)"
1716,"(26895, 26609)"
1717,"(26839, 26630)"
1718,"(26507, 26507)"
1719,"(26507, 26702)"
1720,"(10681, 10331)"
1721,"(16933, 16998)"
1722,"(16933, 16830)"
1723,"(16933, 16830)"
1724,"(17248, 17248)"
1725,"(23786, 23929)"
1726,"(23786, 23929)"
1727,"(23929, 23747)"
1728,"(17785, 17603)"
1729,"(17785, 17785)"
1730,"(77140, 77314)"
1731,"(77140, 77221)"
1732,"(21452, 21452)"
1733,"(47218, 47169)"
1734,"(34303, 34207)"
1735,"(12255, 12255)"
1736,"(10301, 10301)"
1737,"(69805, 69752)"
1738,"(69752, 69368)"
1739,"(38999, 38516)"
1740,"(63530, 63530)"
1741,"(47083, 47083)"
1742,"(43373, 43373)"
1743,"(44010, 44010)"
1744,"(44005, 44005)"
1745,"(43962, 43775)"
1746,"(43962, 43962)"
1747,"(73114, 73044)"
1748,"(33408, 33687)"
1749,"(76574, 76574)"
1750,"(17920, 17920)"
1751,"(45724, 45724)"
1752,"(26409, 26409)"
1753,"(1206, 1767)"
1754,"(1206, 1206)"
1755,"(1704, 1349)"
1756,"(1704, 1504)"
1757,"(1349, 1275)"
1758,"(1349, 1269)"
1759,"(1349, 1283)"
1760,"(1480, 1631)"
1761,"(1504, 1543)"
1762,"(6630, 6628)"
1763,"(6630, 6677)"
1764,"(6677, 6502)"
1765,"(6620, 6805)"
1766,"(3257, 3257)"
1767,"(37186, 37152)"
1768,"(13024, 13024)"
1769,"(32183, 32183)"
1770,"(64070, 63939)"
1771,"(64070, 64070)"
1772,"(45641, 45675)"
1773,"(21731, 21731)"
1774,"(48358, 48358)"
1775,"(48182, 48182)"
1776,"(48387, 48387)"
1777,"(63197, 63420)"
1778,"(63420, 63105)"
1779,"(63420, 63232)"
1780,"(63235, 63150)"
1781,"(63235, 63278)"
1782,"(63235, 63215)"
1783,"(63235, 63224)"
1784,"(37050, 37050)"
1785,"(37213, 37017)"
1786,"(37213, 37226)"
1787,"(37043, 36951)"
1788,"(37043, 37226)"
1789,"(27559, 27559)"
1790,"(61102, 61102)"
1791,"(5588, 5942)"
1792,"(5588, 5851)"
1793,"(5691, 5851)"
1794,"(5866, 5866)"
1795,"(1272, 1272)"
1796,"(20311, 20311)"
1797,"(59215, 59215)"
1798,"(59215, 59352)"
1799,"(59352, 59142)"
1800,"(61532, 61532)"
1801,"(16242, 16242)"
1802,"(19408, 19408)"
1803,"(20606, 20606)"
1804,"(20587, 20587)"
1805,"(24659, 24547)"
1806,"(24659, 24657)"
1807,"(24547, 24593)"
1808,"(74100, 73999)"
1809,"(74100, 73999)"
1810,"(73982, 73982)"
1811,"(67773, 67773)"
1812,"(26337, 26337)"
1813,"(64572, 64753)"
1814,"(64572, 64382)"
1815,"(64382, 64382)"
1816,"(64451, 64431)"
1817,"(42567, 42567)"
1818,"(20333, 20333)"
1819,"(69612, 69464)"
1820,"(69612, 69353)"
1821,"(20189, 20189)"
1822,"(22291, 22291)"
1823,"(46906, 46906)"
1824,"(15835, 15835)"
1825,"(2159, 2159)"
1826,"(3567, 3567)"
1827,"(3567, 3025)"
1828,"(3407, 3407)"
1829,"(3084, 3498)"
1830,"(3084, 3410)"
1831,"(20257, 20257)"
1832,"(33338, 33457)"
1833,"(33338, 33338)"
1834,"(71813, 71813)"
1835,"(56683, 56683)"
1836,"(19327, 19327)"
1837,"(79985, 79985)"
1838,"(85, 85)"
1839,"(13892, 13892)"
1840,"(45826, 45826)"
1841,"(15017, 15189)"
1842,"(17731, 17800)"
1843,"(17800, 17509)"
1844,"(26803, 26803)"
1845,"(26803, 26810)"
1846,"(26810, 26587)"
1847,"(39154, 38437)"
1848,"(38796, 38381)"
1849,"(27974, 27974)"
1850,"(12012, 11961)"
1851,"(12012, 11961)"
1852,"(43496, 43496)"
1853,"(67406, 67406)"
1854,"(562, 562)"
1855,"(44496, 44651)"
1856,"(44496, 44663)"
1857,"(26858, 26772)"
1858,"(58839, 58992)"
1859,"(59341, 59341)"
1860,"(75232, 75232)"
1861,"(79005, 79005)"
1862,"(67267, 67267)"
1863,"(26610, 26561)"
1864,"(26610, 26510)"
1865,"(45874, 45866)"
1866,"(45874, 45874)"
1867,"(71937, 71937)"
1868,"(18491, 18491)"
1869,"(18491, 18363)"
1870,"(49964, 49964)"
1871,"(20420, 20420)"
1872,"(20393, 20393)"
1873,"(71765, 71765)"
1874,"(71765, 71562)"
1875,"(79905, 79495)"
1876,"(79905, 79699)"
1877,"(79905, 79943)"
1878,"(47250, 47250)"
1879,"(53261, 53256)"
1880,"(70177, 70177)"
1881,"(12637, 12620)"
1882,"(24305, 24305)"
1883,"(61250, 60719)"
1884,"(61250, 61079)"
1885,"(68104, 68104)"
1886,"(68058, 68058)"
1887,"(3294, 3309)"
1888,"(61281, 61281)"
1889,"(45849, 45849)"
1890,"(42504, 42504)"
1891,"(24282, 24282)"
1892,"(79866, 79735)"
1893,"(79866, 79866)"
1894,"(75317, 75317)"
1895,"(26613, 26512)"
1896,"(60813, 60813)"
1897,"(55587, 55587)"
1898,"(51129, 51411)"
1899,"(51129, 51129)"
1900,"(20307, 20255)"
1901,"(20307, 20255)"
1902,"(20194, 20194)"
1903,"(20347, 20347)"
1904,"(20337, 20337)"
1905,"(69246, 69246)"
1906,"(12394, 12394)"
1907,"(49843, 49843)"
1908,"(2012, 2012)"
1909,"(27573, 27573)"
1910,"(35088, 35088)"
1911,"(34931, 34931)"
1912,"(34958, 34958)"
1913,"(74862, 74992)"
1914,"(74862, 74992)"
1915,"(73893, 73893)"
1916,"(38547, 38547)"
1917,"(69280, 69280)"
1918,"(61844, 61844)"
1919,"(16937, 16937)"
1920,"(8792, 8792)"
1921,"(55182, 55182)"
1922,"(73113, 73113)"
1923,"(73113, 72822)"
1924,"(73057, 73057)"
1925,"(57147, 57147)"
1926,"(57176, 57176)"
1927,"(57019, 57167)"
1928,"(57167, 56889)"
1929,"(23613, 23613)"
1930,"(23613, 23579)"
1931,"(55158, 55158)"
1932,"(59175, 59322)"
1933,"(65726, 65726)"
1934,"(65891, 65891)"
1935,"(3100, 3011)"
1936,"(2896, 3113)"
1937,"(2896, 2895)"
1938,"(2896, 3382)"
1939,"(33401, 33401)"
1940,"(33777, 33777)"
1941,"(57357, 57385)"
1942,"(58728, 58728)"
1943,"(70215, 70215)"
1944,"(47690, 47751)"
1945,"(47671, 47671)"
1946,"(1046, 976)"
1947,"(1046, 976)"
1948,"(37939, 38179)"
1949,"(37939, 37939)"
1950,"(64744, 64744)"
1951,"(12316, 12316)"
1952,"(22074, 22074)"
1953,"(50815, 50815)"
1954,"(38134, 38134)"
1955,"(38134, 37972)"
1956,"(66362, 66146)"
1957,"(11416, 11416)"
1958,"(57078, 56604)"
1959,"(38184, 38184)"
1960,"(17229, 16749)"
1961,"(17229, 16844)"
1962,"(17100, 17309)"
1963,"(17100, 17253)"
1964,"(17100, 17347)"
1965,"(17309, 16901)"
1966,"(16901, 17366)"
1967,"(695, 579)"
1968,"(695, 644)"
1969,"(566, 670)"
1970,"(617, 647)"
1971,"(617, 588)"
1972,"(617, 711)"
1973,"(71861, 71857)"
1974,"(71861, 71861)"
1975,"(71857, 72268)"
1976,"(21421, 21421)"
1977,"(22039, 22039)"
1978,"(21358, 21358)"
1979,"(21256, 21256)"
1980,"(75819, 75635)"
1981,"(7278, 7278)"
1982,"(62499, 62499)"
1983,"(62464, 62464)"
1984,"(62379, 62379)"
1985,"(62293, 62293)"
1986,"(50093, 50093)"
1987,"(11550, 11550)"
1988,"(28457, 28457)"
1989,"(72840, 72840)"
1990,"(73116, 73116)"
1991,"(73116, 72976)"
1992,"(60881, 60881)"
1993,"(54153, 54153)"
1994,"(45101, 45101)"
1995,"(45101, 44986)"
1996,"(43361, 43361)"
1997,"(9604, 9413)"
1998,"(9604, 9413)"
1999,"(74621, 74621)"
2000,"(76689, 76756)"
2001,"(76689, 76756)"
2002,"(44258, 44258)"
2003,"(27793, 27701)"
2004,"(78549, 78564)"
2005,"(78701, 78701)"
2006,"(40320, 40481)"
2007,"(40320, 40296)"
2008,"(40481, 40212)"
2009,"(40212, 40501)"
2010,"(40501, 40296)"
2011,"(14512, 14512)"
2012,"(50889, 50889)"
2013,"(3340, 3340)"
2014,"(23793, 23780)"
2015,"(23793, 23947)"
2016,"(23947, 23947)"
2017,"(53461, 53461)"
2018,"(43784, 43679)"
2019,"(17022, 17022)"
2020,"(15332, 15332)"
2021,"(54658, 54658)"
2022,"(53628, 53714)"
2023,"(53995, 53661)"
2024,"(13628, 13494)"
2025,"(13628, 13494)"
2026,"(13787, 13787)"
2027,"(13787, 13532)"
2028,"(77924, 77680)"
2029,"(77680, 77624)"
2030,"(52509, 52509)"
2031,"(42192, 42458)"
2032,"(42430, 42430)"
2033,"(71863, 71863)"
2034,"(73135, 73135)"
2035,"(15384, 15384)"
2036,"(22390, 22131)"
2037,"(44089, 44454)"
2038,"(32479, 32275)"
2039,"(32275, 32547)"
2040,"(31741, 31741)"
2041,"(27679, 27679)"
2042,"(67203, 67203)"
2043,"(60721, 60721)"
2044,"(21995, 21995)"
2045,"(38334, 38460)"
2046,"(60333, 60333)"
2047,"(168, 234)"
2048,"(168, 168)"
2049,"(49196, 49196)"
2050,"(44223, 44223)"
2051,"(50932, 51142)"
2052,"(50932, 50924)"
2053,"(50924, 51181)"
2054,"(10308, 10308)"
2055,"(57414, 57414)"
2056,"(15387, 15387)"
2057,"(73983, 73983)"
2058,"(44057, 44057)"
2059,"(36732, 36732)"
2060,"(57329, 57329)"
2061,"(17080, 17080)"
2062,"(70158, 70158)"
2063,"(29092, 29092)"
2064,"(41802, 41802)"
2065,"(31635, 31635)"
2066,"(59832, 59830)"
2067,"(59832, 59832)"
2068,"(70186, 70186)"
2069,"(27696, 27717)"
2070,"(29748, 29679)"
2071,"(29748, 29701)"
2072,"(29933, 29633)"
2073,"(29933, 29933)"
2074,"(37647, 37647)"
2075,"(8412, 8412)"
2076,"(50702, 50702)"
2077,"(12208, 12208)"
2078,"(54747, 54747)"
2079,"(53392, 53449)"
2080,"(53392, 53449)"
2081,"(53449, 53207)"
2082,"(53449, 53353)"
2083,"(64267, 64267)"
2084,"(40688, 40688)"
2085,"(73706, 73706)"
2086,"(73706, 73818)"
2087,"(73794, 73794)"
2088,"(47804, 47847)"
2089,"(47804, 47850)"
2090,"(47804, 47715)"
2091,"(47619, 47640)"
2092,"(47619, 47619)"
2093,"(47640, 47820)"
2094,"(2343, 2823)"
2095,"(2343, 2633)"
2096,"(64270, 64270)"
2097,"(546, 546)"
2098,"(87, 261)"
2099,"(87, 233)"
2100,"(261, 506)"
2101,"(143, 143)"
2102,"(143, 441)"
2103,"(66462, 66604)"
2104,"(66462, 66462)"
2105,"(12721, 12721)"
2106,"(61984, 62054)"
2107,"(61984, 62105)"
2108,"(21527, 21527)"
2109,"(21527, 21541)"
2110,"(18428, 18428)"
2111,"(59292, 58990)"
2112,"(59292, 58990)"
2113,"(47502, 47517)"
2114,"(62406, 62406)"
2115,"(16719, 16719)"
2116,"(22472, 22472)"
2117,"(16767, 16767)"
2118,"(53295, 53295)"
2119,"(22752, 22752)"
2120,"(69403, 69569)"
2121,"(69569, 69539)"
2122,"(36181, 36181)"
2123,"(53168, 53168)"
2124,"(23904, 23904)"
2125,"(36647, 36647)"
2126,"(22263, 22564)"
2127,"(22263, 22164)"
2128,"(28587, 28583)"
2129,"(7017, 7017)"
2130,"(7079, 7079)"
2131,"(7090, 7090)"
2132,"(40152, 40152)"
2133,"(40152, 40214)"
2134,"(72930, 72930)"
2135,"(72825, 72825)"
2136,"(72770, 72794)"
2137,"(16163, 16163)"
2138,"(57255, 57503)"
2139,"(33353, 33353)"
2140,"(65653, 65653)"
2141,"(36293, 36293)"
2142,"(41372, 41372)"
2143,"(3009, 3245)"
2144,"(3009, 3008)"
2145,"(48419, 48419)"
2146,"(65874, 65874)"
2147,"(1986, 2021)"
2148,"(1986, 1986)"
2149,"(68771, 68771)"
2150,"(57269, 57269)"
2151,"(22597, 22597)"
2152,"(37259, 37196)"
2153,"(37259, 37286)"
2154,"(37259, 36955)"
2155,"(6761, 6761)"
2156,"(22403, 22403)"
2157,"(23343, 23343)"
2158,"(23343, 23192)"
2159,"(23343, 23475)"
2160,"(18111, 18111)"
2161,"(22351, 22351)"
2162,"(52238, 52023)"
2163,"(52238, 52238)"
2164,"(21884, 21890)"
2165,"(21884, 21940)"
2166,"(47544, 47544)"
2167,"(77410, 77410)"
2168,"(77410, 77400)"
2169,"(61781, 61781)"
2170,"(21509, 21509)"
2171,"(61853, 61853)"
2172,"(11945, 11945)"
2173,"(40252, 40252)"
2174,"(61889, 61889)"
2175,"(9472, 9545)"
2176,"(9472, 9513)"
2177,"(9472, 9502)"
2178,"(9513, 9665)"
2179,"(46140, 46140)"
2180,"(53315, 53315)"
2181,"(43661, 43661)"
2182,"(63721, 63682)"
2183,"(72100, 72100)"
2184,"(53575, 53575)"
2185,"(26112, 26112)"
2186,"(60554, 60554)"
2187,"(69033, 69033)"
2188,"(75148, 75148)"
2189,"(24561, 24561)"
2190,"(21720, 21720)"
2191,"(68831, 68831)"
2192,"(25211, 25106)"
2193,"(25211, 25229)"
2194,"(25211, 25211)"
2195,"(66810, 66686)"
2196,"(66810, 66686)"
2197,"(51782, 51542)"
2198,"(51782, 51782)"
2199,"(51542, 51484)"
2200,"(51484, 51468)"
2201,"(51710, 51744)"
2202,"(42701, 42701)"
2203,"(39301, 39301)"
2204,"(71360, 71360)"
2205,"(31018, 31018)"
2206,"(25080, 25125)"
2207,"(25080, 25027)"
2208,"(25102, 25113)"
2209,"(15597, 15547)"
2210,"(15597, 15597)"
2211,"(66995, 66995)"
2212,"(66756, 67039)"
2213,"(66756, 66855)"
2214,"(67039, 67016)"
2215,"(66634, 67065)"
2216,"(66812, 66855)"
2217,"(28933, 28933)"
2218,"(29386, 29386)"
2219,"(58823, 58823)"
2220,"(70388, 70442)"
2221,"(70246, 70246)"
2222,"(70479, 70345)"
2223,"(71673, 71673)"
2224,"(71751, 71751)"
2225,"(35643, 35643)"
2226,"(20168, 20168)"
2227,"(20168, 20138)"
2228,"(48060, 48060)"
2229,"(61754, 61807)"
2230,"(3599, 3599)"
2231,"(68923, 68923)"
2232,"(23840, 23840)"
2233,"(23744, 23744)"
2234,"(23886, 23819)"
2235,"(28751, 28802)"
2236,"(43382, 43821)"
2237,"(43382, 43821)"
2238,"(43382, 43444)"
2239,"(31664, 31664)"
2240,"(53367, 53367)"
2241,"(53367, 53448)"
2242,"(15335, 15335)"
2243,"(48495, 48495)"
2244,"(38230, 38230)"
2245,"(38230, 38150)"
2246,"(11155, 11155)"
2247,"(20065, 20065)"
2248,"(20179, 20161)"
2249,"(19977, 19977)"
2250,"(43861, 43861)"
2251,"(67384, 67210)"
2252,"(67384, 67384)"
2253,"(63708, 63708)"
2254,"(63708, 63712)"
2255,"(43963, 43863)"
2256,"(43863, 43754)"
2257,"(80279, 80292)"
2258,"(12347, 12347)"
2259,"(17628, 17628)"
2260,"(52691, 52691)"
2261,"(17681, 17681)"
2262,"(14964, 14964)"
2263,"(15299, 15299)"
2264,"(16474, 16474)"
2265,"(15333, 15548)"
2266,"(15333, 15548)"
2267,"(15449, 15449)"
2268,"(68795, 68961)"
2269,"(15455, 15455)"
2270,"(3203, 3203)"
2271,"(39781, 39576)"
2272,"(45146, 45146)"
2273,"(68967, 68967)"
2274,"(30825, 30825)"
2275,"(22854, 23031)"
2276,"(23137, 23137)"
2277,"(4423, 4423)"
2278,"(70404, 70404)"
2279,"(76090, 76090)"
2280,"(4143, 4143)"
2281,"(4361, 4361)"
2282,"(62840, 62840)"
2283,"(42225, 42466)"
2284,"(42290, 42290)"
2285,"(56909, 57028)"
2286,"(56909, 56923)"
2287,"(51422, 51132)"
2288,"(51422, 51298)"
2289,"(50888, 50927)"
2290,"(50888, 51197)"
2291,"(68870, 68933)"
2292,"(68870, 68933)"
2293,"(69068, 69068)"
2294,"(57191, 57191)"
2295,"(40337, 40337)"
2296,"(40337, 40273)"
2297,"(31693, 31540)"
2298,"(76753, 76911)"
2299,"(76753, 76753)"
2300,"(23476, 23476)"
2301,"(2384, 2384)"
2302,"(47998, 48003)"
2303,"(48137, 47953)"
2304,"(48137, 48071)"
2305,"(47953, 48071)"
2306,"(2302, 2302)"
2307,"(64229, 64229)"
2308,"(3242, 3333)"
2309,"(3242, 3138)"
2310,"(23967, 23967)"
2311,"(23911, 23911)"
2312,"(22152, 22152)"
2313,"(39585, 39585)"
2314,"(14230, 14230)"
2315,"(14271, 14219)"
2316,"(20127, 19994)"
2317,"(69323, 69323)"
2318,"(69312, 69312)"
2319,"(69312, 69330)"
2320,"(57231, 57437)"
2321,"(969, 969)"
2322,"(23013, 22979)"
2323,"(48007, 48007)"
2324,"(15077, 15008)"
2325,"(25180, 25066)"
2326,"(48065, 48150)"
2327,"(48065, 47970)"
2328,"(7361, 7361)"
2329,"(8214, 8285)"
2330,"(31468, 31468)"
2331,"(15792, 15792)"
2332,"(16066, 15726)"
2333,"(16066, 15778)"
2334,"(16074, 15778)"
2335,"(16074, 15764)"
2336,"(7210, 7210)"
2337,"(15507, 15507)"
2338,"(15633, 15633)"
2339,"(78796, 78796)"
2340,"(2299, 2299)"
2341,"(36588, 36588)"
2342,"(10901, 10901)"
2343,"(31075, 31075)"
2344,"(30902, 30902)"
2345,"(59800, 59974)"
2346,"(59800, 59974)"
2347,"(36168, 36168)"
2348,"(48423, 48423)"
2349,"(71288, 71436)"
2350,"(65348, 65348)"
2351,"(7340, 7340)"
2352,"(5090, 5090)"
2353,"(6794, 6794)"
2354,"(10862, 10862)"
2355,"(10862, 10905)"
2356,"(25097, 25097)"
2357,"(14433, 14433)"
2358,"(12709, 12709)"
2359,"(15064, 15039)"
2360,"(15064, 15064)"
2361,"(15064, 14912)"
2362,"(16464, 16464)"
2363,"(33896, 33896)"
2364,"(14042, 14008)"
2365,"(14042, 14104)"
2366,"(14104, 14104)"
2367,"(14216, 14252)"
2368,"(14216, 14216)"
2369,"(34541, 34541)"
2370,"(35985, 35985)"
2371,"(9314, 9314)"
2372,"(10186, 10194)"
2373,"(10166, 10166)"
2374,"(13775, 13780)"
2375,"(13775, 13775)"
2376,"(12813, 12813)"
2377,"(61322, 61322)"
2378,"(20424, 20424)"
2379,"(8356, 8356)"
2380,"(52179, 52179)"
2381,"(62594, 62594)"
2382,"(57946, 58440)"
2383,"(58172, 58172)"
2384,"(52320, 52542)"
2385,"(52320, 52320)"
2386,"(65320, 65384)"
2387,"(19743, 19743)"
2388,"(64223, 64223)"
2389,"(30868, 30868)"
2390,"(15206, 15206)"
2391,"(2788, 2788)"
2392,"(7219, 7445)"
2393,"(7219, 7219)"
2394,"(7445, 7264)"
2395,"(41065, 41065)"
2396,"(47534, 47534)"
2397,"(65406, 65406)"
2398,"(5503, 5503)"
2399,"(63744, 63744)"
2400,"(45157, 45157)"
2401,"(64847, 64847)"
2402,"(11360, 11360)"
2403,"(11360, 11294)"
2404,"(2425, 2425)"
