,case_id,bgid,age,income,sample_inc,ami_catego,tract,elec_consu,TRACTCE10,BLOCKCE10,GEOID10,geometry,household_,attitude,pbc,subnorms
4252,70169,7001,45to54,75to100k,79539.35020767535,4,700,124.0863595,700.0,1021.0,360010007001021.0,POINT (-73.76877180009674 42.67283683093939),0,0.6875,-0.6666666666666666,0.25
4253,70170,7001,45to54,100to150k,129110.81541770027,4,700,124.0863595,700.0,1021.0,360010007001021.0,POINT (-73.77000787968701 42.67474309217616),0,0.0,-0.5,0.25
4254,70203,7001,45to54,75to100k,76405.54445389788,4,700,124.0863595,700.0,1021.0,360010007001021.0,POINT (-73.76837535572834 42.67286899416096),0,0.0625,-0.3333333333333333,0.0
4255,70204,7001,45to54,75to100k,87546.070682652,4,700,124.0863595,700.0,1021.0,360010007001021.0,POINT (-73.77089821627469 42.67387115294957),0,0.125,0.0,-0.25
4256,70219,7001,65plus,less75k,62192.84232358867,1,700,110.040484,700.0,1021.0,360010007001021.0,POINT (-73.76901222490966 42.67298684045594),0,0.1875,-0.3333333333333333,0.0
4257,70223,7001,65plus,75to100k,97331.16908574825,4,700,124.0863595,700.0,1021.0,360010007001021.0,POINT (-73.76800187172358 42.67367398250124),0,0.0,-0.16666666666666666,0.25
4258,70234,7001,55to64,less75k,42817.485149633234,1,700,110.040484,700.0,1021.0,360010007001021.0,POINT (-73.76694666845948 42.67315949316419),1,0.3125,-0.6666666666666666,0.5
4259,70236,7001,55to64,100to150k,118527.10559519842,4,700,124.0863595,700.0,1021.0,360010007001021.0,POINT (-73.76869271624193 42.67411306798107),1,1.0,0.16666666666666666,0.75
5683,24730,7003,55to64,100to150k,107037.27587783424,4,700,124.0863595,700.0,3011.0,360010007003011.0,POINT (-73.76047317228746 42.66261991400844),0,0.3125,0.5,-0.5
5684,24733,7003,55to64,150kplus,267859.2631665667,4,700,124.0863595,700.0,3011.0,360010007003011.0,POINT (-73.75986794005655 42.66314130892771),0,0.5,0.8333333333333334,0.5
5685,24763,7003,25to44,less75k,52345.74005862606,2,700,101.029416,700.0,3011.0,360010007003011.0,POINT (-73.75987189903559 42.66318420260535),0,-0.5625,0.5,0.5
5686,24764,7003,25to44,less75k,30139.97926709313,1,700,110.040484,700.0,3011.0,360010007003011.0,POINT (-73.76075116614959 42.66263907450168),0,-0.0625,-0.3333333333333333,1.0
5687,24777,7003,45to54,less75k,30569.63211802148,3,700,105.21587450000001,700.0,3011.0,360010007003011.0,POINT (-73.76046119412945 42.66268588729232),0,0.625,-0.5,0.75
5688,24799,7003,55to64,less75k,30051.831240924806,1,700,110.040484,700.0,3011.0,360010007003011.0,POINT (-73.75992995736406 42.66253547784741),0,-0.375,-0.5,0.5
5689,24805,7003,55to64,less75k,65573.74139894507,3,700,105.21587450000001,700.0,3011.0,360010007003011.0,POINT (-73.75990452716108 42.6627463895616),0,0.5625,-0.5,0.0
5690,24806,7003,55to64,less75k,72534.38880253195,2,700,101.029416,700.0,3011.0,360010007003011.0,POINT (-73.76081782627061 42.66279231996128),0,0.4375,-0.3333333333333333,0.0
5691,24807,7003,55to64,less75k,64839.5558676937,1,700,110.040484,700.0,3011.0,360010007003011.0,POINT (-73.7605543641416 42.66325514888908),0,0.0,-0.3333333333333333,0.25
5692,24813,7003,55to64,less75k,38280.80726742189,2,700,101.029416,700.0,3011.0,360010007003011.0,POINT (-73.76040305647206 42.66339797496551),0,-0.6875,-0.3333333333333333,-0.25
5693,24860,7003,65plus,100to150k,133135.06444402505,4,700,124.0863595,700.0,3011.0,360010007003011.0,POINT (-73.75956523797143 42.66303752901594),0,-0.0625,0.0,0.0
5694,24878,7003,65plus,less75k,71401.97072330953,3,700,105.21587450000001,700.0,3011.0,360010007003011.0,POINT (-73.76013183456561 42.66293403297696),1,0.0625,-0.16666666666666666,0.25
5695,24890,7003,45to54,less75k,22331.700058395978,3,700,105.21587450000001,700.0,3011.0,360010007003011.0,POINT (-73.76061744104395 42.66296609571136),1,0.375,-1.0,0.0
5696,24946,7003,65plus,150kplus,286987.98273290705,4,700,124.0863595,700.0,3011.0,360010007003011.0,POINT (-73.76030327902225 42.66276061269092),1,0.1875,0.0,0.5
7421,24694,7003,45to54,less75k,23552.07360334625,1,700,110.040484,700.0,3007.0,360010007003007.0,POINT (-73.76312657959427 42.66539854951812),0,0.6875,-0.5,0.5
7422,24705,7003,45to54,100to150k,116542.18689539061,4,700,124.0863595,700.0,3007.0,360010007003007.0,POINT (-73.76391933388993 42.66554725833654),0,0.4375,0.0,0.25
7423,24723,7003,55to64,less75k,47945.19291142721,3,700,105.21587450000001,700.0,3007.0,360010007003007.0,POINT (-73.76393589793204 42.66596158948241),0,0.0,-0.3333333333333333,0.25
7424,24725,7003,55to64,75to100k,81896.43104541025,4,700,124.0863595,700.0,3007.0,360010007003007.0,POINT (-73.7630518896429 42.66524190450846),0,0.1875,-0.16666666666666666,-0.5
7425,24729,7003,55to64,75to100k,80228.91560567585,4,700,124.0863595,700.0,3007.0,360010007003007.0,POINT (-73.76231044852385 42.66485329049213),0,-0.3125,-0.5,0.0
7426,24735,7003,65plus,less75k,67079.7551940172,1,700,110.040484,700.0,3007.0,360010007003007.0,POINT (-73.76279268677399 42.66539766453474),0,0.1875,-0.5,0.25
7427,24740,7003,65plus,less75k,38578.08529233342,3,700,105.21587450000001,700.0,3007.0,360010007003007.0,POINT (-73.7622105133606 42.66486216003457),0,-0.0625,-0.8333333333333334,0.0
7428,24747,7003,65plus,less75k,57624.08880061357,1,700,110.040484,700.0,3007.0,360010007003007.0,POINT (-73.76398504051403 42.66561972240766),0,0.5,-0.5,0.0
7429,24767,7003,25to44,75to100k,83439.3729929226,4,700,124.0863595,700.0,3007.0,360010007003007.0,POINT (-73.76236984438854 42.66470721512191),0,0.9375,-0.6666666666666666,0.5
7430,24785,7003,45to54,less75k,57659.63970809119,3,700,105.21587450000001,700.0,3007.0,360010007003007.0,POINT (-73.7638129556523 42.666093154469),0,0.125,-0.6666666666666666,0.5
7431,24790,7003,45to54,75to100k,75122.804576542,4,700,124.0863595,700.0,3007.0,360010007003007.0,POINT (-73.76281073769825 42.66512388294464),0,0.75,-1.0,1.0
7432,24800,7003,55to64,less75k,51625.28138842023,3,700,105.21587450000001,700.0,3007.0,360010007003007.0,POINT (-73.76307774400891 42.66528919204808),0,0.8125,-0.3333333333333333,0.0
7433,24803,7003,55to64,less75k,38062.30916389979,1,700,110.040484,700.0,3007.0,360010007003007.0,POINT (-73.76400195470293 42.66582953032862),0,-0.625,-0.5,0.0
7434,24809,7003,55to64,less75k,21922.29656954616,1,700,110.040484,700.0,3007.0,360010007003007.0,POINT (-73.7625185255357 42.6650214735788),0,-0.8125,-0.3333333333333333,0.5
7435,24832,7003,65plus,less75k,71066.31344419793,3,700,105.21587450000001,700.0,3007.0,360010007003007.0,POINT (-73.76260498869671 42.66488804653431),0,0.375,0.0,0.25
7436,24842,7003,65plus,less75k,31794.254476203154,1,700,110.040484,700.0,3007.0,360010007003007.0,POINT (-73.76256205625407 42.66511998321374),0,0.5,0.0,0.25
7437,24889,7003,45to54,less75k,46441.500522187685,3,700,105.21587450000001,700.0,3007.0,360010007003007.0,POINT (-73.76231475685512 42.66478725187119),1,0.375,-0.6666666666666666,0.75
7438,24905,7003,65plus,less75k,39258.619907852975,1,700,110.040484,700.0,3007.0,360010007003007.0,POINT (-73.76214014501531 42.66485719105214),1,0.8125,-0.5,0.25
7439,24916,7003,25to44,less75k,65004.881781827695,2,700,101.029416,700.0,3007.0,360010007003007.0,POINT (-73.76337064656833 42.66560126670588),1,0.9375,0.16666666666666666,0.25
7440,24927,7003,45to54,150kplus,296492.7817586232,4,700,124.0863595,700.0,3007.0,360010007003007.0,POINT (-73.76332807157158 42.66546752200625),1,-0.8125,-0.5,0.5
10380,24700,7003,45to54,less75k,27781.88158638687,3,700,105.21587450000001,700.0,3000.0,360010007003000.0,POINT (-73.76099022506887 42.6667105801622),0,0.625,0.0,0.75
10381,24707,7003,45to54,150kplus,265798.7231030448,4,700,124.0863595,700.0,3000.0,360010007003000.0,POINT (-73.76062930445674 42.66678903838683),0,0.3125,-0.6666666666666666,0.5
10382,24717,7003,55to64,less75k,65286.95314673753,3,700,105.21587450000001,700.0,3000.0,360010007003000.0,POINT (-73.76146360210538 42.66594565888517),0,0.1875,-0.16666666666666666,0.5
10383,24726,7003,55to64,75to100k,83146.77278591093,4,700,124.0863595,700.0,3000.0,360010007003000.0,POINT (-73.76183398743804 42.66609937102253),0,0.375,-0.5,0.0
10384,24728,7003,55to64,75to100k,79615.67992671684,4,700,124.0863595,700.0,3000.0,360010007003000.0,POINT (-73.76180572679587 42.6661051776278),0,0.4375,-0.5,0.5
10385,24755,7003,65plus,75to100k,81316.32668602656,4,700,124.0863595,700.0,3000.0,360010007003000.0,POINT (-73.76151054643586 42.66605521626572),0,0.375,-0.3333333333333333,-0.25
10386,24765,7003,25to44,less75k,65278.53977640001,3,700,105.21587450000001,700.0,3000.0,360010007003000.0,POINT (-73.76025927682109 42.66691661929475),0,0.0625,-0.16666666666666666,0.75
10387,24766,7003,25to44,less75k,59107.978389242766,3,700,105.21587450000001,700.0,3000.0,360010007003000.0,POINT (-73.76112951985677 42.66614366020433),0,0.5,-0.8333333333333334,1.0
10388,24795,7003,45to54,150kplus,164405.67234825034,4,700,124.0863595,700.0,3000.0,360010007003000.0,POINT (-73.76121993500986 42.66679523321096),0,0.375,-0.16666666666666666,0.75
10389,24816,7003,55to64,less75k,72482.91798313738,2,700,101.029416,700.0,3000.0,360010007003000.0,POINT (-73.76158244741079 42.66627593473984),0,0.4375,0.0,0.75
10390,24819,7003,55to64,75to100k,79854.9458130395,4,700,124.0863595,700.0,3000.0,360010007003000.0,POINT (-73.76044312832943 42.66662005422726),0,0.1875,-0.5,0.25
10391,24823,7003,55to64,75to100k,79102.04136004049,4,700,124.0863595,700.0,3000.0,360010007003000.0,POINT (-73.76095483383867 42.66635024467115),0,0.0625,-0.16666666666666666,0.5
10392,24856,7003,65plus,75to100k,91332.26272788149,4,700,124.0863595,700.0,3000.0,360010007003000.0,POINT (-73.76075929812573 42.66640028430645),0,0.8125,0.16666666666666666,0.5
10393,24864,7003,25to44,75to100k,83394.87758984577,4,700,124.0863595,700.0,3000.0,360010007003000.0,POINT (-73.76162810681791 42.66559687294559),1,0.4375,-0.5,0.0
10394,24879,7003,65plus,75to100k,96124.71824498716,4,700,124.0863595,700.0,3000.0,360010007003000.0,POINT (-73.76120986627342 42.66605951095764),1,0.25,0.0,0.75
10395,24883,7003,25to44,less75k,69226.56273510949,1,700,110.040484,700.0,3000.0,360010007003000.0,POINT (-73.76222601236888 42.66589303704497),1,0.5,-0.16666666666666666,0.0
10396,24898,7003,55to64,less75k,50635.952720087684,2,700,101.029416,700.0,3000.0,360010007003000.0,POINT (-73.76156155775931 42.66653612895259),1,0.3125,-0.16666666666666666,0.25
10397,24909,7003,65plus,less75k,73074.08135838188,2,700,101.029416,700.0,3000.0,360010007003000.0,POINT (-73.76145452194244 42.66597909467313),1,0.5,-1.0,0.5
10398,24919,7003,25to44,150kplus,160574.17883911508,4,700,124.0863595,700.0,3000.0,360010007003000.0,POINT (-73.76073108033854 42.66659382088481),1,-0.5625,-0.3333333333333333,0.25
10399,24931,7003,55to64,less75k,54497.05882586095,2,700,101.029416,700.0,3000.0,360010007003000.0,POINT (-73.76129445549134 42.6657772755534),1,0.625,-0.3333333333333333,0.0
10400,24942,7003,65plus,less75k,57176.887952767276,1,700,110.040484,700.0,3000.0,360010007003000.0,POINT (-73.76042041529735 42.66722399027433),1,0.5,-0.16666666666666666,0.25
10401,24950,7004,45to54,less75k,53020.338188112546,1,700,110.040484,700.0,4004.0,360010007004004.0,POINT (-73.76111165242698 42.66209818645305),0,0.375,-0.5,0.5
10402,24953,7004,45to54,less75k,24208.04452858222,3,700,105.21587450000001,700.0,4004.0,360010007004004.0,POINT (-73.76132349173128 42.66247826203215),0,0.625,-0.16666666666666666,0.5
10403,24956,7004,45to54,less75k,73980.55003442544,3,700,105.21587450000001,700.0,4004.0,360010007004004.0,POINT (-73.76285294751861 42.66358649431574),0,0.375,-0.16666666666666666,0.75
10404,24958,7004,45to54,less75k,71954.72500933427,1,700,110.040484,700.0,4004.0,360010007004004.0,POINT (-73.76140296244206 42.66279641321407),0,0.3125,-0.16666666666666666,0.5
10405,24972,7004,55to64,less75k,39503.66847058806,1,700,110.040484,700.0,4004.0,360010007004004.0,POINT (-73.76280086516552 42.66343686334697),0,0.625,-0.6666666666666666,0.0
10406,24986,7004,65plus,less75k,48026.1178654521,3,700,105.21587450000001,700.0,4004.0,360010007004004.0,POINT (-73.76287822302096 42.66284830128727),0,0.4375,-0.16666666666666666,0.25
10407,24988,7004,65plus,less75k,38874.26108665209,2,700,101.029416,700.0,4004.0,360010007004004.0,POINT (-73.76224968012573 42.66247456180106),0,0.0,-0.8333333333333334,0.0
10408,24995,7004,65plus,150kplus,249715.9081269942,4,700,124.0863595,700.0,4004.0,360010007004004.0,POINT (-73.76148734116343 42.66267810360888),0,0.3125,0.0,0.0
10409,24998,7004,45to54,less75k,31378.076901938904,3,700,105.21587450000001,700.0,4004.0,360010007004004.0,POINT (-73.76143879733242 42.66290435973726),1,0.4375,-0.6666666666666666,0.75
10410,25002,7004,45to54,less75k,35364.78584694639,1,700,110.040484,700.0,4004.0,360010007004004.0,POINT (-73.76070749731896 42.66189558867715),1,0.5625,-0.6666666666666666,0.0
10411,25004,7004,45to54,75to100k,80611.62133038206,4,700,124.0863595,700.0,4004.0,360010007004004.0,POINT (-73.76162001144071 42.66283721572375),1,0.375,0.0,-0.25
10412,25008,7004,45to54,100to150k,132819.93175900253,4,700,124.0863595,700.0,4004.0,360010007004004.0,POINT (-73.76281266826017 42.66359269246102),1,0.4375,-0.6666666666666666,0.25
10413,25010,7004,55to64,less75k,30229.28948437467,3,700,105.21587450000001,700.0,4004.0,360010007004004.0,POINT (-73.76126214976806 42.66237379145883),1,0.125,-0.5,1.0
10414,25021,7004,65plus,less75k,63365.323619200804,2,700,101.029416,700.0,4004.0,360010007004004.0,POINT (-73.76217394970477 42.66264856367516),1,0.375,-0.5,0.5
10415,25022,7004,65plus,75to100k,89398.39401318188,4,700,124.0863595,700.0,4004.0,360010007004004.0,POINT (-73.7616152189491 42.66229062588406),1,0.9375,-0.16666666666666666,1.0
13640,70162,7001,45to54,less75k,63814.67702025258,1,700,110.040484,700.0,1016.0,360010007001016.0,POINT (-73.77632427171282 42.67691334063254),0,0.375,0.0,0.75
13641,70201,7001,45to54,less75k,51578.069617941015,3,700,105.21587450000001,700.0,1016.0,360010007001016.0,POINT (-73.77548385071053 42.67628415976495),0,0.625,-0.5,0.5
13642,70216,7001,55to64,100to150k,140715.20426670462,4,700,124.0863595,700.0,1016.0,360010007001016.0,POINT (-73.77537286795783 42.67622234997587),0,0.875,0.5,0.5
16472,70159,7001,45to54,less75k,51684.32946491504,2,700,101.029416,700.0,1015.0,360010007001015.0,POINT (-73.77340454660177 42.67467126435577),0,0.0625,-0.8333333333333334,0.75
16473,70166,7001,45to54,less75k,73246.12182894541,1,700,110.040484,700.0,1015.0,360010007001015.0,POINT (-73.77277457264147 42.6734833486225),0,0.1875,0.0,-0.25
16474,70183,7001,55to64,75to100k,97626.7692128136,4,700,124.0863595,700.0,1015.0,360010007001015.0,POINT (-73.7733977040731 42.67444526468669),0,-0.6875,-0.16666666666666666,0.0
16475,70187,7001,65plus,less75k,22094.730085728745,1,700,110.040484,700.0,1015.0,360010007001015.0,POINT (-73.77517037621088 42.67592413560167),0,0.0,-0.5,0.25
16476,70199,7001,45to54,less75k,44969.511530791795,3,700,105.21587450000001,700.0,1015.0,360010007001015.0,POINT (-73.77378606821154 42.67440334693089),0,-0.1875,-0.5,0.0
16477,70218,7001,65plus,less75k,55732.56348766566,1,700,110.040484,700.0,1013.0,360010007001013.0,POINT (-73.77270568144769 42.67291306602158),0,0.0,-0.3333333333333333,0.5
16478,70231,7001,45to54,150kplus,159767.6740273351,4,700,124.0863595,700.0,1013.0,360010007001013.0,POINT (-73.77269453292726 42.6725482274303),1,0.1875,-0.5,0.0
20850,70208,7001,55to64,less75k,61892.80209937588,1,700,110.040484,700.0,1003.0,360010007001003.0,POINT (-73.77189094248726 42.67477428647254),0,0.25,0.0,0.25
24596,24685,7003,25to44,less75k,40711.27581285284,1,700,110.040484,700.0,3001.0,360010007003001.0,POINT (-73.76104129078449 42.66519397984068),0,0.8125,-0.16666666666666666,0.75
24597,24689,7003,25to44,150kplus,151292.57902196413,4,700,124.0863595,700.0,3001.0,360010007003001.0,POINT (-73.76067862617219 42.66607261169479),0,-0.375,-0.5,0.0
24598,24695,7003,45to54,less75k,25620.26978399289,2,700,101.029416,700.0,3001.0,360010007003001.0,POINT (-73.76002768989321 42.66589643686299),0,0.25,-0.5,0.25
24599,24698,7003,45to54,less75k,29123.137440950097,1,700,110.040484,700.0,3001.0,360010007003001.0,POINT (-73.76005381182989 42.66580584889076),0,-0.125,-0.5,1.0
24600,24715,7003,55to64,less75k,28527.022472851866,1,700,110.040484,700.0,3001.0,360010007003001.0,POINT (-73.76024208917163 42.66620364004415),0,0.3125,-0.3333333333333333,0.75
24601,24739,7003,65plus,less75k,53842.7033140452,2,700,101.029416,700.0,3001.0,360010007003001.0,POINT (-73.76024147562102 42.66620281123831),0,0.25,0.0,0.0
24602,24746,7003,65plus,less75k,41481.86955871484,2,700,101.029416,700.0,3001.0,360010007003001.0,POINT (-73.76034432940983 42.66571486554619),0,0.375,-0.8333333333333334,0.75
24603,24757,7003,65plus,100to150k,107905.06647721633,4,700,124.0863595,700.0,3001.0,360010007003001.0,POINT (-73.75957557804746 42.66622996051505),0,-1.0,-0.5,0.25
24604,24782,7003,45to54,less75k,63662.09520386048,2,700,101.029416,700.0,3001.0,360010007003001.0,POINT (-73.76021468516785 42.66666181633234),0,0.0625,0.0,0.25
24605,24788,7003,45to54,75to100k,87168.8219676601,4,700,124.0863595,700.0,3001.0,360010007003001.0,POINT (-73.76010508240984 42.66576313440765),0,0.1875,-0.6666666666666666,0.25
24606,24791,7003,45to54,100to150k,110353.15478187543,4,700,124.0863595,700.0,3001.0,360010007003001.0,POINT (-73.75999497090025 42.66578227364935),0,0.1875,0.0,-0.5
24607,24798,7003,55to64,less75k,59086.6829307598,1,700,110.040484,700.0,3001.0,360010007003001.0,POINT (-73.761197417262 42.66534351441746),0,0.3125,-0.5,0.0
24608,24808,7003,55to64,less75k,73448.49848404991,3,700,105.21587450000001,700.0,3001.0,360010007003001.0,POINT (-73.7609206978686 42.6652299889048),0,0.375,-0.5,0.25
24609,24831,7003,65plus,less75k,33966.759898711694,1,700,110.040484,700.0,3001.0,360010007003001.0,POINT (-73.76080612353783 42.66538741581097),0,-0.125,-0.6666666666666666,0.25
24610,24847,7003,65plus,less75k,52203.081545617715,3,700,105.21587450000001,700.0,3001.0,360010007003001.0,POINT (-73.76077971200831 42.66602265970139),0,0.3125,-0.5,-0.5
24611,24865,7003,25to44,100to150k,105810.75513581355,4,700,124.0863595,700.0,3001.0,360010007003001.0,POINT (-73.7608009993736 42.66582396032194),1,0.0,0.16666666666666666,0.0
24612,24894,7003,45to54,150kplus,214768.98102241973,4,700,124.0863595,700.0,3001.0,360010007003001.0,POINT (-73.75975549684996 42.66643190572992),1,0.5,0.0,0.0
24613,24896,7003,55to64,less75k,34912.079102674485,3,700,105.21587450000001,700.0,3001.0,360010007003001.0,POINT (-73.76073094893772 42.66579333740969),1,0.25,-0.3333333333333333,0.5
24614,24920,7003,45to54,less75k,62828.36374596122,2,700,101.029416,700.0,3001.0,360010007003001.0,POINT (-73.76037233389394 42.66591168956613),1,0.5,-0.3333333333333333,1.0
24615,24926,7003,45to54,100to150k,111655.57336382873,4,700,124.0863595,700.0,3001.0,360010007003001.0,POINT (-73.7606563615948 42.66561772524168),1,0.125,-0.3333333333333333,0.5
24616,24687,7003,25to44,75to100k,91652.50219080012,4,700,124.0863595,700.0,3002.0,360010007003002.0,POINT (-73.75903500803035 42.66597503538832),0,-0.1875,-0.16666666666666666,0.25
24617,24692,7003,45to54,less75k,39538.942645905685,3,700,105.21587450000001,700.0,3002.0,360010007003002.0,POINT (-73.7593663337332 42.66525125079991),0,0.625,-0.3333333333333333,0.5
24618,24704,7003,45to54,75to100k,95578.19988063694,4,700,124.0863595,700.0,3002.0,360010007003002.0,POINT (-73.75937251798628 42.66593994335763),0,0.4375,-1.0,-0.25
24619,24709,7003,55to64,less75k,45069.230308781865,1,700,110.040484,700.0,3002.0,360010007003002.0,POINT (-73.75902082205789 42.66619821508336),0,-0.25,-0.3333333333333333,0.25
24620,24714,7003,55to64,less75k,21641.76280840632,2,700,101.029416,700.0,3002.0,360010007003002.0,POINT (-73.75918470527422 42.66602830275502),0,0.875,-0.3333333333333333,0.75
24621,24721,7003,55to64,less75k,53517.878495498,1,700,110.040484,700.0,3002.0,360010007003002.0,POINT (-73.76031455890491 42.66504800471517),0,-0.125,-0.3333333333333333,0.5
24622,24744,7003,65plus,less75k,47312.43137947988,1,700,110.040484,700.0,3002.0,360010007003002.0,POINT (-73.75991324767891 42.66488591762825),0,0.0,-0.5,0.5
24623,24752,7003,65plus,75to100k,85695.42971794026,4,700,124.0863595,700.0,3002.0,360010007003002.0,POINT (-73.75941237101462 42.66605999735036),0,0.3125,-0.16666666666666666,0.25
24624,24753,7003,65plus,75to100k,83465.1293430292,4,700,124.0863595,700.0,3002.0,360010007003002.0,POINT (-73.75962588697297 42.66523268770308),0,-0.3125,-0.6666666666666666,0.75
24625,24776,7003,45to54,less75k,52854.433251841896,1,700,110.040484,700.0,3002.0,360010007003002.0,POINT (-73.75908405908271 42.66587543809158),0,0.375,0.0,0.25
24626,24783,7003,45to54,less75k,72466.92509383109,2,700,101.029416,700.0,3002.0,360010007003002.0,POINT (-73.75975343779349 42.66571356002905),0,0.3125,-0.8333333333333334,0.25
24627,24801,7003,55to64,less75k,22390.867732469364,1,700,110.040484,700.0,3002.0,360010007003002.0,POINT (-73.760454597045 42.66505268448545),0,0.1875,-0.3333333333333333,0.0
24628,24815,7003,55to64,less75k,40951.74406430767,1,700,110.040484,700.0,3002.0,360010007003002.0,POINT (-73.75932028352251 42.66601539789981),0,0.25,-0.6666666666666666,0.25
24629,24825,7003,55to64,100to150k,103800.39164655117,4,700,124.0863595,700.0,3002.0,360010007003002.0,POINT (-73.75906431421757 42.66552442873054),0,0.25,-0.6666666666666666,0.5
24630,24843,7003,65plus,less75k,27256.89461145188,2,700,101.029416,700.0,3002.0,360010007003002.0,POINT (-73.76014317699443 42.66493424567994),0,0.125,-0.6666666666666666,0.0
24631,24861,7003,65plus,150kplus,197294.42130255594,4,700,124.0863595,700.0,3002.0,360010007003002.0,POINT (-73.75892068646252 42.66607365336698),0,0.6875,-0.16666666666666666,0.0
24632,24863,7003,25to44,less75k,61972.44935232677,3,700,105.21587450000001,700.0,3002.0,360010007003002.0,POINT (-73.75894090104778 42.665761018625),1,0.25,-0.16666666666666666,0.5
24633,24875,7003,55to64,100to150k,120503.03856475186,4,700,124.0863595,700.0,3002.0,360010007003002.0,POINT (-73.75872179308035 42.6662537394439),1,0.25,0.16666666666666666,0.5
24634,24876,7003,55to64,150kplus,229189.0164596136,4,700,124.0863595,700.0,3002.0,360010007003002.0,POINT (-73.75991209031908 42.66526829710976),1,0.375,0.0,1.0
24635,24903,7003,55to64,100to150k,138349.35213840392,4,700,124.0863595,700.0,3002.0,360010007003002.0,POINT (-73.7587834466711 42.66620454449727),1,0.5,0.0,0.0
24636,24910,7003,65plus,less75k,47349.77899158996,1,700,110.040484,700.0,3002.0,360010007003002.0,POINT (-73.75904077354541 42.66621958692774),1,0.125,-0.5,0.5
24637,24925,7003,45to54,75to100k,91292.28398806012,4,700,124.0863595,700.0,3002.0,360010007003002.0,POINT (-73.75942464609869 42.6656456526214),1,0.25,-0.5,1.0
24638,24940,7003,65plus,less75k,68793.58634945299,3,700,105.21587450000001,700.0,3002.0,360010007003002.0,POINT (-73.76012469964897 42.66538044687736),1,0.0625,-0.6666666666666666,0.25
24639,70205,7001,45to54,75to100k,95752.18976150657,4,700,124.0863595,700.0,1010.0,360010007001010.0,POINT (-73.75793932464815 42.66658297244965),0,0.0625,-0.6666666666666666,0.0
24640,70228,7001,45to54,less75k,47098.738813787444,1,700,110.040484,700.0,1010.0,360010007001010.0,POINT (-73.75782855762378 42.66669411911938),1,0.375,0.0,0.5
24641,24683,7003,25to44,less75k,47004.595001096815,1,700,110.040484,700.0,3004.0,360010007003004.0,POINT (-73.75953341567624 42.66485830810382),0,0.875,-0.5,0.5
24642,24702,7003,45to54,75to100k,88698.16680495204,4,700,124.0863595,700.0,3004.0,360010007003004.0,POINT (-73.75880891127936 42.66379049682995),0,0.125,0.3333333333333333,0.75
24643,24706,7003,45to54,100to150k,134638.9588731752,4,700,124.0863595,700.0,3004.0,360010007003004.0,POINT (-73.75931485553841 42.66479494014578),0,0.0625,0.0,0.25
24644,24719,7003,55to64,less75k,36549.76623786016,1,700,110.040484,700.0,3004.0,360010007003004.0,POINT (-73.75917661784472 42.66424705232586),0,0.8125,-0.6666666666666666,1.0
24645,24722,7003,55to64,less75k,71696.8928523215,2,700,101.029416,700.0,3004.0,360010007003004.0,POINT (-73.75935606198193 42.66471816622115),0,0.4375,0.0,0.0
24646,24758,7003,65plus,100to150k,113958.03281726365,4,700,124.0863595,700.0,3004.0,360010007003004.0,POINT (-73.75901983226173 42.66462141216689),0,0.375,-0.5,0.25
24647,24770,7003,25to44,150kplus,263263.2843278816,4,700,124.0863595,700.0,3004.0,360010007003004.0,POINT (-73.75876975536619 42.664764223007),0,0.0625,-0.5,0.0
24648,24772,7003,45to54,less75k,23468.4062331086,1,700,110.040484,700.0,3004.0,360010007003004.0,POINT (-73.75873140426185 42.66397945793515),0,0.625,-0.5,0.25
24649,24810,7003,55to64,less75k,20382.540021723737,3,700,105.21587450000001,700.0,3004.0,360010007003004.0,POINT (-73.75890570573711 42.66485098138103),0,0.125,-0.6666666666666666,0.25
24650,24828,7003,55to64,100to150k,104884.48657961014,4,700,124.0863595,700.0,3004.0,360010007003004.0,POINT (-73.75854690099288 42.66443044828447),0,0.25,0.3333333333333333,0.75
24651,24833,7003,65plus,less75k,63965.67638389122,1,700,110.040484,700.0,3004.0,360010007003004.0,POINT (-73.75958207881389 42.66461486615763),0,-0.5,0.3333333333333333,0.0
24652,24841,7003,65plus,less75k,50112.74870237302,3,700,105.21587450000001,700.0,3004.0,360010007003004.0,POINT (-73.75915295547074 42.66471827399764),0,0.0,-0.3333333333333333,0.0
24653,24853,7003,65plus,75to100k,87557.12566807162,4,700,124.0863595,700.0,3004.0,360010007003004.0,POINT (-73.75877753785679 42.66396956241439),0,0.125,0.16666666666666666,0.25
24654,24871,7003,45to54,150kplus,255761.02468780518,4,700,124.0863595,700.0,3004.0,360010007003004.0,POINT (-73.75932072380505 42.66497702497568),1,-0.5625,0.5,0.75
24655,24872,7003,55to64,less75k,51056.98552559729,2,700,101.029416,700.0,3004.0,360010007003004.0,POINT (-73.75973760769725 42.66473705344646),1,0.4375,-0.3333333333333333,0.5
24656,24886,7003,25to44,150kplus,246384.54764416657,4,700,124.0863595,700.0,3004.0,360010007003004.0,POINT (-73.75820753713195 42.66436189834271),1,0.3125,0.0,0.25
24657,24893,7003,45to54,100to150k,147188.56836882175,4,700,124.0863595,700.0,3004.0,360010007003004.0,POINT (-73.75931214591988 42.66480731804951),1,0.375,-0.16666666666666666,0.5
24658,24901,7003,55to64,75to100k,83767.88028078122,4,700,124.0863595,700.0,3004.0,360010007003004.0,POINT (-73.75935850311015 42.6646227170628),1,0.625,-0.5,0.0
24659,24915,7003,25to44,less75k,71465.01062845322,3,700,105.21587450000001,700.0,3004.0,360010007003004.0,POINT (-73.75843119164242 42.66463641267659),1,0.0,-0.3333333333333333,0.75
24660,24917,7003,25to44,75to100k,84587.11932287164,4,700,124.0863595,700.0,3004.0,360010007003004.0,POINT (-73.75952937941999 42.66456859173834),1,0.125,-0.16666666666666666,0.25
24661,24928,7003,55to64,less75k,59726.27701818482,2,700,101.029416,700.0,3004.0,360010007003004.0,POINT (-73.75902602709219 42.66414844243698),1,0.4375,-0.16666666666666666,0.25
24662,24930,7003,55to64,less75k,49785.57085033473,1,700,110.040484,700.0,3004.0,360010007003004.0,POINT (-73.75919612463555 42.66408667415056),1,0.25,-0.16666666666666666,0.25
24663,24937,7003,55to64,150kplus,252654.9840297341,4,700,124.0863595,700.0,3004.0,360010007003004.0,POINT (-73.75944141013221 42.66447053176734),1,0.75,0.3333333333333333,0.5
24664,24943,7003,65plus,75to100k,88594.35404575954,4,700,124.0863595,700.0,3004.0,360010007003004.0,POINT (-73.75858576673158 42.66432491030517),1,0.875,-0.6666666666666666,1.0
24796,24688,7003,25to44,100to150k,131759.26294754774,4,700,124.0863595,700.0,3003.0,360010007003003.0,POINT (-73.7580810434762 42.66504675051399),0,0.125,-0.3333333333333333,1.0
24797,24710,7003,55to64,less75k,50079.294319704095,2,700,101.029416,700.0,3003.0,360010007003003.0,POINT (-73.75749376646392 42.66481063591397),0,0.125,-0.16666666666666666,0.0
24798,24712,7003,55to64,less75k,56383.39666747712,2,700,101.029416,700.0,3003.0,360010007003003.0,POINT (-73.7586108705773 42.66572359176113),0,-0.375,-0.3333333333333333,0.0
24799,24713,7003,55to64,less75k,44975.734922052696,1,700,110.040484,700.0,3003.0,360010007003003.0,POINT (-73.75907939124822 42.66522783107206),0,0.5625,-0.16666666666666666,0.5
24800,24749,7003,65plus,less75k,71516.6802372867,2,700,101.029416,700.0,3003.0,360010007003003.0,POINT (-73.75816048669253 42.66582971889527),0,-0.125,0.0,0.0
24801,24761,7003,25to44,less75k,26344.04779867889,1,700,110.040484,700.0,3003.0,360010007003003.0,POINT (-73.75754216402345 42.66488811063326),0,1.0,0.0,0.5
24802,24768,7003,25to44,75to100k,98969.71840704326,4,700,124.0863595,700.0,3003.0,360010007003003.0,POINT (-73.75723604303134 42.66523782159818),0,0.5,-0.16666666666666666,0.0
24803,24769,7003,25to44,100to150k,102942.72753478264,4,700,124.0863595,700.0,3003.0,360010007003003.0,POINT (-73.75763445933949 42.66470802475084),0,0.375,-0.6666666666666666,1.0
24804,24773,7003,45to54,less75k,25381.422305534565,1,700,110.040484,700.0,3003.0,360010007003003.0,POINT (-73.75828960977998 42.66547775947071),0,0.0,-1.0,0.5
24805,24796,7003,55to64,less75k,73780.42611252928,2,700,101.029416,700.0,3003.0,360010007003003.0,POINT (-73.75795858015624 42.66466807240609),0,0.5625,-0.6666666666666666,0.0
24806,24804,7003,55to64,less75k,33475.113775751204,3,700,105.21587450000001,700.0,3003.0,360010007003003.0,POINT (-73.75785537391529 42.66561759736073),0,-0.0625,0.3333333333333333,0.5
24807,24822,7003,55to64,75to100k,83181.46123835094,4,700,124.0863595,700.0,3003.0,360010007003003.0,POINT (-73.75814594595741 42.66481749146788),0,-0.3125,-0.5,0.0
24808,24824,7003,55to64,75to100k,88949.21246931412,4,700,124.0863595,700.0,3003.0,360010007003003.0,POINT (-73.75758965463267 42.66512904431885),0,0.0625,-0.3333333333333333,0.0
24809,24826,7003,55to64,100to150k,132713.15184151972,4,700,124.0863595,700.0,3003.0,360010007003003.0,POINT (-73.75796558597249 42.66544910790438),0,0.0,-0.16666666666666666,0.0
24810,24857,7003,65plus,100to150k,135643.81802835257,4,700,124.0863595,700.0,3003.0,360010007003003.0,POINT (-73.75801927554538 42.6645501545003),0,0.4375,-0.6666666666666666,0.5
24811,24873,7003,55to64,less75k,51617.44435857916,2,700,101.029416,700.0,3003.0,360010007003003.0,POINT (-73.75812390934715 42.66480743614114),1,0.4375,0.0,0.5
24812,24895,7003,55to64,less75k,42444.84583677545,3,700,105.21587450000001,700.0,3003.0,360010007003003.0,POINT (-73.75894050798712 42.66527366063775),1,0.3125,-0.6666666666666666,0.25
24813,24907,7003,65plus,less75k,59740.76124633049,1,700,110.040484,700.0,3003.0,360010007003003.0,POINT (-73.75876628574434 42.66527231663932),1,0.5,-1.0,0.25
24814,24912,7003,65plus,75to100k,96601.13617603603,4,700,124.0863595,700.0,3003.0,360010007003003.0,POINT (-73.75813650281545 42.66509807504821),1,0.25,-0.6666666666666666,1.0
24815,24918,7003,25to44,100to150k,131305.48848703256,4,700,124.0863595,700.0,3003.0,360010007003003.0,POINT (-73.7590031867208 42.66538549876886),1,0.0625,-0.16666666666666666,0.25
24816,24924,7003,45to54,75to100k,79405.58290992747,4,700,124.0863595,700.0,3003.0,360010007003003.0,POINT (-73.75855288181477 42.66506629490734),1,0.4375,0.6666666666666666,0.75
26385,24684,7003,25to44,less75k,39094.962750422026,2,700,101.029416,700.0,3010.0,360010007003010.0,POINT (-73.76192467121319 42.66497237101869),0,0.125,-0.3333333333333333,0.5
26386,24750,7003,65plus,75to100k,91886.27797184537,4,700,124.0863595,700.0,3010.0,360010007003010.0,POINT (-73.76198237724611 42.66456663175737),0,0.5625,-0.5,0.25
26387,24771,7003,45to54,less75k,43932.578023036236,3,700,105.21587450000001,700.0,3010.0,360010007003010.0,POINT (-73.76093473503457 42.66396019168472),0,0.625,-0.5,0.5
26388,24774,7003,45to54,less75k,60381.71893863309,2,700,101.029416,700.0,3010.0,360010007003010.0,POINT (-73.76017981535206 42.66379652154804),0,0.625,-0.6666666666666666,0.0
26389,24787,7003,45to54,75to100k,87399.67986514,4,700,124.0863595,700.0,3010.0,360010007003010.0,POINT (-73.76016665402064 42.66379599438231),0,-0.125,-0.3333333333333333,0.25
26390,24792,7003,45to54,100to150k,127350.94268230569,4,700,124.0863595,700.0,3010.0,360010007003010.0,POINT (-73.76172657951699 42.66454425537334),0,0.1875,0.0,0.0
26391,24793,7003,45to54,100to150k,144284.92036699608,4,700,124.0863595,700.0,3010.0,360010007003010.0,POINT (-73.76070572392413 42.66414516443741),0,0.25,-0.3333333333333333,0.0
26392,24814,7003,55to64,less75k,59271.40396139232,3,700,105.21587450000001,700.0,3010.0,360010007003010.0,POINT (-73.76155285969821 42.6646516109126),0,0.4375,-0.6666666666666666,0.25
26393,24844,7003,65plus,less75k,62686.35397285299,3,700,105.21587450000001,700.0,3010.0,360010007003010.0,POINT (-73.76066827569159 42.66420390828102),0,0.375,0.3333333333333333,0.25
26394,24885,7003,25to44,100to150k,144556.05645928913,4,700,124.0863595,700.0,3010.0,360010007003010.0,POINT (-73.76132099332467 42.66429860419433),1,0.875,-0.16666666666666666,1.0
26395,24682,7003,25to44,less75k,26322.819891260322,1,700,110.040484,700.0,3009.0,360010007003009.0,POINT (-73.76240995025499 42.66407396683032),0,0.0,-0.16666666666666666,-0.25
26396,24693,7003,45to54,less75k,30719.186311980462,2,700,101.029416,700.0,3009.0,360010007003009.0,POINT (-73.76236242168268 42.66365398650798),0,-0.1875,-0.5,0.5
26397,24701,7003,45to54,75to100k,83665.0155478527,4,700,124.0863595,700.0,3009.0,360010007003009.0,POINT (-73.76230043079939 42.66426823543948),0,0.25,-0.5,0.25
26398,24718,7003,55to64,less75k,46019.30339864162,1,700,110.040484,700.0,3009.0,360010007003009.0,POINT (-73.76217529497207 42.66423290752154),0,0.125,0.0,1.0
26399,24727,7003,55to64,75to100k,88004.52740598652,4,700,124.0863595,700.0,3009.0,360010007003009.0,POINT (-73.76231898477016 42.66437425148948),0,0.4375,-0.3333333333333333,0.5
26400,24731,7003,55to64,100to150k,134991.03660249224,4,700,124.0863595,700.0,3009.0,360010007003009.0,POINT (-73.76143920187906 42.66407057484459),0,0.5,-0.8333333333333334,1.0
26401,24734,7003,55to64,150kplus,165789.81310075402,4,700,124.0863595,700.0,3009.0,360010007003009.0,POINT (-73.76143037231955 42.66310526344787),0,0.375,-0.3333333333333333,0.0
26402,24737,7003,65plus,less75k,31430.437633809677,3,700,105.21587450000001,700.0,3009.0,360010007003009.0,POINT (-73.76270948690758 42.66402160970451),0,-1.0,-0.6666666666666666,0.5
26403,24741,7003,65plus,less75k,33201.966179341536,2,700,101.029416,700.0,3009.0,360010007003009.0,POINT (-73.76107001886504 42.66289188055374),0,0.0625,-0.6666666666666666,0.0
26404,24742,7003,65plus,less75k,56381.5585413633,2,700,101.029416,700.0,3009.0,360010007003009.0,POINT (-73.76181893483488 42.66359637757067),0,0.1875,-0.3333333333333333,0.5
26405,24743,7003,65plus,less75k,21227.36230994692,3,700,105.21587450000001,700.0,3009.0,360010007003009.0,POINT (-73.76182172388467 42.66404197849432),0,0.0,-0.3333333333333333,0.0
26406,24760,7003,65plus,150kplus,150423.02853971982,4,700,124.0863595,700.0,3009.0,360010007003009.0,POINT (-73.7613431181786 42.66350432718838),0,0.25,0.5,0.25
26407,24781,7003,45to54,less75k,72545.68929151197,3,700,105.21587450000001,700.0,3009.0,360010007003009.0,POINT (-73.76162895326418 42.66366645860206),0,0.0,-0.3333333333333333,0.25
26408,24789,7003,45to54,75to100k,97496.3097077794,4,700,124.0863595,700.0,3009.0,360010007003009.0,POINT (-73.76220501953044 42.66375382967774),0,-0.0625,-0.8333333333333334,0.0
26409,24820,7003,55to64,75to100k,83783.95747735084,4,700,124.0863595,700.0,3009.0,360010007003009.0,POINT (-73.76231063707745 42.66367074079913),0,0.25,-0.16666666666666666,0.0
26410,24821,7003,55to64,75to100k,94532.0578348919,4,700,124.0863595,700.0,3009.0,360010007003009.0,POINT (-73.76180130359194 42.66410949060882),0,0.0625,-0.5,0.25
26411,24827,7003,55to64,100to150k,120515.26324786866,4,700,124.0863595,700.0,3009.0,360010007003009.0,POINT (-73.76222164048752 42.66366368493711),0,0.875,-0.6666666666666666,0.5
26412,24848,7003,65plus,less75k,25685.798378897853,2,700,101.029416,700.0,3009.0,360010007003009.0,POINT (-73.76213634953429 42.66407003121332),0,0.0,-0.6666666666666666,0.25
26413,24867,7003,45to54,less75k,51853.69570633931,2,700,101.029416,700.0,3009.0,360010007003009.0,POINT (-73.7613615102234 42.66344222595949),1,0.4375,-0.5,0.75
26414,24868,7003,45to54,less75k,42747.61228457397,2,700,101.029416,700.0,3009.0,360010007003009.0,POINT (-73.76143080829745 42.66307433120898),1,0.375,-0.16666666666666666,0.0
26415,24881,7003,65plus,150kplus,186069.5424011773,4,700,124.0863595,700.0,3009.0,360010007003009.0,POINT (-73.76244207126599 42.66363016749339),1,0.375,0.0,0.5
26416,24882,7003,25to44,less75k,51329.914991874764,2,700,101.029416,700.0,3009.0,360010007003009.0,POINT (-73.76173602825403 42.66321323979209),1,1.0,-0.5,0.75
26417,24892,7003,45to54,75to100k,81978.57977873448,4,700,124.0863595,700.0,3009.0,360010007003009.0,POINT (-73.76217272319575 42.66359852928399),1,0.375,-1.0,0.5
26418,24900,7003,55to64,less75k,48684.33015630661,2,700,101.029416,700.0,3009.0,360010007003009.0,POINT (-73.76173499056976 42.66354700834059),1,-0.1875,-0.16666666666666666,1.0
26419,24902,7003,55to64,75to100k,97303.94357799825,4,700,124.0863595,700.0,3009.0,360010007003009.0,POINT (-73.76238629129128 42.66380636847467),1,0.5625,-0.16666666666666666,0.25
26420,24904,7003,55to64,150kplus,212353.43694107022,4,700,124.0863595,700.0,3009.0,360010007003009.0,POINT (-73.76129824509785 42.66302525773589),1,0.125,-0.5,0.75
26421,24911,7003,65plus,75to100k,91012.17771446377,4,700,124.0863595,700.0,3009.0,360010007003009.0,POINT (-73.76080481351386 42.66364132167168),1,0.25,-0.16666666666666666,1.0
26422,24914,7003,65plus,150kplus,250007.45593391053,4,700,124.0863595,700.0,3009.0,360010007003009.0,POINT (-73.76245398494177 42.66407967443366),1,0.1875,0.16666666666666666,0.5
26423,24923,7003,45to54,less75k,43299.912308235864,2,700,101.029416,700.0,3009.0,360010007003009.0,POINT (-73.76048201661789 42.66336512938854),1,0.0,0.0,1.0
26424,24934,7003,55to64,75to100k,87044.40667144327,4,700,124.0863595,700.0,3009.0,360010007003009.0,POINT (-73.76113418404736 42.66355457813233),1,-0.4375,0.0,0.0
26425,24939,7003,65plus,less75k,49647.98180864157,1,700,110.040484,700.0,3009.0,360010007003009.0,POINT (-73.76081098189569 42.66371362222591),1,0.0625,-0.5,0.0
26426,24941,7003,65plus,less75k,58029.46135479477,2,700,101.029416,700.0,3009.0,360010007003009.0,POINT (-73.76195260794289 42.66352086597085),1,0.3125,-0.8333333333333334,0.5
26427,24686,7003,25to44,75to100k,95352.08038991132,4,700,124.0863595,700.0,3005.0,360010007003005.0,POINT (-73.76023389104803 42.66433131713419),0,0.25,-1.0,0.5
26428,24690,7003,45to54,less75k,51317.09406265115,3,700,105.21587450000001,700.0,3005.0,360010007003005.0,POINT (-73.76007793130707 42.66418515135779),0,0.3125,-0.5,0.0
26429,24691,7003,45to54,less75k,37834.369335452764,1,700,110.040484,700.0,3005.0,360010007003005.0,POINT (-73.76006882821164 42.66405001389236),0,0.0625,0.0,-0.25
26430,24699,7003,45to54,less75k,74471.91061728616,1,700,110.040484,700.0,3005.0,360010007003005.0,POINT (-73.76117398521106 42.66486886689452),0,0.125,-0.16666666666666666,0.5
26431,24703,7003,45to54,75to100k,79200.85458720825,4,700,124.0863595,700.0,3005.0,360010007003005.0,POINT (-73.75952354811231 42.66404287500898),0,0.5,-0.5,0.5
26432,24724,7003,55to64,75to100k,92804.18699991114,4,700,124.0863595,700.0,3005.0,360010007003005.0,POINT (-73.76076235841734 42.66481797227783),0,0.25,-0.3333333333333333,0.5
26433,24738,7003,65plus,less75k,38541.722086051836,1,700,110.040484,700.0,3005.0,360010007003005.0,POINT (-73.75934495588552 42.66400646654181),0,0.1875,0.0,0.5
26434,24745,7003,65plus,less75k,52505.46761510998,1,700,110.040484,700.0,3005.0,360010007003005.0,POINT (-73.76033359358875 42.66433918804049),0,-0.0625,-0.16666666666666666,0.5
26435,24748,7003,65plus,less75k,32104.35871750833,1,700,110.040484,700.0,3005.0,360010007003005.0,POINT (-73.760683360545 42.6643697040865),0,0.5625,-0.8333333333333334,0.0
26436,24775,7003,45to54,less75k,68097.08499910972,3,700,105.21587450000001,700.0,3005.0,360010007003005.0,POINT (-73.7591148307915 42.66366998406606),0,0.125,-0.5,0.5
26437,24778,7003,45to54,less75k,64929.61663451456,1,700,110.040484,700.0,3005.0,360010007003005.0,POINT (-73.76122560538037 42.66485720630043),0,0.625,-0.5,0.5
26438,24779,7003,45to54,less75k,41367.849192774614,1,700,110.040484,700.0,3005.0,360010007003005.0,POINT (-73.7600237334436 42.66333324687419),0,0.0625,0.0,0.5
26439,24780,7003,45to54,less75k,54542.964315067285,3,700,105.21587450000001,700.0,3005.0,360010007003005.0,POINT (-73.75957854662032 42.66323445904928),0,0.1875,-0.16666666666666666,0.75
26440,24811,7003,55to64,less75k,41299.73280770793,2,700,101.029416,700.0,3005.0,360010007003005.0,POINT (-73.75970943522124 42.66315266387865),0,-0.6875,-0.5,0.75
26441,24830,7003,55to64,150kplus,290851.6610510657,4,700,124.0863595,700.0,3005.0,360010007003005.0,POINT (-73.75934206791659 42.66329283496312),0,0.1875,-0.8333333333333334,0.0
26442,24834,7003,65plus,less75k,41255.29229130443,3,700,105.21587450000001,700.0,3005.0,360010007003005.0,POINT (-73.75947700089536 42.66353007482534),0,0.5,-0.16666666666666666,0.25
26443,24835,7003,65plus,less75k,72602.08674646767,3,700,105.21587450000001,700.0,3005.0,360010007003005.0,POINT (-73.76091252754426 42.66476819614171),0,0.0,0.0,0.25
26444,24836,7003,65plus,less75k,41539.89533887114,3,700,105.21587450000001,700.0,3005.0,360010007003005.0,POINT (-73.76190869556171 42.66497972447932),0,0.3125,-0.16666666666666666,0.25
26445,24838,7003,65plus,less75k,20578.92780745233,3,700,105.21587450000001,700.0,3005.0,360010007003005.0,POINT (-73.76013902418183 42.66353738564256),0,-0.25,0.0,0.5
26446,24839,7003,65plus,less75k,53305.86039280866,1,700,110.040484,700.0,3005.0,360010007003005.0,POINT (-73.76144621756272 42.6647387579378),0,0.0,-0.3333333333333333,0.5
26447,24840,7003,65plus,less75k,33211.11903506011,2,700,101.029416,700.0,3005.0,360010007003005.0,POINT (-73.75924832160946 42.66350579832995),0,0.4375,-0.3333333333333333,0.5
26448,24846,7003,65plus,less75k,29854.67777050543,1,700,110.040484,700.0,3005.0,360010007003005.0,POINT (-73.76031111514334 42.66430224464856),0,-0.25,-0.6666666666666666,0.0
26449,24855,7003,65plus,75to100k,82222.64418698015,4,700,124.0863595,700.0,3005.0,360010007003005.0,POINT (-73.76131092492146 42.66473753628203),0,-0.625,-0.5,0.5
26450,24859,7003,65plus,100to150k,123235.72078694661,4,700,124.0863595,700.0,3005.0,360010007003005.0,POINT (-73.76139976542477 42.66483568141769),0,0.375,-0.16666666666666666,-0.5
26451,24862,7003,65plus,150kplus,270371.21437708643,4,700,124.0863595,700.0,3005.0,360010007003005.0,POINT (-73.75968984923934 42.66372655507268),0,0.125,0.5,0.0
26452,24866,7003,25to44,150kplus,275466.3945925964,4,700,124.0863595,700.0,3005.0,360010007003005.0,POINT (-73.75978534065824 42.66319396080206),1,0.25,0.0,0.0
26453,24870,7003,45to54,100to150k,147585.4577329653,4,700,124.0863595,700.0,3005.0,360010007003005.0,POINT (-73.75977078604352 42.66327044788721),1,0.6875,-0.6666666666666666,0.0
26454,24874,7003,55to64,75to100k,87421.40937234374,4,700,124.0863595,700.0,3005.0,360010007003005.0,POINT (-73.76009150228884 42.66364990539243),1,-0.5625,0.3333333333333333,0.0
26455,24877,7003,65plus,less75k,45288.797398705734,3,700,105.21587450000001,700.0,3005.0,360010007003005.0,POINT (-73.76149040930405 42.66489146640778),1,0.0625,-0.16666666666666666,0.25
26456,24887,7003,45to54,less75k,55399.767691796165,2,700,101.029416,700.0,3005.0,360010007003005.0,POINT (-73.76092911253417 42.6645553864974),1,0.375,0.0,0.0
26457,24891,7003,45to54,75to100k,89723.00707148283,4,700,124.0863595,700.0,3005.0,360010007003005.0,POINT (-73.75973905627967 42.66363053244444),1,0.1875,-0.16666666666666666,0.5
26458,24908,7003,65plus,less75k,49806.99233117597,1,700,110.040484,700.0,3005.0,360010007003005.0,POINT (-73.76109284946912 42.66497649826671),1,0.3125,-0.16666666666666666,0.5
26459,24913,7003,65plus,100to150k,116687.4451552024,4,700,124.0863595,700.0,3005.0,360010007003005.0,POINT (-73.75947485006402 42.66337507153514),1,0.125,0.5,0.5
26460,24921,7003,45to54,less75k,31973.590194425247,3,700,105.21587450000001,700.0,3005.0,360010007003005.0,POINT (-73.75910710714278 42.66393259877029),1,0.4375,-0.16666666666666666,1.0
26461,24935,7003,55to64,75to100k,86217.64673880622,4,700,124.0863595,700.0,3005.0,360010007003005.0,POINT (-73.75981942848625 42.66338430824764),1,-0.4375,-0.3333333333333333,0.0
26462,24936,7003,55to64,100to150k,126602.55066243348,4,700,124.0863595,700.0,3005.0,360010007003005.0,POINT (-73.7612289154639 42.66483791118745),1,0.6875,-0.3333333333333333,0.0
26463,24944,7003,65plus,75to100k,81078.40109551816,4,700,124.0863595,700.0,3005.0,360010007003005.0,POINT (-73.76055992444222 42.66456435614207),1,0.25,-0.5,0.75
28557,70174,7001,55to64,less75k,49774.22022808887,3,700,105.21587450000001,700.0,1002.0,360010007001002.0,POINT (-73.77080102519402 42.67501768868981),0,-0.625,0.0,0.75
28558,70178,7001,55to64,less75k,59648.63430201122,2,700,101.029416,700.0,1002.0,360010007001002.0,POINT (-73.76707861610146 42.67415930800747),0,-0.0625,0.16666666666666666,0.0
28559,70184,7001,55to64,100to150k,145797.7695317285,4,700,124.0863595,700.0,1002.0,360010007001002.0,POINT (-73.77087956029914 42.67515843117454),0,0.375,-0.16666666666666666,0.5
28560,70195,7001,65plus,100to150k,125511.06769088599,4,700,124.0863595,700.0,1002.0,360010007001002.0,POINT (-73.77151185799926 42.67548984836234),0,-0.375,-0.16666666666666666,1.0
32444,70194,7001,65plus,75to100k,86119.93895395973,4,700,124.0863595,700.0,1022.0,360010007001022.0,POINT (-73.76811226186247 42.67254765018262),0,0.0625,-0.16666666666666666,0.0
35207,70225,7001,65plus,150kplus,221060.537107852,4,700,124.0863595,700.0,1004.0,360010007001004.0,POINT (-73.77863427980934 42.67812595612457),0,0.0,0.16666666666666666,0.75
35208,70227,7001,45to54,less75k,67883.70809791429,3,700,105.21587450000001,700.0,1004.0,360010007001004.0,POINT (-73.77705791126198 42.67755884204735),1,0.0,0.0,1.0
35806,70198,7001,45to54,less75k,51382.2191523282,1,700,110.040484,700.0,1007.0,360010007001007.0,POINT (-73.7762529466916 42.67878621005922),0,0.625,0.0,0.5
35807,70213,7001,55to64,less75k,49620.665976370925,1,700,110.040484,700.0,1007.0,360010007001007.0,POINT (-73.77754472583798 42.67999788266135),0,0.0625,-0.16666666666666666,0.0
35808,70220,7001,65plus,less75k,31687.765092772963,2,700,101.029416,700.0,1007.0,360010007001007.0,POINT (-73.77562097462464 42.67805895205458),0,0.4375,-0.16666666666666666,0.75
40025,70186,7001,55to64,150kplus,289876.6350998188,4,700,124.0863595,700.0,1001.0,360010007001001.0,POINT (-73.77082147123944 42.67264984646659),0,0.3125,-0.3333333333333333,0.75
40026,70237,7001,55to64,150kplus,285513.4871641305,4,700,124.0863595,700.0,1001.0,360010007001001.0,POINT (-73.7719291794408 42.67269252408684),1,0.1875,0.0,0.5
40751,70177,7001,55to64,less75k,64653.623424450765,2,700,101.029416,700.0,1008.0,360010007001008.0,POINT (-73.77064657955292 42.67651066346053),0,0.5,-0.16666666666666666,0.25
40752,70189,7001,65plus,less75k,64526.7278231929,3,700,105.21587450000001,700.0,1008.0,360010007001008.0,POINT (-73.77297760031379 42.67711883750126),0,0.3125,-1.0,0.5
40753,70191,7001,65plus,less75k,25830.987208955194,1,700,110.040484,700.0,1008.0,360010007001008.0,POINT (-73.77267647777454 42.67561696601085),0,0.0625,-0.6666666666666666,0.0
40754,70193,7001,65plus,75to100k,89744.6745913603,4,700,124.0863595,700.0,1008.0,360010007001008.0,POINT (-73.77016016364816 42.67638196126517),0,0.3125,-0.3333333333333333,0.5
40755,70206,7001,45to54,100to150k,139054.66553106988,4,700,124.0863595,700.0,1008.0,360010007001008.0,POINT (-73.77132328023842 42.67682774928056),0,0.4375,-0.3333333333333333,0.25
40756,70224,7001,65plus,100to150k,124278.20158282893,4,700,124.0863595,700.0,1008.0,360010007001008.0,POINT (-73.77088076523604 42.67584729097457),0,0.1875,-0.3333333333333333,0.5
40757,70233,7001,55to64,less75k,72302.79947202053,2,700,101.029416,700.0,1008.0,360010007001008.0,POINT (-73.77264931691312 42.67684528562206),1,0.4375,-0.16666666666666666,0.5
40758,70240,7001,65plus,75to100k,87876.36494943603,4,700,124.0863595,700.0,1008.0,360010007001008.0,POINT (-73.7700972102832 42.67575959082662),1,0.375,-0.16666666666666666,-0.5
40759,70242,7001,65plus,150kplus,220231.9721863692,4,700,124.0863595,700.0,1008.0,360010007001008.0,POINT (-73.77107732468698 42.67645089530088),1,0.1875,0.0,0.5
40998,70161,7001,45to54,less75k,36902.98174277632,3,700,105.21587450000001,700.0,1005.0,360010007001005.0,POINT (-73.77998608299424 42.6789987966428),0,0.625,-0.3333333333333333,1.0
40999,70167,7001,45to54,75to100k,98735.80593672163,4,700,124.0863595,700.0,1017.0,360010007001017.0,POINT (-73.77991991797458 42.6787015538472),0,-0.3125,-0.5,0.25
43535,70018,7002,25to44,less75k,70114.81651673114,3,700,105.21587450000001,700.0,2000.0,360010007002000.0,POINT (-73.76742286274212 42.66790770444928),0,-0.0625,-0.5,0.25
43536,70020,7002,25to44,less75k,22982.604285022368,2,700,101.029416,700.0,2000.0,360010007002000.0,POINT (-73.76766526403314 42.66866819970133),0,0.0,-0.5,0.0
43537,70024,7002,25to44,100to150k,110890.1942177624,4,700,124.0863595,700.0,2000.0,360010007002000.0,POINT (-73.76871988976765 42.66857989668188),0,-0.6875,0.0,1.0
43538,70055,7002,65plus,75to100k,92408.25511413784,4,700,124.0863595,700.0,2000.0,360010007002000.0,POINT (-73.76834461644337 42.66859094693124),0,0.25,-0.6666666666666666,0.25
43539,70057,7002,65plus,100to150k,126002.15809948859,4,700,124.0863595,700.0,2000.0,360010007002000.0,POINT (-73.76758973110289 42.6684685588513),0,0.125,-0.5,0.5
43540,70060,7002,25to44,less75k,40142.631235919456,1,700,110.040484,700.0,2000.0,360010007002000.0,POINT (-73.76712801709712 42.66756594569264),0,0.625,-0.16666666666666666,0.75
43541,70063,7002,25to44,100to150k,126123.63408809918,4,700,124.0863595,700.0,2000.0,360010007002000.0,POINT (-73.7668288212184 42.66757204733322),0,0.375,-0.5,0.25
43542,70070,7002,45to54,less75k,22457.973183472783,1,700,110.040484,700.0,2000.0,360010007002000.0,POINT (-73.76825521325918 42.66864404339796),0,0.6875,0.0,0.0
43543,70078,7002,45to54,150kplus,254169.9402914893,4,700,124.0863595,700.0,2000.0,360010007002000.0,POINT (-73.76677640683704 42.6679460202996),0,-0.8125,-0.16666666666666666,0.5
43544,70080,7002,55to64,less75k,33914.505016649215,3,700,105.21587450000001,700.0,2000.0,360010007002000.0,POINT (-73.76810513367177 42.66805350589109),0,0.1875,-0.5,0.25
43545,70089,7002,65plus,75to100k,90477.56060165488,4,700,124.0863595,700.0,2000.0,360010007002000.0,POINT (-73.76770329318957 42.66860385285776),0,0.25,-0.6666666666666666,0.0
43546,70090,7002,65plus,100to150k,130694.82629665105,4,700,124.0863595,700.0,2000.0,360010007002000.0,POINT (-73.76713805519493 42.66775865807144),0,-0.3125,-0.16666666666666666,-0.25
43547,70091,7002,65plus,150kplus,293698.13476378657,4,700,124.0863595,700.0,2000.0,360010007002000.0,POINT (-73.76658525403312 42.66799882861852),0,0.375,-0.8333333333333334,0.5
43548,70092,7002,25to44,less75k,30180.859751970558,1,700,110.040484,700.0,2000.0,360010007002000.0,POINT (-73.76807677653072 42.66887588285272),1,0.5625,-0.5,0.75
43549,70096,7002,45to54,less75k,66985.36264459061,1,700,110.040484,700.0,2000.0,360010007002000.0,POINT (-73.76692462984066 42.66840192383895),1,0.0,-0.3333333333333333,0.0
43550,70104,7002,55to64,100to150k,132033.25229284575,4,700,124.0863595,700.0,2000.0,360010007002000.0,POINT (-73.76683742185575 42.6679928594083),1,0.0625,0.0,0.0
43551,70106,7002,65plus,less75k,70370.21180482255,1,700,110.040484,700.0,2000.0,360010007002000.0,POINT (-73.76851876351252 42.66831587758189),1,0.375,-0.5,0.5
43552,70112,7002,25to44,less75k,67374.63066244657,1,700,110.040484,700.0,2000.0,360010007002000.0,POINT (-73.76809209202813 42.66820548584732),1,0.6875,-0.16666666666666666,0.0
43553,70120,7002,45to54,less75k,36022.65845183802,2,700,101.029416,700.0,2000.0,360010007002000.0,POINT (-73.7665763168748 42.66818525439212),1,0.375,-0.3333333333333333,0.0
43554,70127,7002,55to64,75to100k,97303.99407891039,4,700,124.0863595,700.0,2000.0,360010007002000.0,POINT (-73.76742001581617 42.66764302601058),1,-0.125,-0.3333333333333333,0.0
43555,70132,7002,65plus,less75k,26945.68571162612,2,700,101.029416,700.0,2000.0,360010007002000.0,POINT (-73.76849647881318 42.66827295255956),1,0.3125,-1.0,0.25
43556,70134,7002,65plus,100to150k,144100.21894164072,4,700,124.0863595,700.0,2000.0,360010007002000.0,POINT (-73.76765916817966 42.66801052549584),1,0.3125,-0.16666666666666666,0.5
43557,70141,7002,45to54,less75k,66065.65350058622,2,700,101.029416,700.0,2000.0,360010007002000.0,POINT (-73.76811589898774 42.66891480978984),1,0.5,-0.8333333333333334,0.75
43558,70144,7002,45to54,less75k,61276.18742635327,1,700,110.040484,700.0,2000.0,360010007002000.0,POINT (-73.76770117581989 42.66880633765881),1,0.0625,-0.6666666666666666,0.5
43559,70152,7002,55to64,150kplus,175385.10965712473,4,700,124.0863595,700.0,2000.0,360010007002000.0,POINT (-73.76784045013625 42.66854903061595),1,0.25,-0.16666666666666666,0.75
43560,70026,7002,45to54,less75k,31109.04166723095,1,700,110.040484,700.0,2004.0,360010007002004.0,POINT (-73.76453312424877 42.66648038343751),0,0.375,-0.5,0.5
43561,70028,7002,45to54,less75k,30410.21159781681,2,700,101.029416,700.0,2004.0,360010007002004.0,POINT (-73.76576629131203 42.66732018215878),0,0.125,-0.3333333333333333,0.75
43562,70029,7002,45to54,less75k,25230.369237547064,2,700,101.029416,700.0,2004.0,360010007002004.0,POINT (-73.7641004192391 42.66654116675345),0,0.0625,0.0,0.0
43563,70035,7002,45to54,less75k,64828.76427430863,1,700,110.040484,700.0,2004.0,360010007002004.0,POINT (-73.76502854666207 42.66652722641303),0,0.75,-0.5,0.25
43564,70036,7002,45to54,less75k,49279.601740465856,2,700,101.029416,700.0,2004.0,360010007002004.0,POINT (-73.76604909947645 42.66789077127),0,0.3125,0.0,0.75
43565,70039,7002,45to54,75to100k,88963.61218493411,4,700,124.0863595,700.0,2004.0,360010007002004.0,POINT (-73.76574644833777 42.6670242422111),0,0.75,-0.6666666666666666,0.0
43566,70041,7002,45to54,100to150k,148148.78191303232,4,700,124.0863595,700.0,2004.0,360010007002004.0,POINT (-73.76615987191988 42.66715446338913),0,0.25,0.16666666666666666,0.5
43567,70042,7002,45to54,100to150k,131723.31756078434,4,700,124.0863595,700.0,2004.0,360010007002004.0,POINT (-73.76613214296061 42.66729613536732),0,0.625,-0.16666666666666666,0.0
43568,70046,7002,55to64,75to100k,84723.98197254767,4,700,124.0863595,700.0,2004.0,360010007002004.0,POINT (-73.76564125119064 42.66700530276405),0,-0.125,-1.0,0.0
43569,70049,7002,65plus,less75k,63672.96126813624,1,700,110.040484,700.0,2004.0,360010007002004.0,POINT (-73.76476646792865 42.6667680688869),0,0.125,-0.5,0.25
43570,70065,7002,45to54,less75k,51682.23848867394,2,700,101.029416,700.0,2004.0,360010007002004.0,POINT (-73.76437646903524 42.66678851483915),0,0.3125,-0.5,-0.25
43571,70068,7002,45to54,less75k,71952.240781727,2,700,101.029416,700.0,2004.0,360010007002004.0,POINT (-73.76447115124614 42.66601315371759),0,0.625,-0.16666666666666666,0.0
43572,70071,7002,45to54,less75k,63620.301241351175,1,700,110.040484,700.0,2004.0,360010007002004.0,POINT (-73.76467805583712 42.66652886025212),0,0.3125,0.0,1.0
43573,70074,7002,45to54,75to100k,83869.93022871132,4,700,124.0863595,700.0,2004.0,360010007002004.0,POINT (-73.76605658177787 42.66788966773095),0,0.375,-1.0,0.25
43574,70076,7002,45to54,100to150k,102982.79403755863,4,700,124.0863595,700.0,2004.0,360010007002004.0,POINT (-73.76587485304634 42.66743547706308),0,-0.0625,-0.6666666666666666,0.0
43575,70081,7002,55to64,75to100k,75039.69309007014,4,700,124.0863595,700.0,2004.0,360010007002004.0,POINT (-73.76487467454557 42.66678230442721),0,-0.25,-0.5,0.5
43576,70082,7002,55to64,100to150k,110194.95992664727,4,700,124.0863595,700.0,2004.0,360010007002004.0,POINT (-73.76566636947639 42.66771793847983),0,0.5,-0.3333333333333333,0.5
43577,70098,7002,45to54,less75k,26069.14945125081,1,700,110.040484,700.0,2004.0,360010007002004.0,POINT (-73.7640733257835 42.66644674806173),1,0.375,0.0,0.5
43578,70115,7002,25to44,150kplus,240300.20881215468,4,700,124.0863595,700.0,2004.0,360010007002004.0,POINT (-73.76445323862698 42.66598141886644),1,0.375,-0.16666666666666666,0.5
43579,70116,7002,45to54,less75k,24223.75562668119,2,700,101.029416,700.0,2004.0,360010007002004.0,POINT (-73.76579127350271 42.66723086143663),1,0.375,-0.3333333333333333,0.0
43580,70118,7002,45to54,less75k,64540.423590006394,3,700,105.21587450000001,700.0,2004.0,360010007002004.0,POINT (-73.76470355018216 42.66649371823775),1,0.9375,0.0,0.75
43581,70125,7002,45to54,150kplus,187191.1900123901,4,700,124.0863595,700.0,2004.0,360010007002004.0,POINT (-73.76605216519671 42.66787383587572),1,0.625,-0.16666666666666666,0.0
43582,70136,7002,25to44,less75k,45445.15018334009,1,700,110.040484,700.0,2004.0,360010007002004.0,POINT (-73.76408027829343 42.66667500176111),1,0.375,-0.5,0.0
43583,70137,7002,25to44,less75k,43144.858222957286,2,700,101.029416,700.0,2004.0,360010007002004.0,POINT (-73.76600471924283 42.66765043122039),1,0.9375,-0.3333333333333333,-0.75
43584,70138,7002,25to44,75to100k,99666.5053544083,4,700,124.0863595,700.0,2004.0,360010007002004.0,POINT (-73.76681393010909 42.66743523201925),1,0.25,-0.16666666666666666,0.0
43585,70142,7002,45to54,less75k,40177.84557094721,1,700,110.040484,700.0,2004.0,360010007002004.0,POINT (-73.76464949591576 42.66649326969637),1,0.75,-0.3333333333333333,0.5
43586,70143,7002,45to54,less75k,73845.30095745761,1,700,110.040484,700.0,2004.0,360010007002004.0,POINT (-73.76483775541885 42.6669740454947),1,0.3125,0.5,1.0
43587,70145,7002,45to54,75to100k,89695.92087243008,4,700,124.0863595,700.0,2004.0,360010007002004.0,POINT (-73.76574519953246 42.66738206831314),1,-0.625,0.0,0.5
43588,70147,7002,45to54,100to150k,135926.84035135285,4,700,124.0863595,700.0,2004.0,360010007002004.0,POINT (-73.76456543442569 42.66652993731648),1,0.375,-0.6666666666666666,0.25
43589,70148,7002,45to54,150kplus,219257.46835763232,4,700,124.0863595,700.0,2004.0,360010007002004.0,POINT (-73.764482134638 42.66628312131119),1,0.5,-0.3333333333333333,0.5
43590,70202,7001,45to54,less75k,62623.02416332713,3,700,105.21587450000001,700.0,1011.0,360010007001011.0,POINT (-73.77168878428586 42.67156792331324),0,0.0625,-0.5,0.75
43591,70226,7001,45to54,less75k,42807.59967833036,2,700,101.029416,700.0,1023.0,360010007001023.0,POINT (-73.75705430734386 42.66892335457763),1,0.25,0.0,0.0
43592,70229,7001,45to54,75to100k,98980.8732299432,4,700,124.0863595,700.0,1023.0,360010007001023.0,POINT (-73.75801882401298 42.66858303488058),1,0.4375,0.16666666666666666,0.5
43593,70241,7001,65plus,100to150k,101332.67976653477,4,700,124.0863595,700.0,1023.0,360010007001023.0,POINT (-73.75709529117805 42.6685604958962),1,0.125,-0.16666666666666666,0.5
43594,70021,7002,25to44,less75k,74473.29986118656,3,700,105.21587450000001,700.0,2003.0,360010007002003.0,POINT (-73.76891995131231 42.6658749629169),0,0.0625,-0.16666666666666666,1.0
43595,70025,7002,25to44,150kplus,210203.0005296485,4,700,124.0863595,700.0,2003.0,360010007002003.0,POINT (-73.77026050733517 42.66712031687617),0,0.125,0.16666666666666666,0.0
43596,70032,7002,45to54,less75k,58316.85934696667,1,700,110.040484,700.0,2003.0,360010007002003.0,POINT (-73.77074382253041 42.66665007178172),0,0.25,0.0,0.25
43597,70033,7002,45to54,less75k,28252.766453953373,1,700,110.040484,700.0,2003.0,360010007002003.0,POINT (-73.77068948557783 42.66640874664026),0,0.3125,-0.8333333333333334,-0.25
43598,70040,7002,45to54,75to100k,84362.80815666007,4,700,124.0863595,700.0,2003.0,360010007002003.0,POINT (-73.77037594421836 42.66679742860824),0,0.75,0.0,0.0
43599,70045,7002,55to64,less75k,70705.32993005066,1,700,110.040484,700.0,2003.0,360010007002003.0,POINT (-73.77070940410384 42.66659517580464),0,-0.125,-0.16666666666666666,0.75
43600,70052,7002,65plus,less75k,24040.393531305268,3,700,105.21587450000001,700.0,2003.0,360010007002003.0,POINT (-73.76976660637079 42.66610793796461),0,-0.25,-0.3333333333333333,0.0
43601,70056,7002,65plus,75to100k,81977.91411557737,4,700,124.0863595,700.0,2003.0,360010007002003.0,POINT (-73.76899174368407 42.66561809154393),0,-0.5,-0.3333333333333333,0.0
43602,70066,7002,45to54,less75k,54906.04612623846,3,700,105.21587450000001,700.0,2003.0,360010007002003.0,POINT (-73.770311764805 42.66691314631773),0,0.0,0.0,0.5
43603,70073,7002,45to54,75to100k,88858.74281864644,4,700,124.0863595,700.0,2003.0,360010007002003.0,POINT (-73.76942574838742 42.66588650771242),0,0.4375,-0.3333333333333333,0.0
43604,70101,7002,45to54,150kplus,225567.84547388536,4,700,124.0863595,700.0,2003.0,360010007002003.0,POINT (-73.7702718229385 42.66623195225608),1,0.5,-0.16666666666666666,0.0
43605,70102,7002,55to64,less75k,57794.54213664616,2,700,101.029416,700.0,2003.0,360010007002003.0,POINT (-73.76991857052496 42.66626559156366),1,-0.1875,-0.16666666666666666,0.0
43606,70108,7002,65plus,75to100k,79128.32388691747,4,700,124.0863595,700.0,2003.0,360010007002003.0,POINT (-73.76921246736059 42.66639842037783),1,0.875,-0.6666666666666666,0.5
43607,70109,7002,65plus,100to150k,128957.56455611008,4,700,124.0863595,700.0,2003.0,360010007002003.0,POINT (-73.76919995543811 42.66582099352393),1,0.0625,-0.16666666666666666,0.5
43608,70111,7002,25to44,less75k,25776.8746540454,1,700,110.040484,700.0,2003.0,360010007002003.0,POINT (-73.76907330753104 42.66637009879182),1,0.75,-0.3333333333333333,0.5
43609,70113,7002,25to44,75to100k,99795.94130134146,4,700,124.0863595,700.0,2003.0,360010007002003.0,POINT (-73.76989219842184 42.665989184673),1,0.5625,-0.16666666666666666,0.5
43610,70119,7002,45to54,less75k,31175.011572011696,1,700,110.040484,700.0,2003.0,360010007002003.0,POINT (-73.76978268197533 42.66645361922311),1,0.5,-0.3333333333333333,0.5
43611,70121,7002,45to54,less75k,72129.08379195862,3,700,105.21587450000001,700.0,2003.0,360010007002003.0,POINT (-73.77036905843723 42.66675629194361),1,0.4375,-0.3333333333333333,1.0
43612,70122,7002,45to54,75to100k,93664.11170483881,4,700,124.0863595,700.0,2003.0,360010007002003.0,POINT (-73.77034761364945 42.6670914179035),1,0.125,-0.16666666666666666,0.5
43613,70126,7002,55to64,less75k,50449.027895353465,3,700,105.21587450000001,700.0,2003.0,360010007002003.0,POINT (-73.76969367461005 42.66652605523142),1,0.4375,-0.3333333333333333,0.75
43614,70129,7002,55to64,150kplus,163994.62630026255,4,700,124.0863595,700.0,2003.0,360010007002003.0,POINT (-73.76854463159873 42.66607121415542),1,0.1875,-0.16666666666666666,0.75
43615,70130,7002,65plus,less75k,67741.94921423028,2,700,101.029416,700.0,2003.0,360010007002003.0,POINT (-73.76918109165771 42.66635132538852),1,0.3125,-1.0,0.0
43616,70139,7002,25to44,100to150k,118668.87509851533,4,700,124.0863595,700.0,2003.0,360010007002003.0,POINT (-73.77007812755124 42.66653041924224),1,0.625,-0.3333333333333333,0.5
43617,70157,7002,65plus,150kplus,242253.11935581503,4,700,124.0863595,700.0,2003.0,360010007002003.0,POINT (-73.76954394578712 42.66663649523761),1,0.1875,0.0,0.5
43618,70019,7002,25to44,less75k,55104.15171385362,2,700,101.029416,700.0,2001.0,360010007002001.0,POINT (-73.76714069406454 42.66734401299945),0,0.0625,-0.16666666666666666,1.0
43619,70043,7002,45to54,150kplus,173718.97393105854,4,700,124.0863595,700.0,2001.0,360010007002001.0,POINT (-73.76904771534754 42.66767642841197),0,-0.4375,-0.16666666666666666,0.75
43620,70044,7002,55to64,less75k,24906.038196019636,1,700,110.040484,700.0,2001.0,360010007002001.0,POINT (-73.7689418097472 42.66830114671571),0,0.5625,-0.3333333333333333,0.0
43621,70048,7002,55to64,150kplus,244574.5655465563,4,700,124.0863595,700.0,2001.0,360010007002001.0,POINT (-73.76879882487555 42.66818674496795),0,0.3125,-0.5,0.0
43622,70050,7002,65plus,less75k,64049.330126485125,3,700,105.21587450000001,700.0,2001.0,360010007002001.0,POINT (-73.76894303583578 42.66792454305612),0,-0.3125,-0.3333333333333333,1.0
43623,70051,7002,65plus,less75k,53609.76893824628,3,700,105.21587450000001,700.0,2001.0,360010007002001.0,POINT (-73.76958440071635 42.66778537209017),0,0.3125,-0.16666666666666666,0.25
43624,70054,7002,65plus,less75k,21702.03293571996,1,700,110.040484,700.0,2001.0,360010007002001.0,POINT (-73.76736607029893 42.66742356234875),0,0.125,-1.0,0.25
43625,70061,7002,25to44,less75k,51949.21993241334,2,700,101.029416,700.0,2001.0,360010007002001.0,POINT (-73.76840460725782 42.66755919420146),0,-0.0625,-0.16666666666666666,0.0
43626,70062,7002,25to44,75to100k,83072.50581677919,4,700,124.0863595,700.0,2001.0,360010007002001.0,POINT (-73.76799826908658 42.66724758575936),0,1.0,-0.3333333333333333,1.0
43627,70079,7002,55to64,less75k,33496.74154354769,3,700,105.21587450000001,700.0,2001.0,360010007002001.0,POINT (-73.76754004730282 42.66730332466062),0,-0.0625,0.0,0.5
43628,70083,7002,55to64,150kplus,154465.43846270142,4,700,124.0863595,700.0,2001.0,360010007002001.0,POINT (-73.76937194159599 42.66813180360122),0,0.5,-0.5,0.0
43629,70084,7002,65plus,less75k,47922.03405352642,3,700,105.21587450000001,700.0,2001.0,360010007002001.0,POINT (-73.76831540318051 42.66776175425728),0,-0.3125,-0.3333333333333333,0.5
43630,70093,7002,25to44,75to100k,91403.20752481086,4,700,124.0863595,700.0,2001.0,360010007002001.0,POINT (-73.76751079267356 42.66711127157932),1,0.5,-0.5,0.25
43631,70095,7002,25to44,150kplus,220599.23284070622,4,700,124.0863595,700.0,2001.0,360010007002001.0,POINT (-73.76831657093003 42.66739480507074),1,0.0625,0.16666666666666666,0.75
43632,70100,7002,45to54,100to150k,111622.42315377294,4,700,124.0863595,700.0,2001.0,360010007002001.0,POINT (-73.76937517778217 42.66807040964827),1,0.25,-0.16666666666666666,0.5
43633,70105,7002,55to64,150kplus,188451.25996757325,4,700,124.0863595,700.0,2001.0,360010007002001.0,POINT (-73.76853045588761 42.6673932925758),1,0.125,-0.3333333333333333,0.5
43634,70110,7002,65plus,150kplus,158462.70947333483,4,700,124.0863595,700.0,2001.0,360010007002001.0,POINT (-73.76833877978832 42.66798471183878),1,0.1875,0.16666666666666666,0.75
43635,70114,7002,25to44,100to150k,111216.22056324863,4,700,124.0863595,700.0,2001.0,360010007002001.0,POINT (-73.76861385632523 42.66812307728938),1,0.0,-0.3333333333333333,0.75
43636,70117,7002,45to54,less75k,22743.573066785455,2,700,101.029416,700.0,2001.0,360010007002001.0,POINT (-73.76939240234923 42.66788930191221),1,1.0,0.5,0.0
43637,70128,7002,55to64,100to150k,118422.07803832345,4,700,124.0863595,700.0,2001.0,360010007002001.0,POINT (-73.76763779495926 42.6675916097653),1,0.1875,-0.3333333333333333,0.25
44102,70158,7001,45to54,less75k,32440.74885305683,1,700,110.040484,700.0,1006.0,360010007001006.0,POINT (-73.77501440282521 42.67666925830085),0,0.25,0.0,0.5
44103,70179,7001,55to64,less75k,31392.38526508238,1,700,110.040484,700.0,1006.0,360010007001006.0,POINT (-73.7751611804178 42.67732459286681),0,0.25,0.0,0.25
44104,70209,7001,55to64,less75k,55404.99150251202,3,700,105.21587450000001,700.0,1006.0,360010007001006.0,POINT (-73.77668267818224 42.67812004058573),0,0.5625,-0.16666666666666666,0.25
52365,70164,7001,45to54,less75k,44364.046756237185,3,700,105.21587450000001,700.0,1000.0,360010007001000.0,POINT (-73.76375773592835 42.67040662185258),0,0.0,-0.3333333333333333,0.75
52366,70168,7001,45to54,75to100k,99503.32771697824,4,700,124.0863595,700.0,1000.0,360010007001000.0,POINT (-73.76443949902037 42.67270733472756),0,0.4375,-0.8333333333333334,0.75
52367,70176,7001,55to64,less75k,60577.882547025205,3,700,105.21587450000001,700.0,1000.0,360010007001000.0,POINT (-73.75665243194911 42.67104745041971),0,0.125,-0.16666666666666666,0.0
52368,70180,7001,55to64,less75k,20212.01092994812,3,700,105.21587450000001,700.0,1000.0,360010007001000.0,POINT (-73.7576510220116 42.67119799672219),0,-0.0625,-0.3333333333333333,0.0
52369,70181,7001,55to64,75to100k,75385.15486033098,4,700,124.0863595,700.0,1000.0,360010007001000.0,POINT (-73.75893569012008 42.67035341932635),0,-0.8125,-0.5,0.5
52370,70190,7001,65plus,less75k,68513.24906191044,1,700,110.040484,700.0,1000.0,360010007001000.0,POINT (-73.75721031349821 42.67001541731047),0,-0.125,-0.3333333333333333,0.0
52371,70200,7001,45to54,less75k,69826.49784286806,3,700,105.21587450000001,700.0,1000.0,360010007001000.0,POINT (-73.77187707858623 42.67234449918385),0,0.375,-0.5,0.75
52372,70207,7001,45to54,150kplus,273473.5210447257,4,700,124.0863595,700.0,1000.0,360010007001000.0,POINT (-73.76456434391474 42.67180384988443),0,0.375,0.0,0.25
52373,70210,7001,55to64,less75k,74703.83984805603,1,700,110.040484,700.0,1000.0,360010007001000.0,POINT (-73.75661119991305 42.6699473596905),0,-0.125,-0.3333333333333333,0.5
52374,70212,7001,55to64,less75k,35781.55124038477,1,700,110.040484,700.0,1000.0,360010007001000.0,POINT (-73.76523287772126 42.67238853293573),0,0.625,-1.0,0.75
52375,70214,7001,55to64,75to100k,99650.03753445996,4,700,124.0863595,700.0,1000.0,360010007001000.0,POINT (-73.75506197067772 42.67044756793642),0,0.375,-0.16666666666666666,0.5
52376,70215,7001,55to64,75to100k,93131.2903368684,4,700,124.0863595,700.0,1000.0,360010007001000.0,POINT (-73.76319194271288 42.67096009943426),0,0.0,-0.5,0.25
52377,70217,7001,55to64,150kplus,222189.6269561405,4,700,124.0863595,700.0,1000.0,360010007001000.0,POINT (-73.76393154796729 42.67130470362086),0,0.875,-0.5,0.0
52378,70238,7001,65plus,less75k,31723.26533475189,3,700,105.21587450000001,700.0,1000.0,360010007001000.0,POINT (-73.76007118191777 42.6701337508878),1,0.3125,-0.16666666666666666,0.25
52394,70022,7002,25to44,75to100k,90071.27374800543,4,700,124.0863595,700.0,2002.0,360010007002002.0,POINT (-73.76974221189738 42.66684402524388),0,0.25,-0.3333333333333333,0.75
52395,70034,7002,45to54,less75k,69532.77470212318,3,700,105.21587450000001,700.0,2002.0,360010007002002.0,POINT (-73.76835987555563 42.66679710786548),0,0.3125,0.0,0.5
52396,70047,7002,55to64,100to150k,125825.98494650787,4,700,124.0863595,700.0,2002.0,360010007002002.0,POINT (-73.76787107542437 42.66659764548849),0,0.125,0.0,-0.25
52397,70053,7002,65plus,less75k,46128.902531030304,3,700,105.21587450000001,700.0,2002.0,360010007002002.0,POINT (-73.76977617696669 42.66740672134394),0,0.5625,0.0,1.0
52398,70058,7002,65plus,150kplus,277770.0701566809,4,700,124.0863595,700.0,2002.0,360010007002002.0,POINT (-73.76892103223753 42.66713018185536),0,0.5,-0.16666666666666666,0.25
52399,70087,7002,65plus,less75k,69019.9632118108,2,700,101.029416,700.0,2002.0,360010007002002.0,POINT (-73.76849340796225 42.666868240018),0,0.5625,-0.5,0.0
52400,70094,7002,25to44,100to150k,116888.68509274267,4,700,124.0863595,700.0,2002.0,360010007002002.0,POINT (-73.76829351853596 42.66618919926348),1,0.875,-0.3333333333333333,0.25
52401,70097,7002,45to54,less75k,55141.6952864994,1,700,110.040484,700.0,2002.0,360010007002002.0,POINT (-73.76865087131014 42.6667220217286),1,0.0,0.8333333333333334,-0.25
52402,70123,7002,45to54,75to100k,89079.5614260162,4,700,124.0863595,700.0,2002.0,360010007002002.0,POINT (-73.76965481834976 42.66717938330896),1,0.3125,-0.3333333333333333,-0.25
52403,70133,7002,65plus,75to100k,84194.59013785038,4,700,124.0863595,700.0,2002.0,360010007002002.0,POINT (-73.7689333219933 42.66716065498419),1,0.375,0.0,0.75
52404,70146,7002,45to54,75to100k,90066.12917139387,4,700,124.0863595,700.0,2002.0,360010007002002.0,POINT (-73.76947174013574 42.66709758131417),1,-0.625,0.0,0.5
52405,70149,7002,55to64,less75k,67640.96141083096,2,700,101.029416,700.0,2002.0,360010007002002.0,POINT (-73.76924787398166 42.66740291982344),1,0.3125,-0.3333333333333333,0.25
52406,70154,7002,65plus,less75k,38537.160162513734,2,700,101.029416,700.0,2002.0,360010007002002.0,POINT (-73.7700353921462 42.6671481368592),1,0.0,-0.16666666666666666,0.0
54777,70173,7001,55to64,less75k,58678.123192415136,3,700,105.21587450000001,700.0,1014.0,360010007001014.0,POINT (-73.77354485144906 42.67379880353742),0,0.25,-0.3333333333333333,0.5
55240,70160,7001,45to54,less75k,41901.380666131554,2,700,101.029416,700.0,1009.0,360010007001009.0,POINT (-73.76935070717305 42.67118707372921),0,0.625,-0.6666666666666666,0.25
55241,70163,7001,45to54,less75k,23259.638274410736,2,700,101.029416,700.0,1009.0,360010007001009.0,POINT (-73.76514115328285 42.66972504979015),0,0.0625,-0.16666666666666666,0.25
55242,70165,7001,45to54,less75k,25085.415545386473,3,700,105.21587450000001,700.0,1009.0,360010007001009.0,POINT (-73.76386734016711 42.66738663457812),0,0.5625,-0.16666666666666666,0.5
55243,70171,7001,45to54,100to150k,102023.106663674,4,700,124.0863595,700.0,1009.0,360010007001009.0,POINT (-73.76076784830629 42.66861306223732),0,0.3125,0.16666666666666666,0.5
55244,70172,7001,45to54,150kplus,289043.26168985944,4,700,124.0863595,700.0,1009.0,360010007001009.0,POINT (-73.75928697458758 42.66926748758633),0,-0.8125,0.0,0.25
55245,70175,7001,55to64,less75k,69374.27914598,3,700,105.21587450000001,700.0,1009.0,360010007001009.0,POINT (-73.75972910532602 42.66830012561108),0,0.0,0.0,0.0
55246,70182,7001,55to64,75to100k,75434.34182462827,4,700,124.0863595,700.0,1009.0,360010007001009.0,POINT (-73.76436135471684 42.66864529156987),0,0.6875,0.0,0.5
55247,70185,7001,55to64,100to150k,130543.22258676744,4,700,124.0863595,700.0,1009.0,360010007001009.0,POINT (-73.76615281368181 42.66915956753034),0,-0.125,-0.6666666666666666,0.0
55248,70188,7001,65plus,less75k,74058.92942838532,1,700,110.040484,700.0,1009.0,360010007001009.0,POINT (-73.75920749445868 42.6691279517697),0,0.1875,0.0,0.5
55249,70192,7001,65plus,less75k,20903.274463002588,1,700,110.040484,700.0,1009.0,360010007001009.0,POINT (-73.76227863436098 42.66664958524942),0,0.0,-0.5,0.5
55250,70196,7001,65plus,150kplus,265397.9656909141,4,700,124.0863595,700.0,1009.0,360010007001009.0,POINT (-73.76265739472841 42.66932936931163),0,-0.125,0.3333333333333333,0.75
55251,70197,7001,45to54,less75k,23968.586492463837,1,700,110.040484,700.0,1009.0,360010007001009.0,POINT (-73.76274159273157 42.66707127847561),0,0.3125,-0.3333333333333333,0.5
55252,70211,7001,55to64,less75k,33695.60876973955,2,700,101.029416,700.0,1009.0,360010007001009.0,POINT (-73.75904937962112 42.66797737944495),0,0.4375,0.0,0.5
55253,70221,7001,65plus,less75k,42011.137906308795,3,700,105.21587450000001,700.0,1009.0,360010007001009.0,POINT (-73.76424832722232 42.66878364237783),0,-0.25,0.0,0.0
55254,70222,7001,65plus,75to100k,97312.0899433881,4,700,124.0863595,700.0,1009.0,360010007001009.0,POINT (-73.76373099431625 42.66974507994435),0,0.9375,-0.3333333333333333,0.75
55255,70230,7001,45to54,100to150k,136021.05373229162,4,700,124.0863595,700.0,1009.0,360010007001009.0,POINT (-73.76496919676001 42.67039045110069),1,0.4375,-0.16666666666666666,0.75
55256,70232,7001,55to64,less75k,37904.94272897524,1,700,110.040484,700.0,1009.0,360010007001009.0,POINT (-73.76555933688168 42.66986093746112),1,-0.1875,-0.16666666666666666,0.25
55257,70235,7001,55to64,75to100k,91215.37791252683,4,700,124.0863595,700.0,1009.0,360010007001009.0,POINT (-73.7623302692183 42.66602628142085),1,0.625,0.0,0.0
55258,70239,7001,65plus,less75k,20072.57874482185,2,700,101.029416,700.0,1009.0,360010007001009.0,POINT (-73.76413936678676 42.67016313474137),1,0.0625,-0.5,-0.5
69470,24952,7004,45to54,less75k,21698.141695732887,3,700,105.21587450000001,700.0,4005.0,360010007004005.0,POINT (-73.7615026837927 42.66164807038334),0,0.9375,-0.8333333333333334,0.0
69471,24955,7004,45to54,less75k,29432.62549879368,3,700,105.21587450000001,700.0,4005.0,360010007004005.0,POINT (-73.76364970130955 42.66243805067298),0,0.3125,-0.5,0.5
69472,24957,7004,45to54,less75k,52848.14393606387,3,700,105.21587450000001,700.0,4005.0,360010007004005.0,POINT (-73.76333154082624 42.66275533638493),0,-0.25,-0.3333333333333333,0.0
69473,24960,7004,45to54,75to100k,86798.69806750258,4,700,124.0863595,700.0,4005.0,360010007004005.0,POINT (-73.76380679972685 42.66263287089095),0,0.6875,-0.3333333333333333,0.5
69474,24973,7004,55to64,less75k,72496.41160031129,2,700,101.029416,700.0,4005.0,360010007004005.0,POINT (-73.76187814400551 42.66123457908964),0,0.5625,-0.16666666666666666,0.25
69475,24975,7004,55to64,75to100k,99970.04288768658,4,700,124.0863595,700.0,4005.0,360010007004005.0,POINT (-73.7631223787016 42.66278982576882),0,0.625,-0.16666666666666666,0.25
69476,24977,7004,55to64,150kplus,204423.86824272282,4,700,124.0863595,700.0,4005.0,360010007004005.0,POINT (-73.76160084044498 42.66137065839251),0,0.5,-0.3333333333333333,0.5
69477,24979,7004,65plus,less75k,60411.01748874157,1,700,110.040484,700.0,4005.0,360010007004005.0,POINT (-73.76188810389348 42.66165238778105),0,-0.5625,-0.6666666666666666,0.0
69478,24981,7004,65plus,less75k,50783.14897911208,1,700,110.040484,700.0,4005.0,360010007004005.0,POINT (-73.76285767910078 42.66198941071364),0,-0.3125,-0.3333333333333333,0.0
69479,24983,7004,65plus,less75k,45755.72849257526,1,700,110.040484,700.0,4005.0,360010007004005.0,POINT (-73.76327815662322 42.66250296486759),0,0.3125,0.0,0.25
69480,25003,7004,45to54,less75k,56023.78277255837,2,700,101.029416,700.0,4005.0,360010007004005.0,POINT (-73.76177157151595 42.66147343203689),1,0.375,0.5,0.5
69481,25014,7004,55to64,100to150k,144303.46088846074,4,700,124.0863595,700.0,4005.0,360010007004005.0,POINT (-73.76339153601401 42.66252759412664),1,0.5,-1.0,0.25
72535,24954,7004,45to54,less75k,42594.65292369167,2,700,101.029416,700.0,4001.0,360010007004001.0,POINT (-73.76629509614317 42.66424558705823),0,0.0625,-0.16666666666666666,0.5
72536,24959,7004,45to54,less75k,55487.171750878515,3,700,105.21587450000001,700.0,4001.0,360010007004001.0,POINT (-73.76775425337455 42.66492756710986),0,0.0625,-0.5,0.75
72537,24961,7004,45to54,75to100k,75443.62175846247,4,700,124.0863595,700.0,4001.0,360010007004001.0,POINT (-73.76623328229607 42.66470444730633),0,0.125,-0.3333333333333333,0.25
72538,24967,7004,45to54,100to150k,125647.1166998328,4,700,124.0863595,700.0,4001.0,360010007004001.0,POINT (-73.76707398620535 42.66485942278839),0,0.6875,0.0,0.5
72539,24984,7004,65plus,less75k,57275.04406378642,3,700,105.21587450000001,700.0,4001.0,360010007004001.0,POINT (-73.76828337973618 42.66557473648263),0,-0.0625,-0.16666666666666666,0.0
72540,24987,7004,65plus,less75k,31619.404829730407,2,700,101.029416,700.0,4001.0,360010007004001.0,POINT (-73.76877688615797 42.66557854660467),0,-0.125,-0.6666666666666666,0.0
72541,24989,7004,65plus,75to100k,96068.14615365297,4,700,124.0863595,700.0,4001.0,360010007004001.0,POINT (-73.76855525259643 42.6654195137224),0,0.75,0.8333333333333334,0.5
72542,24992,7004,65plus,75to100k,89070.78311979944,4,700,124.0863595,700.0,4001.0,360010007004001.0,POINT (-73.76594714521963 42.66450543665533),0,0.4375,-0.16666666666666666,0.5
72543,24996,7004,45to54,less75k,47749.62264673754,3,700,105.21587450000001,700.0,4001.0,360010007004001.0,POINT (-73.7667398655915 42.66460846937345),1,0.375,-0.6666666666666666,0.75
72544,24997,7004,45to54,less75k,23698.00603089217,2,700,101.029416,700.0,4001.0,360010007004001.0,POINT (-73.76642321294317 42.66432458161223),1,0.625,-0.3333333333333333,1.0
72545,25005,7004,45to54,75to100k,77817.37174562263,4,700,124.0863595,700.0,4001.0,360010007004001.0,POINT (-73.7672855683896 42.66499337356829),1,-0.5,-0.8333333333333334,0.0
72546,25011,7004,55to64,less75k,70575.56572647076,2,700,101.029416,700.0,4001.0,360010007004001.0,POINT (-73.76696627238887 42.66475414215741),1,0.3125,-0.6666666666666666,0.5
72547,25023,7004,65plus,75to100k,83645.08470209685,4,700,124.0863595,700.0,4001.0,360010007004001.0,POINT (-73.76772449077048 42.66510271836085),1,0.9375,-0.5,1.0
72548,24948,7004,45to54,less75k,25500.41717576537,2,700,101.029416,700.0,4000.0,360010007004000.0,POINT (-73.7675564692929 42.66619160950939),0,0.25,-0.16666666666666666,0.75
72549,24949,7004,45to54,less75k,57830.57988650918,3,700,105.21587450000001,700.0,4000.0,360010007004000.0,POINT (-73.76778699974612 42.66598272609708),0,-0.25,0.0,0.5
72550,24951,7004,45to54,less75k,38588.37634917107,2,700,101.029416,700.0,4000.0,360010007004000.0,POINT (-73.76740461683448 42.66579353376506),0,0.0625,-0.16666666666666666,0.25
72551,24963,7004,45to54,75to100k,79022.41122782137,4,700,124.0863595,700.0,4000.0,360010007004000.0,POINT (-73.76754811272343 42.66592652841364),0,0.0,-0.8333333333333334,-0.5
72552,24965,7004,45to54,100to150k,130794.05121243803,4,700,124.0863595,700.0,4000.0,360010007004000.0,POINT (-73.76620510592181 42.66480130810532),0,0.3125,0.0,0.5
72553,24971,7004,55to64,less75k,55378.1963740408,1,700,110.040484,700.0,4000.0,360010007004000.0,POINT (-73.76565268326537 42.66451949862043),0,0.4375,-0.3333333333333333,-0.5
72554,24976,7004,55to64,100to150k,145704.20500905512,4,700,124.0863595,700.0,4000.0,360010007004000.0,POINT (-73.76762536766167 42.66634198455043),0,0.25,-0.8333333333333334,0.5
72555,24991,7004,65plus,75to100k,99046.39874081266,4,700,124.0863595,700.0,4000.0,360010007004000.0,POINT (-73.76737060563146 42.66561255723484),0,0.8125,-0.16666666666666666,-0.25
72556,24993,7004,65plus,100to150k,129515.99157599355,4,700,124.0863595,700.0,4000.0,360010007004000.0,POINT (-73.76540059148705 42.66472228602129),0,-1.0,-0.3333333333333333,0.25
72557,24999,7004,45to54,less75k,61429.11038822881,1,700,110.040484,700.0,4000.0,360010007004000.0,POINT (-73.76756504753762 42.66574496682698),1,0.375,0.0,0.25
72558,25001,7004,45to54,less75k,67794.59031118678,1,700,110.040484,700.0,4000.0,360010007004000.0,POINT (-73.76605012108905 42.66567216736479),1,0.625,-0.5,0.75
72559,25007,7004,45to54,100to150k,149777.07030548013,4,700,124.0863595,700.0,4000.0,360010007004000.0,POINT (-73.76790098965927 42.66604020603977),1,0.375,0.0,0.25
72560,25015,7004,55to64,150kplus,173335.14392130752,4,700,124.0863595,700.0,4000.0,360010007004000.0,POINT (-73.76743052133025 42.66647456307147),1,0.3125,-0.5,0.25
72561,25017,7004,65plus,less75k,28365.26418733399,2,700,101.029416,700.0,4000.0,360010007004000.0,POINT (-73.7672686608686 42.66579780540417),1,0.0625,-0.6666666666666666,0.0
72562,25019,7004,65plus,less75k,40622.59661993975,2,700,101.029416,700.0,4000.0,360010007004000.0,POINT (-73.76680011755428 42.66571810679473),1,0.8125,-0.6666666666666666,0.25
72563,25020,7004,65plus,less75k,30474.601079856548,2,700,101.029416,700.0,4000.0,360010007004000.0,POINT (-73.76772744377521 42.66636168616839),1,0.5,-0.6666666666666666,0.5
72564,25024,7004,65plus,75to100k,91207.272553761,4,700,124.0863595,700.0,4000.0,360010007004000.0,POINT (-73.76719476532006 42.66552586363559),1,0.25,-0.16666666666666666,-0.5
72565,25025,7004,65plus,100to150k,133556.57828079574,4,700,124.0863595,700.0,4000.0,360010007004000.0,POINT (-73.76721480810149 42.66565940773467),1,0.5,-0.16666666666666666,0.5
72566,25026,7004,65plus,150kplus,249734.2626019695,4,700,124.0863595,700.0,4000.0,360010007004000.0,POINT (-73.76756596653551 42.66642162008113),1,0.1875,0.16666666666666666,0.5
72567,70023,7002,25to44,75to100k,94500.54452162556,4,700,124.0863595,700.0,2005.0,360010007002005.0,POINT (-73.76705017014685 42.66686529322178),0,0.4375,-0.16666666666666666,1.0
72568,70027,7002,45to54,less75k,47839.86736955396,3,700,105.21587450000001,700.0,2005.0,360010007002005.0,POINT (-73.76683681900022 42.66653000115763),0,0.0625,-0.5,0.5
72569,70030,7002,45to54,less75k,68436.73901115716,2,700,101.029416,700.0,2005.0,360010007002005.0,POINT (-73.76499815679777 42.66525469946509),0,0.3125,-1.0,0.5
72570,70031,7002,45to54,less75k,26189.68119941797,2,700,101.029416,700.0,2005.0,360010007002005.0,POINT (-73.76525159681499 42.66600296254111),0,0.3125,0.0,-0.25
72571,70037,7002,45to54,75to100k,85172.38691192941,4,700,124.0863595,700.0,2005.0,360010007002005.0,POINT (-73.76668905069141 42.66622271399181),0,0.5625,0.0,0.25
72572,70038,7002,45to54,75to100k,91567.23312160283,4,700,124.0863595,700.0,2005.0,360010007002005.0,POINT (-73.76506726491758 42.66625793632505),0,0.8125,-0.6666666666666666,1.0
72573,70059,7002,25to44,less75k,40441.473217709645,3,700,105.21587450000001,700.0,2005.0,360010007002005.0,POINT (-73.76752131213264 42.66664464556948),0,0.75,-0.6666666666666666,1.0
72574,70064,7002,25to44,150kplus,170989.7202526592,4,700,124.0863595,700.0,2005.0,360010007002005.0,POINT (-73.76550251206011 42.66588085543547),0,0.0625,0.0,0.25
72575,70067,7002,45to54,less75k,46820.33278930803,1,700,110.040484,700.0,2005.0,360010007002005.0,POINT (-73.76725914523017 42.66705430980423),0,0.9375,-0.8333333333333334,0.0
72576,70069,7002,45to54,less75k,29959.85012733665,3,700,105.21587450000001,700.0,2005.0,360010007002005.0,POINT (-73.76689309653392 42.66630723999851),0,0.5625,-0.6666666666666666,0.5
72577,70072,7002,45to54,less75k,55735.245610628655,2,700,101.029416,700.0,2005.0,360010007002005.0,POINT (-73.76662848894425 42.66684356687136),0,0.4375,-0.16666666666666666,0.0
72578,70075,7002,45to54,75to100k,78768.27114763657,4,700,124.0863595,700.0,2005.0,360010007002005.0,POINT (-73.76726206760269 42.66699328199231),0,0.25,-0.5,0.5
72579,70077,7002,45to54,100to150k,103540.21545857149,4,700,124.0863595,700.0,2005.0,360010007002005.0,POINT (-73.76685319792499 42.66720249749713),0,0.25,0.0,1.0
72580,70085,7002,65plus,less75k,53530.24045833036,1,700,110.040484,700.0,2005.0,360010007002005.0,POINT (-73.76537974035689 42.66575626221373),0,-0.1875,-0.3333333333333333,1.0
72581,70086,7002,65plus,less75k,23435.69675893898,2,700,101.029416,700.0,2005.0,360010007002005.0,POINT (-73.76562783574387 42.66641098147866),0,-0.0625,-0.6666666666666666,0.0
72582,70088,7002,65plus,75to100k,91836.2527036759,4,700,124.0863595,700.0,2005.0,360010007002005.0,POINT (-73.76600738434442 42.66581479455986),0,0.5625,-0.3333333333333333,0.25
72583,70099,7002,45to54,75to100k,81320.5265950555,4,700,124.0863595,700.0,2005.0,360010007002005.0,POINT (-73.76641177913294 42.66701487845835),1,0.0,-0.16666666666666666,0.5
72584,70103,7002,55to64,75to100k,96625.06796444484,4,700,124.0863595,700.0,2005.0,360010007002005.0,POINT (-73.76683659910663 42.66636023079705),1,0.4375,0.16666666666666666,0.75
72585,70107,7002,65plus,less75k,26237.702047039333,3,700,105.21587450000001,700.0,2005.0,360010007002005.0,POINT (-73.76719314152534 42.66642415104084),1,0.3125,-0.16666666666666666,0.5
72586,70124,7002,45to54,100to150k,104162.81984747577,4,700,124.0863595,700.0,2005.0,360010007002005.0,POINT (-73.76625569782338 42.66587369132717),1,0.125,-0.5,0.5
72587,70131,7002,65plus,less75k,71698.99537733207,2,700,101.029416,700.0,2005.0,360010007002005.0,POINT (-73.76635611489563 42.66627141756982),1,0.5,-0.6666666666666666,0.0
72588,70135,7002,65plus,150kplus,270787.99094363675,4,700,124.0863595,700.0,2005.0,360010007002005.0,POINT (-73.76648497211986 42.66662147659034),1,0.375,0.16666666666666666,0.75
72589,70140,7002,25to44,150kplus,211707.6398931796,4,700,124.0863595,700.0,2005.0,360010007002005.0,POINT (-73.76611729240493 42.66584441120425),1,0.375,-0.16666666666666666,0.5
72590,70150,7002,55to64,75to100k,85680.8086559364,4,700,124.0863595,700.0,2005.0,360010007002005.0,POINT (-73.76472960064211 42.66546473128823),1,0.0625,-0.3333333333333333,0.75
72591,70151,7002,55to64,100to150k,139265.24696388713,4,700,124.0863595,700.0,2005.0,360010007002005.0,POINT (-73.76602615932485 42.66651114213797),1,0.25,-0.6666666666666666,0.75
72592,70153,7002,65plus,less75k,65137.77133769143,2,700,101.029416,700.0,2005.0,360010007002005.0,POINT (-73.76534526488591 42.66587097289024),1,0.3125,-0.5,0.25
72593,70155,7002,65plus,75to100k,75246.0089503998,4,700,124.0863595,700.0,2005.0,360010007002005.0,POINT (-73.76688653698909 42.66712680450993),1,0.9375,-0.16666666666666666,0.5
72594,70156,7002,65plus,100to150k,110779.47658658118,4,700,124.0863595,700.0,2005.0,360010007002005.0,POINT (-73.76581819338128 42.66626354813928),1,0.5,-0.16666666666666666,0.5
72626,24947,7004,45to54,less75k,63706.12996597852,1,700,110.040484,700.0,4003.0,360010007004003.0,POINT (-73.76412144897915 42.66418529258414),0,0.125,-0.8333333333333334,0.75
72627,24968,7004,45to54,150kplus,232560.5400523745,4,700,124.0863595,700.0,4003.0,360010007004003.0,POINT (-73.76292509012424 42.66371473720202),0,0.375,-0.16666666666666666,0.25
72628,24970,7004,55to64,less75k,72910.3592446826,3,700,105.21587450000001,700.0,4003.0,360010007004003.0,POINT (-73.76475945114112 42.66414029656807),0,0.5,-0.6666666666666666,1.0
72629,24974,7004,55to64,75to100k,89340.32462181828,4,700,124.0863595,700.0,4003.0,360010007004003.0,POINT (-73.76484474014629 42.6640925419729),0,0.125,0.0,0.0
72630,24982,7004,65plus,less75k,58519.537310404696,2,700,101.029416,700.0,4003.0,360010007004003.0,POINT (-73.76465867693244 42.66419513942295),0,0.375,-0.16666666666666666,1.0
72631,25000,7004,45to54,less75k,57744.78614535683,2,700,101.029416,700.0,4003.0,360010007004003.0,POINT (-73.76449821830215 42.66426449949416),1,0.5,0.0,0.5
72632,25006,7004,45to54,75to100k,76423.60489301673,4,700,124.0863595,700.0,4003.0,360010007004003.0,POINT (-73.76308389236593 42.66386713355742),1,0.125,-0.6666666666666666,0.5
72633,25012,7004,55to64,less75k,55542.725827415714,3,700,105.21587450000001,700.0,4003.0,360010007004003.0,POINT (-73.7636802018132 42.66402524659679),1,0.125,-0.16666666666666666,1.0
72634,25013,7004,55to64,75to100k,85992.58013197707,4,700,124.0863595,700.0,4003.0,360010007004003.0,POINT (-73.76431071763353 42.66410057259149),1,0.0625,-0.5,0.25
72635,25016,7004,65plus,less75k,31070.74820224101,1,700,110.040484,700.0,4003.0,360010007004003.0,POINT (-73.76332240035981 42.66334356434056),1,0.125,-0.5,0.0
72636,24962,7004,45to54,75to100k,78225.32842808498,4,700,124.0863595,700.0,4002.0,360010007004002.0,POINT (-73.76577858357479 42.66346352520377),0,0.375,-0.3333333333333333,0.25
72637,24964,7004,45to54,75to100k,80277.63773521676,4,700,124.0863595,700.0,4002.0,360010007004002.0,POINT (-73.76426675166353 42.66272795870569),0,0.5,-1.0,0.25
72638,24966,7004,45to54,100to150k,141884.47182671618,4,700,124.0863595,700.0,4002.0,360010007004002.0,POINT (-73.76586907075747 42.66375383987451),0,0.0625,-0.3333333333333333,0.5
72639,24969,7004,55to64,less75k,39715.967750375006,3,700,105.21587450000001,700.0,4002.0,360010007004002.0,POINT (-73.76449876899513 42.66309034558332),0,0.0,-0.16666666666666666,0.75
72640,24978,7004,65plus,less75k,73254.02320140915,1,700,110.040484,700.0,4002.0,360010007004002.0,POINT (-73.76487568992344 42.66327104112636),0,-0.3125,-0.8333333333333334,-0.5
72641,24980,7004,65plus,less75k,28767.07453998672,1,700,110.040484,700.0,4002.0,360010007004002.0,POINT (-73.76381686401621 42.66307973409253),0,0.4375,-0.6666666666666666,0.25
72642,24985,7004,65plus,less75k,24419.974500266533,2,700,101.029416,700.0,4002.0,360010007004002.0,POINT (-73.76436988248251 42.66304345838287),0,0.0625,-1.0,0.0
72643,24990,7004,65plus,75to100k,92954.66059458462,4,700,124.0863595,700.0,4002.0,360010007004002.0,POINT (-73.76602043415166 42.66387850388588),0,-0.375,-0.3333333333333333,0.25
72644,24994,7004,65plus,100to150k,133671.42122456167,4,700,124.0863595,700.0,4002.0,360010007004002.0,POINT (-73.76460880251409 42.66309658995523),0,-0.3125,-0.5,0.5
72645,25009,7004,45to54,150kplus,297315.14854214014,4,700,124.0863595,700.0,4002.0,360010007004002.0,POINT (-73.76488290868797 42.66324129219026),1,0.375,0.5,0.5
72646,25018,7004,65plus,less75k,40901.72713399843,1,700,110.040484,700.0,4002.0,360010007004002.0,POINT (-73.76603265717502 42.66397788882359),1,0.5,-0.5,0.0
72647,24681,7003,25to44,less75k,53559.8913264504,1,700,110.040484,700.0,3008.0,360010007003008.0,POINT (-73.76322344502859 42.6644777854842),0,0.625,-0.3333333333333333,0.25
72648,24696,7003,45to54,less75k,72858.70155615246,2,700,101.029416,700.0,3008.0,360010007003008.0,POINT (-73.76290450767677 42.6642113441337),0,0.3125,-0.16666666666666666,0.75
72649,24697,7003,45to54,less75k,37144.563323236725,3,700,105.21587450000001,700.0,3008.0,360010007003008.0,POINT (-73.76378065776986 42.66439460941338),0,0.25,-0.16666666666666666,0.5
72650,24711,7003,55to64,less75k,54288.15030680999,1,700,110.040484,700.0,3008.0,360010007003008.0,POINT (-73.76428365948462 42.66505704072268),0,0.125,-0.16666666666666666,0.25
72651,24716,7003,55to64,less75k,74982.62926985521,2,700,101.029416,700.0,3008.0,360010007003008.0,POINT (-73.76286123201982 42.66459242761766),0,0.3125,-0.3333333333333333,1.0
72652,24732,7003,55to64,100to150k,140747.40853687964,4,700,124.0863595,700.0,3008.0,360010007003008.0,POINT (-73.7634461881423 42.66467223711851),0,0.5625,-0.3333333333333333,0.25
72653,24736,7003,65plus,less75k,72765.46144627762,3,700,105.21587450000001,700.0,3008.0,360010007003008.0,POINT (-73.76481593779833 42.66505324840475),0,-0.3125,-0.3333333333333333,0.5
72654,24754,7003,65plus,75to100k,83804.52020705534,4,700,124.0863595,700.0,3008.0,360010007003008.0,POINT (-73.76440963811672 42.66555055613124),0,-0.25,-0.3333333333333333,0.0
72655,24759,7003,65plus,150kplus,195536.86086670254,4,700,124.0863595,700.0,3008.0,360010007003008.0,POINT (-73.76384483672985 42.66475490822527),0,-0.0625,0.16666666666666666,0.0
72656,24762,7003,25to44,less75k,65171.73978292613,3,700,105.21587450000001,700.0,3008.0,360010007003008.0,POINT (-73.76431214527967 42.66483330979368),0,0.8125,-0.6666666666666666,-0.25
72657,24786,7003,45to54,75to100k,76201.10664104273,4,700,124.0863595,700.0,3008.0,360010007003008.0,POINT (-73.7631537791742 42.66425469362676),0,0.5,0.0,1.0
72658,24794,7003,45to54,150kplus,258774.4490069484,4,700,124.0863595,700.0,3008.0,360010007003008.0,POINT (-73.7633793449655 42.66468890387351),0,0.375,0.0,0.75
72659,24797,7003,55to64,less75k,41122.47253108791,1,700,110.040484,700.0,3008.0,360010007003008.0,POINT (-73.76294578758419 42.66423955372557),0,0.4375,-0.16666666666666666,0.5
72660,24817,7003,55to64,75to100k,81431.05856942144,4,700,124.0863595,700.0,3008.0,360010007003008.0,POINT (-73.7633919928294 42.66417487186833),0,0.0,-0.6666666666666666,0.5
72661,24829,7003,55to64,150kplus,181771.57214404954,4,700,124.0863595,700.0,3008.0,360010007003008.0,POINT (-73.76359916565865 42.66460092906654),0,0.0625,-0.3333333333333333,0.5
72662,24837,7003,65plus,less75k,71691.19654583163,1,700,110.040484,700.0,3008.0,360010007003008.0,POINT (-73.76444656798724 42.66557024866974),0,0.5,-0.3333333333333333,0.25
72663,24845,7003,65plus,less75k,73187.73014821013,3,700,105.21587450000001,700.0,3008.0,360010007003008.0,POINT (-73.76380728129199 42.6645135702536),0,0.0625,-0.6666666666666666,0.0
72664,24849,7003,65plus,less75k,37242.19022726074,3,700,105.21587450000001,700.0,3008.0,360010007003008.0,POINT (-73.7639957271677 42.66532393257655),0,-0.5,-0.6666666666666666,0.0
72665,24854,7003,65plus,75to100k,86427.83517611622,4,700,124.0863595,700.0,3008.0,360010007003008.0,POINT (-73.76299770491026 42.66441346387877),0,-0.375,-0.16666666666666666,1.0
72666,24858,7003,65plus,100to150k,136224.88607439515,4,700,124.0863595,700.0,3008.0,360010007003008.0,POINT (-73.76422612207631 42.66571979394084),0,0.4375,0.0,0.75
72667,24880,7003,65plus,100to150k,108457.23601733176,4,700,124.0863595,700.0,3008.0,360010007003008.0,POINT (-73.76356972572147 42.66461266605006),1,0.3125,-0.5,0.5
72668,24884,7003,25to44,75to100k,98764.5206340884,4,700,124.0863595,700.0,3008.0,360010007003008.0,POINT (-73.76338193734117 42.66462963249779),1,1.0,-0.6666666666666666,0.25
72669,24888,7003,45to54,less75k,45957.631057258,2,700,101.029416,700.0,3008.0,360010007003008.0,POINT (-73.76339915415521 42.664639809936),1,0.625,-0.16666666666666666,0.0
72670,24899,7003,55to64,less75k,55684.34175882358,3,700,105.21587450000001,700.0,3008.0,360010007003008.0,POINT (-73.76442717924471 42.66537149516297),1,0.625,-0.3333333333333333,0.5
72671,24906,7003,65plus,less75k,25514.997713694615,1,700,110.040484,700.0,3008.0,360010007003008.0,POINT (-73.76257725727588 42.66467478234025),1,0.0,-0.5,-0.5
72672,24922,7003,45to54,less75k,60456.561772678426,2,700,101.029416,700.0,3008.0,360010007003008.0,POINT (-73.76299988027419 42.66444058500089),1,0.375,0.0,0.0
72673,24929,7003,55to64,less75k,43474.306351627056,2,700,101.029416,700.0,3008.0,360010007003008.0,POINT (-73.76391018780289 42.66546029273512),1,0.3125,-0.16666666666666666,0.25
72674,24932,7003,55to64,less75k,34278.4553043216,3,700,105.21587450000001,700.0,3008.0,360010007003008.0,POINT (-73.76409870594841 42.66459413379481),1,0.1875,0.0,0.5
72675,24933,7003,55to64,less75k,37252.236708567165,1,700,110.040484,700.0,3008.0,360010007003008.0,POINT (-73.76387488734343 42.66476847762655),1,0.625,-0.16666666666666666,0.5
72676,24708,7003,55to64,less75k,67718.23277602857,3,700,105.21587450000001,700.0,3006.0,360010007003006.0,POINT (-73.76175770374958 42.66538145376735),0,0.875,0.0,0.5
72677,24720,7003,55to64,less75k,62306.21003869157,1,700,110.040484,700.0,3006.0,360010007003006.0,POINT (-73.76255058442591 42.66565880508067),0,0.0,0.16666666666666666,0.0
72678,24751,7003,65plus,75to100k,81935.61474623242,4,700,124.0863595,700.0,3006.0,360010007003006.0,POINT (-73.7624963962387 42.6658149689607),0,0.0,-0.16666666666666666,0.5
72679,24756,7003,65plus,100to150k,135925.90660468733,4,700,124.0863595,700.0,3006.0,360010007003006.0,POINT (-73.76356786009075 42.66638109156224),0,-0.0625,0.0,1.0
72680,24784,7003,45to54,less75k,49037.42132377831,3,700,105.21587450000001,700.0,3006.0,360010007003006.0,POINT (-73.76349931526028 42.66612008246145),0,-0.25,-0.6666666666666666,0.5
72681,24802,7003,55to64,less75k,42416.813182371836,1,700,110.040484,700.0,3006.0,360010007003006.0,POINT (-73.76334747749817 42.6663211557731),0,-0.375,-0.3333333333333333,0.25
72682,24812,7003,55to64,less75k,29694.254783325912,1,700,110.040484,700.0,3006.0,360010007003006.0,POINT (-73.76251706453472 42.66579507952588),0,-0.625,-0.16666666666666666,0.0
72683,24818,7003,55to64,75to100k,85092.8986533898,4,700,124.0863595,700.0,3006.0,360010007003006.0,POINT (-73.76312734645825 42.66575226710511),0,0.375,-0.16666666666666666,0.0
72684,24850,7003,65plus,75to100k,85863.14251503813,4,700,124.0863595,700.0,3006.0,360010007003006.0,POINT (-73.76363443921645 42.66601296219692),0,-0.125,0.0,0.5
72685,24851,7003,65plus,75to100k,80729.59532154941,4,700,124.0863595,700.0,3006.0,360010007003006.0,POINT (-73.7626037046312 42.66567530941937),0,0.5,-0.3333333333333333,-0.25
72686,24852,7003,65plus,75to100k,91128.46772585895,4,700,124.0863595,700.0,3006.0,360010007003006.0,POINT (-73.76177213811012 42.66538487626676),0,0.625,-1.0,-0.25
72687,24869,7003,45to54,75to100k,94700.43546461352,4,700,124.0863595,700.0,3006.0,360010007003006.0,POINT (-73.76342411013962 42.66624265622937),1,0.6875,-0.16666666666666666,0.0
72688,24897,7003,55to64,less75k,28190.55580473128,2,700,101.029416,700.0,3006.0,360010007003006.0,POINT (-73.76271829391177 42.66555657299759),1,0.5,-0.3333333333333333,0.0
72689,24938,7003,65plus,less75k,73555.97615477063,2,700,101.029416,700.0,3006.0,360010007003006.0,POINT (-73.76305325303552 42.66621375965806),1,0.3125,-0.8333333333333334,-0.5
72690,24945,7003,65plus,100to150k,120265.13917288494,4,700,124.0863595,700.0,3006.0,360010007003006.0,POINT (-73.76188667469007 42.6650962152017),1,0.125,-0.16666666666666666,0.25
